mtllib cnt-40.mtl
v 13.57157612 2.247195244 2.937458515
vn 0.9992160201 0.0395899117 -2.424182859e-18
v 13.57157612 1.858177304 2.937458515
vn 0.9885518551 -0.1508814096 9.238821621e-18
v 13.57157612 1.858177304 1.647006631
vn 0.9992160797 -0.03958848491 2.424095592e-18
v 13.57157612 2.247195244 1.647006631
vn 0.9885510802 0.1508867294 -9.23914753e-18
v 13.57157612 -1.625938773 3.456982613
vn 0.9990959764 -0.04251131415 2.603067284e-18
v 13.57157612 -1.263697863 3.456982613
vn 0.986831367 0.1617525965 -9.904489428e-18
v 13.57157612 -1.263697863 4.747424126
vn 0.9990959764 0.0425112918 -2.603065837e-18
v 13.57157612 -1.625938773 4.747424126
vn 0.9868313074 -0.161752671 9.904494391e-18
v 13.5542593 1.858177304 6.718412399
vn 0.9999809265 -0.005546860397 0.002709398046
v 13.5542593 -1.263697863 6.718412399
vn 0.9998885989 0.005546348169 0.01385927759
v 13.5542593 -1.263697863 6.32020092
vn 0.9993627071 0.005879708566 -0.03520865738
v 13.5542593 1.858177304 6.32020092
vn 0.9901950359 -0.006454751361 -0.139542684
v 13.5542593 -1.263697863 -0.2320477664
vn 0.9999819994 0.005546865985 -0.00229586265
v 13.5542593 1.858177304 -0.2320477664
vn 0.9998928905 -0.005546371918 -0.01354438532
v 13.5542593 1.858177304 0.2055441588
vn 0.9994695783 -0.005812158342 0.03204355389
v 13.5542593 -1.263697863 0.2055441588
vn 0.9918575287 0.006270204671 0.1271980256
v 13.57157612 2.247195244 6.718412399
vn 0.9962758422 0.07747477293 0.03784302995
v 13.57157612 1.858177304 6.718412399
vn 0.9919720888 -0.04415713623 0.1184967533
v 13.57157612 1.858177304 6.32020092
vn 0.9990106821 -0.0444704555 2.723030186e-18
v 13.57157612 2.247195244 6.32020092
vn 0.997174859 0.07511505485 -4.599470794e-18
v 13.57157612 1.858177304 -0.2320477664
vn 0.9988155961 -0.04446176812 -0.0197631903
v 13.57157612 2.247195244 -0.2320477664
vn 0.9911858439 0.07707895339 -0.1077474058
v 13.57157612 2.247195244 0.2055441588
vn 0.9969106913 0.07854357362 -4.809406752e-18
v 13.57157612 1.858177304 0.2055441588
vn 0.9990600348 -0.04334741831 2.654263974e-18
v 13.57157612 -1.625938773 -0.2320477664
vn 0.995940268 -0.08317371458 -0.03442582116
v 13.57157612 -1.263697863 -0.2320477664
vn 0.9930226207 0.04747146741 -0.1079470739
v 13.57157612 -1.263697863 0.2055441588
vn 0.9988592863 0.04775049165 -2.923874395e-18
v 13.57157612 -1.625938773 0.2055441588
vn 0.9967033863 -0.08113139868 4.967865606e-18
v 13.57157612 -1.263697863 6.718412399
vn 0.9986237884 0.04773923382 0.02171345428
v 13.57157612 -1.625938773 6.718412399
vn 0.9895442724 -0.08263956755 0.118206732
v 13.57157612 -1.625938773 6.32020092
vn 0.9964165688 -0.08458140492 5.179117195e-18
v 13.57157612 -1.263697863 6.32020092
vn 0.9989295602 0.04625762254 -2.832462459e-18
v 13.54132462 2.247195244 -0.2320477664
vn 0 0.9137932062 -0.4061797261
v 13.54132462 2.247195244 0.2055441588
vn 0 1 -6.123234263e-17
v 13.54132462 2.247195244 2.937458515
vn 0 1 -6.123234263e-17
v 13.54132462 2.247195244 1.647006631
vn 0 1 -6.123234263e-17
v 13.54132462 2.247195244 6.32020092
vn 0 1 -6.123234263e-17
v 13.54132462 2.247195244 6.718412399
vn 0 0.5455709696 0.838064611
v 13.54132462 1.858177304 3.456982613
vn 0 -1 6.123234263e-17
v 13.57157612 1.858177304 3.456982613
vn 0.9992160201 -0.03958991542 2.424183066e-18
v 13.57157612 1.858177304 4.747424126
vn 0.9885518551 -0.1508814543 9.238824929e-18
v 13.54132462 1.858177304 4.747424126
vn 0 -1 6.123234263e-17
v 13.54132462 -1.625938773 6.718412399
vn 0 -0.9102672935 0.414021045
v 13.54132462 -1.625938773 6.32020092
vn 0 -1 6.123234263e-17
v 13.54132462 -1.625938773 3.456982613
vn 0 -1 6.123234263e-17
v 13.54132462 -1.625938773 4.747424126
vn 0 -1 6.123234263e-17
v 13.54132462 -1.625938773 0.2055441588
vn 0 -1 6.123234263e-17
v 13.54132462 -1.625938773 -0.2320477664
vn 0 -0.6092206836 -0.7930006981
v 13.54132462 -1.263697863 2.937458515
vn 0 1 -6.123234263e-17
v 13.57157612 -1.263697863 2.937458515
vn 0.9990959764 0.0425113067 -2.603066871e-18
v 13.57157612 -1.263697863 1.647006631
vn 0.9868304133 0.1617582887 -9.904838499e-18
v 13.54132462 -1.263697863 1.647006631
vn 0 1 -6.123234263e-17
v 13.52620029 -1.263697863 3.456982613
vn 0.9999881387 0.002490333049 -0.004186885431
v 13.52620029 1.858177304 3.456982613
vn 0.9998197556 -0.009506720118 -0.01643249393
v 13.52620029 1.858177304 4.747424126
vn 0.9999881387 -0.002490331419 0.004186886363
v 13.52620029 -1.263697863 4.747424126
vn 0.9998197556 0.009506723844 0.01643250324
v 13.57157612 2.247195244 6.306890011
vn 0.9992159605 0.03959068656 -2.424230422e-18
v 13.57157612 1.858177304 6.306890011
vn 0.9928363562 -0.1194820628 7.316166018e-18
v 13.57157612 1.858177304 5.263819695
vn 0.9992242455 -0.03938151151 2.411422151e-18
v 13.57157612 2.247195244 5.263819695
vn 0.9885523319 0.1508783996 -9.238637159e-18
v 13.57157612 2.247195244 4.747424126
vn 0.9992160201 0.03958990052 -2.424182239e-18
v 13.57157612 2.247195244 3.456982613
vn 0.9885518551 0.1508813947 -9.238820793e-18
v 13.57157612 1.858177304 0.2172061056
vn 0.9997381568 -0.02288142592 1.401083278e-18
v 13.57157612 2.247195244 0.2172061056
vn 0.9885517359 0.1508821398 -9.238866288e-18
v 13.57157612 2.247195244 1.132270813
vn 0.9992160201 0.03958971798 -2.424171072e-18
v 13.57157612 1.858177304 1.132270813
vn 0.9928537607 -0.1193374097 7.307308568e-18
v 13.57157612 -1.625938773 0.2172061056
vn 0.9990959764 -0.04251109809 2.603054049e-18
v 13.57157612 -1.263697863 0.2172061056
vn 0.9917513728 0.1281766593 -7.848556831e-18
v 13.57157612 -1.263697863 1.132270813
vn 0.9991055131 0.04228650779 -2.589301758e-18
v 13.57157612 -1.625938773 1.132270813
vn 0.9868311882 -0.1617533863 9.904538232e-18
v 13.57157612 -1.625938773 1.647006631
vn 0.999096036 -0.04250977561 2.602972986e-18
v 13.57157612 -1.625938773 2.937458515
vn 0.986831367 -0.1617526114 9.904490256e-18
v 13.57157612 -1.263697863 6.306890011
vn 0.9996980429 0.02457244322 -1.504628196e-18
v 13.57157612 -1.625938773 6.306890011
vn 0.9868318439 -0.1617495269 9.904301658e-18
v 13.57157612 -1.625938773 5.263819695
vn 0.9990959764 -0.0425121747 2.60311981e-18
v 13.57157612 -1.263697863 5.263819695
vn 0.9917720556 0.128016308 -7.838738197e-18
v 13.54132462 2.247195244 6.306890011
vn 0 1 -6.123234263e-17
v 13.54132462 2.247195244 5.263819695
vn 0 1 -6.123234263e-17
v 13.54132462 2.247195244 4.747424126
vn 0 1 -6.123234263e-17
v 13.54132462 2.247195244 3.456982613
vn 0 1 -6.123234263e-17
v 13.54132462 2.247195244 0.2172061056
vn 0 1 -6.123234263e-17
v 13.54132462 2.247195244 1.132270813
vn 0 1 -6.123234263e-17
v 13.55409908 1.858177304 0.2172061056
vn 0 -1 6.123234263e-17
v 13.54148674 1.858177304 1.132270813
vn 0 -1 6.123234263e-17
v 13.54132462 1.858177304 1.647006631
vn 0 -1 6.123234263e-17
v 13.54132462 1.858177304 2.937458515
vn 0 -1 6.123234263e-17
v 13.55409908 1.858177304 6.306890011
vn 0 -1 6.123234263e-17
v 13.54148674 1.858177304 5.263819695
vn 0 -1 6.123234263e-17
v 13.54132462 -1.625938773 0.2172061056
vn 0 -1 6.123234263e-17
v 13.54132462 -1.625938773 1.132270813
vn 0 -1 6.123234263e-17
v 13.54132462 -1.625938773 1.647006631
vn 0 -1 6.123234263e-17
v 13.54132462 -1.625938773 2.937458515
vn 0 -1 6.123234263e-17
v 13.54132462 -1.625938773 6.306890011
vn 0 -1 6.123234263e-17
v 13.54132462 -1.625938773 5.263819695
vn 0 -1 6.123234263e-17
v 13.55409908 -1.263697863 6.306890011
vn 0 1 -6.123234263e-17
v 13.54148674 -1.263697863 5.263819695
vn 0 1 -6.123234263e-17
v 13.54132462 -1.263697863 4.747424126
vn 0 1 -6.123234263e-17
v 13.54132462 -1.263697863 3.456982613
vn 0 1 -6.123234263e-17
v 13.55409908 -1.263697863 0.2172061056
vn 0 1 -6.123234263e-17
v 13.54148674 -1.263697863 1.132270813
vn 0 1 -6.123234263e-17
v 13.52620029 -1.263697863 0.2172061056
vn 0.9999896288 0.00455448078 -2.788815137e-19
v 13.52620029 1.858177304 0.2172061056
vn 0.9999060631 -0.01370822918 8.393869033e-19
v 13.52620029 1.858177304 1.120630026
vn 0.9999862909 -0.002544423798 0.004578369204
v 13.52620029 -1.263697863 1.120630026
vn 0.9997532368 0.01350592449 0.01763556525
v 13.52620029 -1.263697863 1.647006631
vn 0.999991715 0.002485156758 -0.003226072993
v 13.52620029 1.858177304 1.647006631
vn 0.9998746514 -0.009507585317 -0.01266264822
v 13.52620029 1.858177304 2.937458515
vn 0.9999930859 -0.002482824726 0.002759733237
v 13.52620029 -1.263697863 2.937458515
vn 0.9998961091 0.009507447481 0.01083204709
v 13.52620029 1.858177304 6.306890011
vn 0.9999896288 -0.00455391407 2.788468238e-19
v 13.52620029 -1.263697863 6.306890011
vn 0.9999069571 0.01363985054 -8.351999735e-19
v 13.52620029 -1.263697863 5.268863201
vn 0.9999843836 0.002529736375 -0.004981374834
v 13.52620029 1.858177304 5.268863201
vn 0.9997191429 -0.01359927934 -0.01940990053
v 13.57157612 2.247195244 4.763874054
vn 0.9992449284 0.03885283321 -2.379050024e-18
v 13.57157612 2.247195244 5.250508308
vn 0.9881204963 0.153681159 -9.410257284e-18
v 13.57157612 1.858177304 5.250508308
vn 0.9992449284 -0.03885283321 2.379050024e-18
v 13.57157612 1.858177304 4.763874054
vn 0.9881204963 -0.153681159 9.410257284e-18
v 13.57157612 2.247195244 2.95390892
vn 0.9992449284 0.03885283321 -2.379050024e-18
v 13.57157612 2.247195244 3.440532207
vn 0.9881204963 0.153681159 -9.410257284e-18
v 13.57157612 1.858177304 3.440532207
vn 0.9992449284 -0.03885283321 2.379050024e-18
v 13.57157612 1.858177304 2.95390892
vn 0.9881204963 -0.153681159 9.410257284e-18
v 13.57157612 1.858177304 1.630588293
vn 0.9992449284 -0.03885283321 2.379050024e-18
v 13.57157612 1.858177304 1.143932819
vn 0.9881219268 -0.1536717415 9.409680739e-18
v 13.57157612 2.247195244 1.143932819
vn 0.9992449284 0.03885283321 -2.379050024e-18
v 13.57157612 2.247195244 1.630588293
vn 0.9881204963 0.153681159 -9.410257284e-18
v 13.57157612 -1.625938773 1.630588293
vn 0.999129355 -0.04172002152 2.554614559e-18
v 13.57157612 -1.625938773 1.143932819
vn 0.9863364697 -0.164743349 1.00876206e-17
v 13.57157612 -1.263697863 1.143932819
vn 0.999129355 0.04172002152 -2.554614559e-18
v 13.57157612 -1.263697863 1.630588293
vn 0.9863364697 0.164743349 -1.00876206e-17
v 13.57157612 -1.625938773 3.440532207
vn 0.999129355 -0.04172002152 2.554614559e-18
v 13.57157612 -1.625938773 2.95390892
vn 0.9863364697 -0.164743349 1.00876206e-17
v 13.57157612 -1.263697863 2.95390892
vn 0.999129355 0.04172002152 -2.554614559e-18
v 13.57157612 -1.263697863 3.440532207
vn 0.9863364697 0.164743349 -1.00876206e-17
v 13.57157612 -1.263697863 4.763874054
vn 0.999129355 0.04172002152 -2.554614559e-18
v 13.57157612 -1.263697863 5.250508308
vn 0.986338377 0.1647319198 -1.00869208e-17
v 13.57157612 -1.625938773 5.250508308
vn 0.999129355 -0.04172002152 2.554614559e-18
v 13.57157612 -1.625938773 4.763874054
vn 0.9863364697 -0.164743349 1.00876206e-17
v 13.54132462 2.247195244 4.763874054
vn 0 1 -6.123234263e-17
v 13.54132462 2.247195244 5.250508308
vn 0 1 -6.123234263e-17
v 13.54132462 2.247195244 2.95390892
vn 0 1 -6.123234263e-17
v 13.54132462 2.247195244 3.440532207
vn 0 1 -6.123234263e-17
v 13.54132462 2.247195244 1.143932819
vn 0 1 -6.123234263e-17
v 13.54132462 2.247195244 1.630588293
vn 0 1 -6.123234263e-17
v 13.54132462 1.858177304 1.630588293
vn 0 -1 6.123234263e-17
v 13.54132462 1.858177304 1.143932819
vn 0 -1 6.123234263e-17
v 13.54132462 1.858177304 3.440532207
vn 0 -1 6.123234263e-17
v 13.54132462 1.858177304 2.95390892
vn 0 -1 6.123234263e-17
v 13.54132462 1.858177304 5.250508308
vn 0 -1 6.123234263e-17
v 13.54132462 1.858177304 4.763874054
vn 0 -1 6.123234263e-17
v 13.54132462 -1.625938773 1.630588293
vn 0 -1 6.123234263e-17
v 13.54132462 -1.625938773 1.143932819
vn 0 -1 6.123234263e-17
v 13.54132462 -1.625938773 3.440532207
vn 0 -1 6.123234263e-17
v 13.54132462 -1.625938773 2.95390892
vn 0 -1 6.123234263e-17
v 13.54132462 -1.625938773 5.250508308
vn 0 -1 6.123234263e-17
v 13.54132462 -1.625938773 4.763874054
vn 0 -1 6.123234263e-17
v 13.54132462 -1.263697863 4.763874054
vn 0 1 -6.123234263e-17
v 13.54132462 -1.263697863 5.250508308
vn 0 1 -6.123234263e-17
v 13.54132462 -1.263697863 2.95390892
vn 0 1 -6.123234263e-17
v 13.54132462 -1.263697863 3.440532207
vn 0 1 -6.123234263e-17
v 13.54132462 -1.263697863 1.143932819
vn 0 1 -6.123234263e-17
v 13.54132462 -1.263697863 1.630588293
vn 0 1 -6.123234263e-17
v 13.40644836 -1.263697863 1.540792823
vn 0.9628043175 0.003152363002 -0.2701812983
v 13.40644836 -1.263697863 1.23370707
vn 0.9627723694 0.008273955435 0.2701867521
v 13.40644836 1.858177304 1.23370707
vn 0.9628005624 -0.003152201185 0.2701946497
v 13.40644836 1.858177304 1.540792823
vn 0.9627761245 -0.008273795247 -0.2701734006
v 13.40644836 -1.263697863 3.350768805
vn 0.9643614292 0.00324439723 -0.2645684481
v 13.40644836 -1.263697863 3.043672323
vn 0.9620047808 0.008267485537 0.2729073763
v 13.40644836 1.858177304 3.043672323
vn 0.9620330334 -0.003107380122 0.2729153931
v 13.40644836 1.858177304 3.350768805
vn 0.964333415 -0.008287497796 -0.2645607591
v 13.40644836 1.858177304 4.853648186
vn 0.9643614888 -0.003244505264 0.2645683289
v 13.40644836 1.858177304 5.160734177
vn 0.9640591741 -0.008285015821 -0.2655583322
v 13.40644836 -1.263697863 5.160734177
vn 0.9640872478 0.003228155663 -0.265566051
v 13.40644836 -1.263697863 4.853648186
vn 0.964333415 0.008287372999 0.2645606399
v 13.51782131 1.858177304 1.630588293
vn 0.6467870474 -0.004336674698 -0.7626583576
v 13.51782131 -1.263697863 1.630588293
vn 0.6914282441 0.004508550279 -0.7224310637
v 13.42157364 -1.263697863 1.23370707
vn 0 1 -6.123234263e-17
v 13.42157364 -1.263697863 1.540792823
vn 0 1 -6.123234263e-17
v 13.51782131 -1.263697863 1.143932819
vn 0.659635663 0.004182684701 0.7515739202
v 13.51782131 1.858177304 1.143932819
vn 0.7287962437 -0.004549292848 0.6847155094
v 13.42157364 1.858177304 1.540792823
vn 0 -1 6.123234263e-17
v 13.42157364 1.858177304 1.23370707
vn 0 -1 6.123234263e-17
v 13.51532555 1.858177304 3.440532207
vn 0.6508033872 -0.004646279849 -0.7592321038
v 13.51532555 -1.263697863 3.440532207
vn 0.6845319867 0.004936249461 -0.7289661169
v 13.42157364 -1.263697863 3.043672323
vn 0 1 -6.123234263e-17
v 13.42157364 -1.263697863 3.350768805
vn 0 1 -6.123234263e-17
v 13.51903248 -1.263697863 2.95390892
vn 0.6447582245 0.004188208841 0.7643750906
v 13.51903248 1.858177304 2.95390892
vn 0.694942832 -0.004296831787 0.7190521359
v 13.42157364 1.858177304 3.350768805
vn 0 -1 6.123234263e-17
v 13.42157364 1.858177304 3.043672323
vn 0 -1 6.123234263e-17
v 13.51532555 -1.263697863 4.763874054
vn 0.6508436203 0.004646519665 0.7591975927
v 13.51532555 1.858177304 4.763874054
vn 0.6845613122 -0.004936541896 0.7289385796
v 13.42157364 1.858177304 5.160734177
vn 0 -1 6.123234263e-17
v 13.42157364 1.858177304 4.853648186
vn 0 -1 6.123234263e-17
v 13.5157671 1.858177304 5.250508308
vn 0.6537458301 -0.004360932391 -0.7567016482
v 13.5157671 -1.263697863 5.250508308
vn 0.6968304515 0.004876777995 -0.7172192931
v 13.42157364 -1.263697863 4.853648186
vn 0 1 -6.123234263e-17
v 13.42157364 -1.263697863 5.160734177
vn 0 1 -6.123234263e-17
v 13.52620029 -1.263697863 6.32020092
vn 0.2307904214 0.004136756994 -0.9729946852
v 13.52620029 1.858177304 6.32020092
vn 0.688282311 -0.003093082225 -0.7254363298
v 13.52620029 1.858177304 0.2055441588
vn 0.2034636885 -0.003646944417 0.9790757298
v 13.52620029 -1.263697863 0.2055441588
vn 0.6392348409 0.002872667275 0.7690061927
v 13.54153919 5.917973518 1.128567934
vn 0 -1 6.123234263e-17
v 13.54132462 5.917973518 1.159297705
vn 0 -1 6.123234263e-17
v 13.52082443 5.917973518 1.159297705
vn 0 -1 6.123234263e-17
v 13.54132462 5.917973518 1.615223289
vn 0 -1 6.123234263e-17
v 13.54132462 5.917973518 1.645953178
vn 0 -1 6.123234263e-17
v 13.52082443 5.917973518 1.615223289
vn 0 -1 6.123234263e-17
v 13.57157612 6.306993008 2.938533306
vn 0.9992449284 0.03885267302 -2.379040098e-18
v 13.57157612 5.917973518 2.938533306
vn 0.9880285859 -0.1542707533 9.446359582e-18
v 13.57157612 5.917973518 1.645953178
vn 0.9992449284 -0.03885267302 2.379040098e-18
v 13.57157612 6.306993008 1.645953178
vn 0.9881205559 0.1536805481 -9.410220061e-18
v 13.57157612 2.433859348 3.455929279
vn 0.9991292953 -0.04172044992 2.554640822e-18
v 13.57157612 2.796096563 3.455929279
vn 0.9863361716 0.1647449881 -1.008772151e-17
v 13.57157612 2.796096563 4.748509407
vn 0.9991292953 0.04172044992 -2.554640822e-18
v 13.57157612 2.433859348 4.748509407
vn 0.9863361716 -0.1647449881 1.008772151e-17
v 13.5542593 5.917973518 6.718412399
vn 0.9999809265 -0.005546857137 0.002709407359
v 13.5542593 2.796096563 6.718412399
vn 0.9998885989 0.00554634491 0.01385912765
v 13.5542593 2.796096563 6.32020092
vn 0.9984138608 0.04396023229 -0.03517523035
v 13.5542593 5.917973518 6.32020092
vn 0.9892758131 -0.04355788231 -0.1394131482
v 13.5542593 2.796096563 -0.2320477664
vn 0.9999819994 0.005546862725 -0.00229583797
v 13.5542593 5.917973518 -0.2320477664
vn 0.9998928905 -0.005546368659 -0.01354443282
v 13.5542593 5.917973518 0.2055441588
vn 0.9988327026 -0.03616329655 0.03202313557
v 13.5542593 2.796096563 0.2055441588
vn 0.9912380576 0.03588832915 0.1271185875
v 13.57157612 6.306993008 6.718412399
vn 0.9962758422 0.07747446001 0.03784302995
v 13.57157612 5.917973518 6.718412399
vn 0.9919720888 -0.04415695742 0.1184967533
v 13.57157612 5.917973518 6.32020092
vn 0.9961033463 -0.08819376677 5.400310668e-18
v 13.57157612 6.306993008 6.32020092
vn 0.998986423 0.04501270875 -2.756233423e-18
v 13.57157612 5.917973518 -0.2320477664
vn 0.9988155961 -0.04446158931 -0.0197631903
v 13.57157612 6.306993008 -0.2320477664
vn 0.9911858439 0.07707864046 -0.1077474058
v 13.57157612 6.306993008 0.2055441588
vn 0.9931467175 0.1168740317 -7.156470529e-18
v 13.57157612 5.917973518 0.2055441588
vn 0.9996484518 -0.02651275881 1.623438319e-18
v 13.57157612 2.433859348 -0.2320477664
vn 0.9959402084 -0.08317455649 -0.03442582116
v 13.57157612 2.796096563 -0.2320477664
vn 0.9930225611 0.04747195169 -0.1079470739
v 13.57157612 2.796096563 0.2055441588
vn 0.9959415197 0.09000240266 -5.511057744e-18
v 13.57157612 2.433859348 0.2055441588
vn 0.9987643361 -0.04969677702 3.043050029e-18
v 13.57157612 2.796096563 6.718412399
vn 0.9986237884 0.04773971811 0.02171345241
v 13.57157612 2.433859348 6.718412399
vn 0.9895442128 -0.08264040947 0.1182067245
v 13.57157612 2.433859348 6.32020092
vn 0.9915170074 -0.1299772263 7.958809254e-18
v 13.57157612 2.796096563 6.32020092
vn 0.9996165633 0.02768904902 -1.695465277e-18
v 13.54132462 6.306993008 -0.2320477664
vn 0 0.9137926102 -0.406181097
v 13.54132462 6.306993008 0.2055441588
vn 0 1 -6.123234263e-17
v 13.54132462 6.306993008 2.938533306
vn 0 1 -6.123234263e-17
v 13.54132462 6.306993008 1.645953178
vn 0 1 -6.123234263e-17
v 13.54132462 6.306993008 6.32020092
vn 0 1 -6.123234263e-17
v 13.54132462 6.306993008 6.718412399
vn 0 0.5455694199 0.8380656242
v 13.54132462 5.917973518 3.455929279
vn 0 -1 6.123234263e-17
v 13.57157612 5.917973518 3.455929279
vn 0.9992449284 -0.03885267302 2.379040098e-18
v 13.57157612 5.917973518 4.748509407
vn 0.9880286455 -0.1542705446 9.446346347e-18
v 13.54132462 5.917973518 4.748509407
vn 0 -1 6.123234263e-17
v 13.54132462 2.433859348 6.718412399
vn 0 -0.9102689028 0.4140175283
v 13.54132462 2.433859348 6.32020092
vn 0 -1 6.123234263e-17
v 13.54132462 2.433859348 3.455929279
vn 0 -1 6.123234263e-17
v 13.54132462 2.433859348 4.748509407
vn 0 -1 6.123234263e-17
v 13.54132462 2.433859348 0.2055441588
vn 0 -1 6.123234263e-17
v 13.54132462 2.433859348 -0.2320477664
vn 0 -0.6092246175 -0.7929977179
v 13.54132462 2.796096563 2.938533306
vn 0 1 -6.123234263e-17
v 13.57157612 2.796096563 2.938533306
vn 0.9991292953 0.04172044992 -2.554640822e-18
v 13.57157612 2.796096563 1.645953178
vn 0.9863361716 0.1647449881 -1.008772151e-17
v 13.54132462 2.796096563 1.645953178
vn 0 1 -6.123234263e-17
v 13.52620029 2.796096563 3.455929279
vn 0.9999215007 0.004794885404 -0.01157464646
v 13.52620029 5.917973518 3.455929279
vn 0.9999204874 -0.005004381295 -0.01157463528
v 13.52620029 5.917973518 4.748509407
vn 0.9999215007 -0.004794943612 0.01157492958
v 13.52620029 2.796096563 4.748509407
vn 0.9999201298 0.005070921034 0.01157491375
v 13.57157612 5.917973518 5.265873432
vn 0.9992542863 -0.03861113638 2.364250315e-18
v 13.57157612 6.306993008 5.265873432
vn 0.9881205559 0.1536805481 -9.410220061e-18
v 13.57157612 6.306993008 4.748509407
vn 0.9992449284 0.03885267302 -2.379040098e-18
v 13.57157612 6.306993008 3.455929279
vn 0.9881205559 0.1536805481 -9.410220061e-18
v 13.57157612 6.306993008 1.128567934
vn 0.9992449284 0.03885267302 -2.379040098e-18
v 13.57157612 5.917973518 1.128567934
vn 0.9925445318 -0.1218825728 7.463155186e-18
v 13.57157612 2.796096563 1.128567934
vn 0.9991416335 0.0414250344 -2.53655183e-18
v 13.57157612 2.433859348 1.128567934
vn 0.9863361716 -0.1647449881 1.008772151e-17
v 13.57157612 2.433859348 1.645953178
vn 0.9991292953 -0.04172044992 2.554640822e-18
v 13.57157612 2.433859348 2.938533306
vn 0.9863361716 -0.1647449881 1.008772151e-17
v 13.57157612 2.433859348 5.265873432
vn 0.9991292953 -0.04172044992 2.554640822e-18
v 13.57157612 2.796096563 5.265873432
vn 0.9914245605 0.1306804568 -8.001869795e-18
v 13.54132462 6.306993008 5.265873432
vn 0 1 -6.123234263e-17
v 13.54132462 6.306993008 4.748509407
vn 0 1 -6.123234263e-17
v 13.54132462 6.306993008 3.455929279
vn 0 1 -6.123234263e-17
v 13.54132462 6.306993008 1.128567934
vn 0 1 -6.123234263e-17
v 13.54132462 5.917973518 2.938533306
vn 0 -1 6.123234263e-17
v 13.54151249 5.917973518 5.265873432
vn 0 -1 6.123234263e-17
v 13.54132462 2.433859348 1.128567934
vn 0 -1 6.123234263e-17
v 13.54132462 2.433859348 1.645953178
vn 0 -1 6.123234263e-17
v 13.54132462 2.433859348 2.938533306
vn 0 -1 6.123234263e-17
v 13.54132462 2.433859348 5.265873432
vn 0 -1 6.123234263e-17
v 13.54151249 2.796096563 5.265873432
vn 0 1 -6.123234263e-17
v 13.54132462 2.796096563 4.748509407
vn 0 1 -6.123234263e-17
v 13.54132462 2.796096563 3.455929279
vn 0 1 -6.123234263e-17
v 13.54153919 2.796096563 1.128567934
vn 0 1 -6.123234263e-17
v 13.52620029 2.796096563 0.2055441588
vn 0.9998603463 0.006949582137 0.01519731525
v 13.52620029 5.917973518 0.2055441588
vn 0.9981167316 -0.008970898576 0.06068325415
v 13.52620029 5.917973518 1.128567934
vn 0.9998474717 -0.006822647527 0.01607722975
v 13.52620029 2.796096563 1.128567934
vn 0.9998570681 0.005227828864 0.01607738435
v 13.52620029 2.796096563 1.645953178
vn 0.9999215007 0.004794885404 -0.01157464832
v 13.52620029 5.917973518 1.645953178
vn 0.999920845 -0.004937323276 -0.01157463994
v 13.52620029 5.917973518 2.938533306
vn 0.9999215007 -0.004794924054 0.01157483552
v 13.52620029 2.796096563 2.938533306
vn 0.9999201298 0.005070998333 0.01157481968
v 13.52620029 5.917973518 6.32020092
vn 0.9998873472 -0.00694557 -0.01330503356
v 13.52620029 2.796096563 6.32020092
vn 0.9985463023 0.008974758908 -0.05314875394
v 13.52620029 2.796096563 5.265873432
vn 0.9998768568 0.006834010594 -0.01412494108
v 13.52620029 5.917973518 5.265873432
vn 0.999887228 -0.005099942442 -0.0141250873
v 13.57157612 6.306993008 4.779239178
vn 0.9990902543 0.0426463224 -2.611334127e-18
v 13.57157612 6.306993008 5.235132694
vn 0.9901138544 0.1402661055 -8.588821441e-18
v 13.57157612 5.917973518 5.235132694
vn 0.9984206557 -0.05618038028 3.440055984e-18
v 13.57157612 5.917973518 4.779239178
vn 0.9824867249 -0.1863324791 1.140957433e-17
v 13.57157612 6.306993008 2.969273806
vn 0.9990901947 0.0426476039 -2.611412503e-18
v 13.57157612 6.306993008 3.425167322
vn 0.9901149869 0.1402579397 -8.588321824e-18
v 13.57157612 5.917973518 3.425167322
vn 0.9984195828 -0.05619890243 3.441190255e-18
v 13.57157612 5.917973518 2.969273806
vn 0.9824877977 -0.18632707 1.14092418e-17
v 13.57157612 5.917973518 1.615223289
vn 0.9990902543 -0.04264608026 2.611319238e-18
v 13.57157612 5.917973518 1.159297705
vn 0.9901131392 -0.1402711868 8.589132461e-18
v 13.57157612 6.306993008 1.159297705
vn 0.9990902543 0.04264606535 -2.611318411e-18
v 13.57157612 6.306993008 1.615223289
vn 0.9901131392 0.1402711272 -8.589129152e-18
v 13.57157612 2.433859348 1.615223289
vn 0.9989509583 -0.04579276592 2.80399814e-18
v 13.57157612 2.433859348 1.159297705
vn 0.9886228442 -0.1504155099 9.210293816e-18
v 13.57157612 2.796096563 1.159297705
vn 0.9989518523 0.04577349499 -2.802818167e-18
v 13.57157612 2.796096563 1.615223289
vn 0.9886229038 0.1504154503 -9.21028968e-18
v 13.57157612 2.433859348 3.425167322
vn 0.9989507794 -0.04579715058 2.80426656e-18
v 13.57157612 2.433859348 2.969273806
vn 0.9886236787 -0.1504101902 9.209967907e-18
v 13.57157612 2.796096563 2.969273806
vn 0.9989508986 0.04579440132 -2.804098229e-18
v 13.57157612 2.796096563 3.425167322
vn 0.9886250496 0.1504013538 -9.20942693e-18
v 13.57157612 2.796096563 4.779239178
vn 0.9989509583 0.04579302669 -2.804014064e-18
v 13.57157612 2.796096563 5.235132694
vn 0.9886236787 0.150410071 -9.209960462e-18
v 13.57157612 2.433859348 5.235132694
vn 0.9989508986 -0.04579443857 2.804100504e-18
v 13.57157612 2.433859348 4.779239178
vn 0.988623023 -0.1504146159 9.210238395e-18
v 13.54132462 6.306993008 4.779239178
vn 0 1 -6.123234263e-17
v 13.54132462 6.306993008 5.235132694
vn 0 1 -6.123234263e-17
v 13.54132462 6.306993008 2.969273806
vn 0 1 -6.123234263e-17
v 13.54132462 6.306993008 3.425167322
vn 0 1 -6.123234263e-17
v 13.54132462 6.306993008 1.159297705
vn 0 1 -6.123234263e-17
v 13.54132462 6.306993008 1.615223289
vn 0 1 -6.123234263e-17
v 13.53107834 5.917973518 3.425167322
vn 0 -1 6.123234263e-17
v 13.53107834 5.917973518 2.969273806
vn 0 -1 6.123234263e-17
v 13.53107834 5.917973518 5.235132694
vn 0 -1 6.123234263e-17
v 13.53107834 5.917973518 4.779239178
vn 0 -1 6.123234263e-17
v 13.54132462 2.433859348 1.615223289
vn 0 -1 6.123234263e-17
v 13.54132462 2.433859348 1.159297705
vn 0 -1 6.123234263e-17
v 13.54132462 2.433859348 3.425167322
vn 0 -1 6.123234263e-17
v 13.54132462 2.433859348 2.969273806
vn 0 -1 6.123234263e-17
v 13.54132462 2.433859348 5.235132694
vn 0 -1 6.123234263e-17
v 13.54132462 2.433859348 4.779239178
vn 0 -1 6.123234263e-17
v 13.54132462 2.796096563 4.779239178
vn 0 1 -6.123234263e-17
v 13.54132462 2.796096563 5.235132694
vn 0 1 -6.123234263e-17
v 13.54132462 2.796096563 2.969273806
vn 0 1 -6.123234263e-17
v 13.54132462 2.796096563 3.425167322
vn 0 1 -6.123234263e-17
v 13.54132462 2.796096563 1.159297705
vn 0 1 -6.123234263e-17
v 13.54132462 2.796096563 1.615223289
vn 0 1 -6.123234263e-17
v 13.40644836 2.796096563 1.540792823
vn 0.9651578665 0.003432057332 -0.2616458833
v 13.40644836 2.796096563 1.23370707
vn 0.9651312828 0.008401708677 0.2616313994
v 13.40644836 5.917973518 1.23370707
vn 0.9651616216 -0.002789316233 0.2616396248
v 13.40644836 5.917973518 1.540792823
vn 0.9651294351 -0.008401796222 -0.2616381943
v 13.40644836 2.796096563 3.350768805
vn 0.9651596546 0.00343317911 -0.2616390586
v 13.40644836 2.796096563 3.043672323
vn 0.9651312828 0.008401838131 0.2616313696
v 13.40644836 5.917973518 3.043672323
vn 0.9651606679 -0.003111352213 0.2616393566
v 13.40644836 5.917973518 3.350768805
vn 0.9651312828 -0.008401838131 -0.2616313696
v 13.40644836 5.917973518 4.853648186
vn 0.9651606679 -0.003111440456 0.2616393566
v 13.40644836 5.917973518 5.160734177
vn 0.9651294947 -0.00840179529 -0.2616379857
v 13.40644836 2.796096563 5.160734177
vn 0.9651578665 0.003433206584 -0.2616457045
v 13.40644836 2.796096563 4.853648186
vn 0.9651312828 0.00840171054 0.2616313994
v 13.5109272 5.917973518 1.619107127
vn 0.6598431468 -0.002644703025 -0.7513986826
v 13.5109272 2.796096563 1.619107127
vn 0.659822762 0.00829343684 -0.7513754964
v 13.42157364 2.796096563 1.23370707
vn 0 1 -6.123234263e-17
v 13.42157364 2.796096563 1.540792823
vn 0 1 -6.123234263e-17
v 13.5109272 2.796096563 1.155382037
vn 0.6597628593 0.004814371467 0.7514584661
v 13.5109272 5.917973518 1.155382037
vn 0.6597652435 -0.003981627524 0.7514612079
v 13.42157364 5.917973518 1.540792823
vn 0 -1 6.123234263e-17
v 13.42157364 5.917973518 1.23370707
vn 0 -1 6.123234263e-17
v 13.5109272 5.917973518 3.429083109
vn 0.6598414779 -0.003731676145 -0.7513955832
v 13.5109272 2.796096563 3.429083109
vn 0.6598232985 0.008302103728 -0.7513749003
v 13.42157364 2.796096563 3.043672323
vn 0 1 -6.123234263e-17
v 13.42157364 2.796096563 3.350768805
vn 0 1 -6.123234263e-17
v 13.5109272 2.796096563 2.965358019
vn 0.6597623825 0.004814229906 0.7514588833
v 13.5109272 5.917973518 2.965358019
vn 0.6597576141 -0.006135675125 0.7514534593
v 13.42157364 5.917973518 3.350768805
vn 0 -1 6.123234263e-17
v 13.42157364 5.917973518 3.043672323
vn 0 -1 6.123234263e-17
v 13.5109272 2.796096563 4.775323391
vn 0.65976125 0.004814396147 0.751459837
v 13.5109272 5.917973518 4.775323391
vn 0.6597564816 -0.006135366391 0.7514544129
v 13.42157364 5.917973518 5.160734177
vn 0 -1 6.123234263e-17
v 13.42157364 5.917973518 4.853648186
vn 0 -1 6.123234263e-17
v 13.5109272 5.917973518 5.239048481
vn 0.6597664356 -0.003731585341 -0.7514614463
v 13.5109272 2.796096563 5.239048481
vn 0.6597481966 0.008312554099 -0.7514407635
v 13.42157364 2.796096563 4.853648186
vn 0 1 -6.123234263e-17
v 13.42157364 2.796096563 5.160734177
vn 0 1 -6.123234263e-17
v 3.501196384 6.373838902 7.087724209
vn 0.05649985373 1.819765849e-08 0.9984025955
v 3.501199484 -1.768789411 7.087724209
vn 0.05649975687 2.150628653e-08 0.9984025955
v 3.811265469 -1.768789411 7.087724209
vn -0.05649938434 -1.158023188e-08 0.9984026551
v 3.811262131 6.373838902 7.087724209
vn -0.05649913102 -2.316035896e-08 0.9984026551
v -5.382730484 6.373838902 7.087724209
vn 0.03679167107 6.119088434e-17 0.9993229508
v -5.382730484 -1.768789411 7.087724209
vn 0.03679150715 6.119088434e-17 0.9993229508
v -4.941025734 -1.768789411 7.087724209
vn -0.03679170832 -1.508181136e-08 0.9993229508
v -4.941030025 6.373838902 7.087724209
vn -0.03679180145 -1.939094751e-08 0.9993229508
v -4.113191128 6.373838902 7.087724209
vn 0.05650008842 9.926036881e-09 0.9984025955
v -4.113188267 -1.768789411 7.087724209
vn 0.05649995059 1.985202402e-08 0.9984025955
v -3.80312252 -1.768789411 7.087724209
vn -0.05649944395 -5.790121715e-09 0.9984026551
v -3.803124189 6.373838902 7.087724209
vn -0.05649920925 -1.158019547e-08 0.9984026551
v -3.025418997 6.373838902 7.087724209
vn 0.05649989471 1.15803358e-08 0.9984025955
v -3.025418997 -1.768789411 7.087724209
vn 0.05649995059 6.113453018e-17 0.9984025955
v -2.715353251 -1.768789411 7.087724209
vn -0.05649968237 -9.098800824e-09 0.9984025955
v -2.71535635 6.373838902 7.087724209
vn -0.05649968237 -1.819760165e-08 0.9984025955
v -1.93764925 6.373838902 7.087724209
vn 0.05649968237 1.158029228e-08 0.9984025955
v -1.93764925 -1.768789411 7.087724209
vn 0.05649995059 6.113453018e-17 0.9984025955
v -1.627583623 -1.768789411 7.087724209
vn -0.05649979413 6.113453018e-17 0.9984025955
v -1.627583623 6.373838902 7.087724209
vn -0.05649979413 6.113453018e-17 0.9984025955
v -0.8498804569 6.373838902 7.087724209
vn 0.05649997294 6.113453018e-17 0.9984025955
v -0.8498804569 -1.768789411 7.087724209
vn 0.05649997294 6.113453018e-17 0.9984025955
v -0.5398156047 -1.768789411 7.087724209
vn -0.05649970844 6.113453018e-17 0.9984025955
v -0.5398156047 6.373838902 7.087724209
vn -0.05649970844 6.113453018e-17 0.9984025955
v 0.2378887236 6.373838902 7.087724209
vn 0.05649992451 6.113453018e-17 0.9984025955
v 0.2378887236 -1.768789411 7.087724209
vn 0.05649992451 6.113453018e-17 0.9984025955
v 0.5479544401 -1.768789411 7.087724209
vn -0.05649970099 6.113453018e-17 0.9984025955
v 0.5479544401 6.373838902 7.087724209
vn -0.05649970099 6.113453018e-17 0.9984025955
v 1.325658441 6.373838902 7.087724209
vn 0.05649970099 1.158029672e-08 0.9984025955
v 1.325661778 -1.768789411 7.087724209
vn 0.05649970099 2.316059344e-08 0.9984025955
v 1.635724306 -1.768789411 7.087724209
vn -0.0564998351 -5.790161683e-09 0.9984025955
v 1.635724306 6.373838902 7.087724209
vn -0.05649970099 6.113453018e-17 0.9984025955
v 2.413429737 6.373838902 7.087724209
vn 0.05649991333 1.158034024e-08 0.9984025955
v 2.413429737 -1.768789411 7.087724209
vn 0.05650018528 6.113452356e-17 0.9984025955
v 2.723494291 -1.768789411 7.087724209
vn -0.05649991333 -1.158034024e-08 0.9984025955
v 2.723494291 6.373838902 7.087724209
vn -0.05650018528 6.113452356e-17 0.9984025955
v 12.6951952 -1.768789411 7.087724209
vn -0.03679158166 6.118184491e-17 0.9993229508
v 12.6951952 6.373838902 7.087724209
vn -0.03679143265 6.119088434e-17 0.9993229508
v 12.25348759 6.373838902 7.087724209
vn 0.03679158166 1.723629417e-08 0.9993229508
v 12.2534914 -1.768789411 7.087724209
vn 0.03679172695 1.723636345e-08 0.9993229508
v 11.4256525 -1.768789411 7.087724209
vn -0.05650018528 -6.617369319e-09 0.9984025955
v 11.4256506 6.373838902 7.087724209
vn -0.05649995059 -1.323468357e-08 0.9984025955
v 11.11558533 6.373838902 7.087724209
vn 0.0564994812 9.9259303e-09 0.9984026551
v 11.11558819 -1.768789411 7.087724209
vn 0.05649932474 1.985180553e-08 0.9984026551
v 10.33788204 -1.768789411 7.087724209
vn -0.05649971589 6.111032356e-17 0.9984025955
v 10.33788204 6.373838902 7.087724209
vn -0.05649964139 6.113453018e-17 0.9984025955
v 10.02781582 6.373838902 7.087724209
vn 0.0564994812 3.308643359e-09 0.9984026551
v 10.02781677 -1.768789411 7.087724209
vn 0.0564994812 6.617286719e-09 0.9984026551
v 9.250112534 -1.768789411 7.087724209
vn -0.05649932474 -1.323453702e-08 0.9984026551
v 9.250112534 6.373838902 7.087724209
vn -0.05649964139 6.113453018e-17 0.9984025955
v 8.940045357 6.373838902 7.087724209
vn 0.05649995059 6.113453018e-17 0.9984025955
v 8.940045357 -1.768789411 7.087724209
vn 0.05649995059 6.113453018e-17 0.9984025955
v 8.162343979 -1.768789411 7.087724209
vn -0.05650010705 6.113453018e-17 0.9984025955
v 8.162343979 6.373838902 7.087724209
vn -0.05649979413 6.113453018e-17 0.9984025955
v 7.852275848 6.373838902 7.087724209
vn 0.0564994812 1.323457344e-08 0.9984026551
v 7.852279663 -1.768789411 7.087724209
vn 0.0564994812 2.646914687e-08 0.9984026551
v 7.074573517 -1.768789411 7.087724209
vn -0.05649964139 6.111033018e-17 0.9984025955
v 7.074573517 6.373838902 7.087724209
vn -0.05649964139 6.113453018e-17 0.9984025955
v 6.764507294 6.373838902 7.087724209
vn 0.05649971589 6.115873017e-17 0.9984025955
v 6.764507294 -1.768789411 7.087724209
vn 0.05649971589 6.113453018e-17 0.9984025955
v 5.986803532 -1.768789411 7.087724209
vn -0.05649964139 -4.962978917e-09 0.9984025955
v 5.986802101 6.373838902 7.087724209
vn -0.05649964139 -9.925957833e-09 0.9984025955
v 5.676737785 6.373838902 7.087724209
vn 0.05649979413 1.158031537e-08 0.9984025955
v 5.676737785 -1.768789411 7.087724209
vn 0.05649995059 6.113453018e-17 0.9984025955
v 4.899035931 -1.768789411 7.087724209
vn -0.05650002882 -1.158036422e-08 0.9984025955
v 4.899032593 6.373838902 7.087724209
vn -0.05650002882 -2.316072845e-08 0.9984025955
v 4.588970184 6.373838902 7.087724209
vn 0.05649964139 1.158028429e-08 0.9984025955
v 4.588970184 -1.768789411 7.087724209
vn 0.05649964139 6.113453018e-17 0.9984025955
v -4.292189121 6.373838902 7.325188637
vn 0.02221462503 6.119817676e-17 0.9997532368
v -4.711894035 6.373838902 7.325188637
vn -0.07126116008 -3.129821735e-08 0.9974576831
v -4.711891174 -1.768789411 7.325188637
vn -0.02004529163 -7.04318559e-09 0.9997990727
v -4.292189121 -1.768789411 7.325188637
vn 0.07955002785 6.987745493e-09 0.9968308806
v -3.204419613 6.373838902 7.325188637
vn 0.02221446112 6.121722839e-17 0.9997532368
v -3.624125004 6.373838902 7.325188637
vn -0.07955029607 6.103828606e-17 0.9968308806
v -3.624125004 -1.768789411 7.325188637
vn -0.02221456543 6.121722839e-17 0.9997532368
v -3.204419613 -1.768789411 7.325188637
vn 0.07954897732 6.103829267e-17 0.9968309402
v -2.116650343 6.373838902 7.325188637
vn 0.022214517 7.154924209e-09 0.9997532368
v -2.536355257 6.373838902 7.325188637
vn -0.07954994589 6.100417313e-17 0.9968308806
v -2.536355257 -1.768789411 7.325188637
vn -0.02221449837 6.119817676e-17 0.9997532368
v -2.116647959 -1.768789411 7.325188637
vn 0.07954975218 2.562164703e-08 0.9968308806
v -1.02888155 6.373838902 7.325188637
vn 0.0222145021 9.106261523e-09 0.9997532368
v -1.448584914 6.373838902 7.325188637
vn -0.07954977453 -9.316964089e-09 0.9968308806
v -1.448583126 -1.768789411 7.325188637
vn -0.02221452259 -5.203582454e-09 0.9997532368
v -1.028878212 -1.768789411 7.325188637
vn 0.07954952121 1.630463586e-08 0.9968309402
v 0.0588882491 6.373838902 7.325188637
vn 0.02221456729 9.065635354e-09 0.9997532368
v -0.3608169258 6.373838902 7.325188637
vn -0.07954981178 -1.630469626e-08 0.9968308806
v -0.3608136475 -1.768789411 7.325188637
vn -0.02221448347 -9.106253529e-09 0.9997532368
v 0.05889152735 -1.768789411 7.325188637
vn 0.07955035567 3.246403324e-08 0.996830821
v 1.146656513 6.373838902 7.325188637
vn 0.022214517 9.10626774e-09 0.9997532368
v 0.7269528508 6.373838902 7.325188637
vn -0.0795500949 -3.231835066e-08 0.9968308806
v 0.7269561291 -1.768789411 7.325188637
vn -0.02221461199 -8.943693786e-09 0.9997532368
v 1.146659851 -1.768789411 7.325188637
vn 0.0795494318 1.63046181e-08 0.9968309402
v 2.234429598 6.373838902 7.325188637
vn 0.02221452817 6.119817676e-17 0.9997532368
v 1.814724565 6.373838902 7.325188637
vn -0.07954979688 -1.805162242e-08 0.9968308806
v 1.814724565 -1.768789411 7.325188637
vn -0.0222145766 6.119817676e-17 0.9997532368
v 2.234429598 -1.768789411 7.325188637
vn 0.0795494616 9.316927674e-09 0.9968309402
v 3.322199821 6.373838902 7.325188637
vn 0.02221457101 6.123628001e-17 0.9997532368
v 2.902494669 6.373838902 7.325188637
vn -0.079549402 -1.048153653e-08 0.9968309402
v 2.902494669 -1.768789411 7.325188637
vn -0.02221452259 6.123628663e-17 0.9997532368
v 3.322199821 -1.768789411 7.325188637
vn 0.07954983413 1.630469981e-08 0.9968308806
v 11.6046524 -1.768789411 7.325188637
vn -0.02221473493 6.123628663e-17 0.9997532368
v 12.02435493 -1.768789411 7.325188637
vn 0.07126108557 2.503855256e-08 0.9974576831
v 12.02435303 6.373838902 7.325188637
vn 0.02004533634 4.695467126e-09 0.9997990727
v 11.6046524 6.373838902 7.325188637
vn -0.07955041528 -1.397555849e-08 0.996830821
v 10.51688194 -1.768789411 7.325188637
vn -0.02221449278 6.123628663e-17 0.9997532368
v 10.93658733 -1.768789411 7.325188637
vn 0.07955041528 6.100416651e-17 0.996830821
v 10.93658733 6.373838902 7.325188637
vn 0.02221456543 6.119817676e-17 0.9997532368
v 10.51688194 6.373838902 7.325188637
vn -0.07954948395 6.10724056e-17 0.9968309402
v 9.429112434 -1.768789411 7.325188637
vn -0.02221446857 -7.805354585e-09 0.9997532368
v 9.848817825 -1.768789411 7.325188637
vn 0.07955010235 6.100417313e-17 0.9968308806
v 9.848817825 6.373838902 7.325188637
vn 0.02221446857 6.119817676e-17 0.9997532368
v 9.429109573 6.373838902 7.325188637
vn -0.07954948395 -3.260925396e-08 0.9968309402
v 8.34134388 -1.768789411 7.325188637
vn -0.02221454121 -1.040717379e-08 0.9997532368
v 8.76104641 -1.768789411 7.325188637
vn 0.07954979688 4.658483377e-09 0.9968308806
v 8.761045456 6.373838902 7.325188637
vn 0.02221454121 2.601793447e-09 0.9997532368
v 8.341340065 6.373838902 7.325188637
vn -0.07954979688 -1.863393351e-08 0.9968308806
v 7.253575802 -1.768789411 7.325188637
vn -0.02221462503 -9.106312149e-09 0.9997532368
v 7.673278809 -1.768789411 7.325188637
vn 0.07955010235 1.630475488e-08 0.9968308806
v 7.673275471 6.373838902 7.325188637
vn 0.02221458964 9.10629705e-09 0.9997532368
v 7.253572464 6.373838902 7.325188637
vn -0.07955002785 -3.260947778e-08 0.9968308806
v 6.165805817 -1.768789411 7.325188637
vn -0.02221446857 -9.106247312e-09 0.9997532368
v 6.5855093 -1.768789411 7.325188637
vn 0.07955041528 2.329259807e-08 0.996830821
v 6.58550787 6.373838902 7.325188637
vn 0.02221461385 3.90270305e-09 0.9997532368
v 6.165802479 6.373838902 7.325188637
vn -0.07954909652 -1.630454882e-08 0.9968309402
v 5.078032017 -1.768789411 7.325188637
vn -0.02221456543 6.123628001e-17 0.9997532368
v 5.497737408 -1.768789411 7.325188637
vn 0.07954932749 9.316911687e-09 0.9968309402
v 5.497737408 6.373838902 7.325188637
vn 0.02221450396 6.119817676e-17 0.9997532368
v 5.078032017 6.373838902 7.325188637
vn -0.07955041528 6.107239899e-17 0.996830821
v 3.990264416 -1.768789411 7.325188637
vn -0.02221463248 6.123628663e-17 0.9997532368
v 4.409967422 -1.768789411 7.325188637
vn 0.07954979688 6.987724621e-09 0.9968308806
v 4.409967422 6.373838902 7.325188637
vn 0.02221462503 6.119817676e-17 0.9997532368
v 3.990264416 6.373838902 7.325188637
vn -0.07955010235 6.10724056e-17 0.9968308806
v 3.355279207 6.373838902 7.305801868
vn 0.8310741186 2.701059998e-07 0.5561617017
v 3.355282545 -1.768789411 7.305801868
vn 0.8310722113 3.406765643e-07 0.5561645627
v 3.468118906 -1.768789411 7.107142925
vn 0.8311133981 2.787718927e-07 0.5561029315
v 3.46811676 6.373838902 7.107142925
vn 0.8311132193 2.190171813e-07 0.5561032295
v 3.957183123 -1.768789411 7.305801868
vn -0.8310747147 3.408671676e-17 0.5561608076
v 3.957183123 6.373838902 7.305801868
vn -0.8310747147 3.405502582e-17 0.5561608076
v 3.844346762 6.373838902 7.107142925
vn -0.8311094642 -1.516844605e-08 0.556108892
v 3.844346762 -1.768789411 7.107142925
vn -0.8311123848 3.411497987e-17 0.5561044812
v -5.57612133 6.373838902 7.30764246
vn 0.788813591 3.682822161e-17 0.6146325469
v -5.57612133 -1.768789411 7.30764246
vn 0.788813591 3.763538776e-17 0.6146325469
v -5.418478966 -1.768789411 7.105302334
vn 0.750946641 3.96754964e-17 0.6603628993
v -5.418478966 6.373838902 7.105302334
vn 0.750946641 3.891542991e-17 0.6603628993
v -4.747636318 -1.768789411 7.30764246
vn -0.7509034872 -3.095679517e-07 0.6604119539
v -4.747640133 6.373838902 7.30764246
vn -0.7509039044 -3.957604235e-07 0.6604114771
v -4.905281544 6.373838902 7.105302334
vn -0.7509474754 -3.07831499e-07 0.6603619456
v -4.90527916 -1.768789411 7.105302334
vn -0.7509474754 -2.198796523e-07 0.6603619456
v -4.259108067 6.373838902 7.305801868
vn 0.8310675621 7.30017149e-08 0.5561714768
v -4.259106159 -1.768789411 7.305801868
vn 0.8310675621 1.460034298e-07 0.5561714768
v -4.146267414 -1.768789411 7.107142925
vn 0.8311123848 7.950643521e-08 0.5561044812
v -4.146267414 6.373838902 7.107142925
vn 0.8311136365 3.25404151e-17 0.5561026335
v -3.65720439 -1.768789411 7.305801868
vn -0.8310768008 3.405483391e-17 0.5561576486
v -3.65720439 6.373838902 7.305801868
vn -0.8310768008 3.405483391e-17 0.5561576486
v -3.770041466 6.373838902 7.107142925
vn -0.8311100602 -7.584228356e-09 0.5561079383
v -3.770041466 -1.768789411 7.107142925
vn -0.8311115503 3.411505597e-17 0.5561057329
v -3.171335936 6.373838902 7.305801868
vn 0.8310722113 1.551932627e-07 0.5561645627
v -3.171335936 -1.768789411 7.305801868
vn 0.8310692906 3.405552213e-17 0.5561689138
v -3.058499098 -1.768789411 7.107142925
vn 0.8311140537 1.703468655e-07 0.5561019778
v -3.058501959 6.373838902 7.107142925
vn 0.8311140537 3.40693731e-07 0.5561019778
v -2.569435835 -1.768789411 7.305801868
vn -0.8310755491 3.402325877e-17 0.5561594963
v -2.569435835 6.373838902 7.305801868
vn -0.8310755491 3.405494972e-17 0.5561594963
v -2.682272196 6.373838902 7.107142925
vn -0.8311104774 -1.191807986e-08 0.5561073422
v -2.682272196 -1.768789411 7.107142925
vn -0.831112802 3.411494347e-17 0.5561038852
v -2.08357048 6.373838902 7.305801868
vn 0.8310730457 3.009304521e-07 0.556163311
v -2.083567381 -1.768789411 7.305801868
vn 0.8310723901 2.676745225e-07 0.5561642051
v -1.970729232 -1.768789411 7.107142925
vn 0.8311092257 2.922710109e-07 0.55610919
v -1.970732212 6.373838902 7.107142925
vn 0.8311069012 3.406908036e-07 0.5561126471
v -1.481666088 -1.768789411 7.305801868
vn -0.8310723901 -8.654305717e-09 0.5561642051
v -1.481666088 6.373838902 7.305801868
vn -0.8310741186 3.405508207e-17 0.5561617017
v -1.594503045 6.373838902 7.107142925
vn -0.831112802 3.329602474e-17 0.5561038852
v -1.594503045 -1.768789411 7.107142925
vn -0.831112802 3.254050444e-17 0.5561038852
v -0.9957979321 6.373838902 7.305801868
vn 0.8310722113 1.514503012e-08 0.5561645627
v -0.9957979321 -1.768789411 7.305801868
vn 0.8310751319 3.405498611e-17 0.556160152
v -0.8829607368 -1.768789411 7.107142925
vn 0.8311126828 3.405155166e-17 0.5561040044
v -0.8829607368 6.373838902 7.107142925
vn 0.8311126828 3.405155166e-17 0.5561040044
v -0.3938963115 -1.768789411 7.305801868
vn -0.8310736418 -1.514505676e-08 0.5561624169
v -0.3938963115 6.373838902 7.305801868
vn -0.8310765624 3.405485707e-17 0.5561580062
v -0.5067335367 6.373838902 7.107142925
vn -0.8311095834 3.405183621e-17 0.5561087132
v -0.5067335367 -1.768789411 7.107142925
vn -0.8311095834 3.405183621e-17 0.5561087132
v 0.09196763486 6.373838902 7.305801868
vn 0.8310724497 1.846553204e-07 0.5561642051
v 0.09197121114 -1.768789411 7.305801868
vn 0.8310753703 3.391569976e-07 0.5561597943
v 0.2048090547 -1.768789411 7.107142925
vn 0.8311095238 1.544847237e-07 0.5561087728
v 0.2048090547 6.373838902 7.107142925
vn 0.8311066031 3.254107023e-17 0.5561131835
v 0.6938752532 -1.768789411 7.305801868
vn -0.8310724497 -1.852129259e-07 0.5561641455
v 0.6938716769 6.373838902 7.305801868
vn -0.8310753703 -3.406778717e-07 0.5561598539
v 0.581035614 6.373838902 7.107142925
vn -0.8311100602 -1.551775881e-07 0.5561079383
v 0.581035614 -1.768789411 7.107142925
vn -0.8311071396 3.254102391e-17 0.556112349
v 1.179741263 6.373838902 7.305801868
vn 0.831071794 1.514502301e-08 0.5561651587
v 1.179741263 -1.768789411 7.305801868
vn 0.8310747147 3.405502582e-17 0.5561608076
v 1.292577267 -1.768789411 7.107142925
vn 0.8311100602 1.516845671e-08 0.5561079383
v 1.292577267 6.373838902 7.107142925
vn 0.8311129808 3.562596092e-17 0.5561035872
v 1.781645179 -1.768789411 7.305801868
vn -0.831073463 -2.661858503e-07 0.5561626554
v 1.781641483 6.373838902 7.305801868
vn -0.8310719728 -3.771775425e-07 0.5561648607
v 1.668805361 6.373838902 7.107142925
vn -0.831109941 -2.569767616e-07 0.5561081171
v 1.66880703 -1.768789411 7.107142925
vn -0.8311067224 -1.703453592e-07 0.5561130047
v 2.267510891 6.373838902 7.305801868
vn 0.8310722113 2.525294178e-07 0.5561645627
v 2.267512798 -1.768789411 7.305801868
vn 0.8310692906 1.946716424e-07 0.5561689138
v 2.380350351 -1.768789411 7.107142925
vn 0.8311119676 2.590195436e-07 0.5561051369
v 2.380347013 6.373838902 7.107142925
vn 0.8311102986 3.406921962e-07 0.5561076403
v 2.869413376 -1.768789411 7.305801868
vn -0.831071794 -2.646962969e-07 0.5561651587
v 2.86941123 6.373838902 7.305801868
vn -0.8310688138 -2.190054857e-07 0.5561695695
v 2.756573677 6.373838902 7.107142925
vn -0.8311117291 -2.701036124e-07 0.5561054349
v 2.756577015 -1.768789411 7.107142925
vn -0.8311098218 -3.406920257e-07 0.5561082959
v 12.88858414 -1.768789411 7.30764246
vn -0.7888152003 3.843377257e-17 0.6146304607
v 12.88858414 6.373838902 7.30764246
vn -0.7888152003 3.763526203e-17 0.6146304607
v 12.73094177 6.373838902 7.105302334
vn -0.7509490848 4.118071696e-17 0.6603600979
v 12.73094177 -1.768789411 7.105302334
vn -0.7509490848 4.192603978e-17 0.6603600979
v 12.06009865 6.373838902 7.30764246
vn 0.7509015203 3.447680683e-07 0.6604142189
v 12.06010246 -1.768789411 7.30764246
vn 0.7508998513 3.51785161e-07 0.6604160666
v 12.21774483 -1.768789411 7.105302334
vn 0.7509490848 3.518081826e-07 0.6603600979
v 12.21774101 6.373838902 7.105302334
vn 0.7509490848 3.518081826e-07 0.6603600979
v 10.96966648 6.373838902 7.305801868
vn 0.8310776353 3.402307018e-17 0.5561563969
v 10.96966648 -1.768789411 7.305801868
vn 0.8310776353 3.405475781e-17 0.5561563969
v 11.08250332 -1.768789411 7.107142925
vn 0.8311077356 1.300149854e-08 0.5561113954
v 11.08250332 6.373838902 7.107142925
vn 0.8311102986 3.405177004e-17 0.5561076403
v 11.5715723 -1.768789411 7.305801868
vn -0.8310675621 -1.460034298e-07 0.5561714768
v 11.57156944 6.373838902 7.305801868
vn -0.8310675621 -2.920068596e-07 0.5561714768
v 11.4587307 6.373838902 7.107142925
vn -0.8311094642 -1.416769493e-07 0.556108892
v 11.4587307 -1.768789411 7.107142925
vn -0.8311085701 3.405192555e-17 0.5561101437
v 9.881897926 6.373838902 7.305801868
vn 0.8310776353 3.402306687e-17 0.5561563969
v 9.881897926 -1.768789411 7.305801868
vn 0.8310776353 3.405475781e-17 0.5561563969
v 9.99473381 -1.768789411 7.107142925
vn 0.8311111331 4.333850168e-09 0.5561063886
v 9.99473381 6.373838902 7.107142925
vn 0.8311119676 3.405161783e-17 0.5561051369
v 10.48379993 -1.768789411 7.305801868
vn -0.8310726285 3.408690867e-17 0.5561639071
v 10.48379993 6.373838902 7.305801868
vn -0.8310726285 3.405521772e-17 0.5561639071
v 10.3709631 6.373838902 7.107142925
vn -0.8311119676 3.401991696e-17 0.5561051369
v 10.3709631 -1.768789411 7.107142925
vn -0.8311119676 3.39882161e-17 0.5561051369
v 8.794128418 6.373838902 7.305801868
vn 0.8310684562 4.327131986e-09 0.5561701655
v 8.794128418 -1.768789411 7.305801868
vn 0.8310692906 3.405552213e-17 0.5561689138
v 8.906967163 -1.768789411 7.107142925
vn 0.8311136365 3.405146563e-17 0.5561026335
v 8.906967163 6.373838902 7.107142925
vn 0.8311136365 3.405146563e-17 0.5561026335
v 9.396032333 -1.768789411 7.305801868
vn -0.8310768008 -3.850196606e-07 0.5561576486
v 9.396028519 6.373838902 7.305801868
vn -0.8310759664 -3.893464395e-07 0.5561589003
v 9.283192635 6.373838902 7.107142925
vn -0.8311119676 -3.720278698e-07 0.5561051369
v 9.283196449 -1.768789411 7.107142925
vn -0.8311085701 -3.89361702e-07 0.5561101437
v 7.706358433 6.373838902 7.305801868
vn 0.8310730457 1.514504611e-08 0.556163311
v 7.706358433 -1.768789411 7.305801868
vn 0.8310759664 3.405491001e-17 0.5561589003
v 7.819195747 -1.768789411 7.107142925
vn 0.8311094642 1.733536692e-08 0.556108892
v 7.819195747 6.373838902 7.107142925
vn 0.831112802 3.54991806e-17 0.5561038852
v 8.308260918 -1.768789411 7.305801868
vn -0.8310709596 -1.730857946e-08 0.5561664104
v 8.308260918 6.373838902 7.305801868
vn -0.8310742974 3.405506552e-17 0.5561614037
v 8.195422173 6.373838902 7.107142925
vn -0.8311136365 3.405146563e-17 0.5561026335
v 8.195422173 -1.768789411 7.107142925
vn -0.8311136365 3.405146563e-17 0.5561026335
v 6.618587017 6.373838902 7.305801868
vn 0.8310738802 1.768293743e-07 0.5561620593
v 6.618590355 -1.768789411 7.305801868
vn 0.8310751319 3.406777864e-07 0.556160152
v 6.731426716 -1.768789411 7.107142925
vn 0.8311107159 1.55177716e-07 0.5561069846
v 6.731426716 6.373838902 7.107142925
vn 0.8311077356 3.411540339e-17 0.5561113954
v 7.22049427 -1.768789411 7.305801868
vn -0.8310713768 -1.854831311e-07 0.5561658144
v 7.220490932 6.373838902 7.305801868
vn -0.8310742974 -3.406774454e-07 0.5561614037
v 7.107654572 6.373838902 7.107142925
vn -0.8311098218 -1.551775597e-07 0.5561082959
v 7.107654572 -1.768789411 7.107142925
vn -0.8311069012 3.398867932e-17 0.5561126471
v 5.530818939 6.373838902 7.305801868
vn 0.8310722113 2.525294178e-07 0.5561645627
v 5.530820847 -1.768789411 7.305801868
vn 0.8310692906 1.946716424e-07 0.5561689138
v 5.643658161 -1.768789411 7.107142925
vn 0.8311119676 2.590195436e-07 0.5561051369
v 5.643654823 6.373838902 7.107142925
vn 0.8311102986 3.406921962e-07 0.5561076403
v 6.132720947 -1.768789411 7.305801868
vn -0.8310722113 -1.514503012e-08 0.5561645627
v 6.132720947 6.373838902 7.305801868
vn -0.8310751319 3.405498611e-17 0.556160152
v 6.019885063 6.373838902 7.107142925
vn -0.8311115503 -6.500779026e-09 0.5561057329
v 6.019885063 -1.768789411 7.107142925
vn -0.831112802 3.405154173e-17 0.5561038852
v 4.443048954 6.373838902 7.305801868
vn 0.8310713768 2.281951481e-07 0.5561658144
v 4.443050385 -1.768789411 7.305801868
vn 0.8310684562 1.460035861e-07 0.5561701655
v 4.555888653 -1.768789411 7.107142925
vn 0.8311073184 2.368499565e-07 0.556112051
v 4.555885315 6.373838902 7.107142925
vn 0.8311060667 3.406904625e-07 0.5561138988
v 5.044952869 -1.768789411 7.305801868
vn -0.8310759664 3.333100455e-17 0.5561589003
v 5.044952869 6.373838902 7.305801868
vn -0.8310759664 3.405491001e-17 0.5561589003
v 4.932115078 6.373838902 7.107142925
vn -0.8311107159 -1.516846915e-08 0.5561069846
v 4.932115078 -1.768789411 7.107142925
vn -0.8311136365 3.24770266e-17 0.5561026335
v 12.90227318 -1.768789411 7.325188637
vn -0.7884364128 3.766500745e-17 0.6151162386
v 12.90227318 6.373838902 7.325188637
vn -0.7884364128 3.766500745e-17 0.6151162386
v -5.589811325 6.373838902 7.325188637
vn 0.7884156108 3.744979821e-17 0.6151428819
v -5.589811325 -1.768789411 7.325188637
vn 0.7884156108 3.755821843e-17 0.6151428819
v 13.58155918 2.46437645 6.676552773
vn 0.8934497237 0.4491631687 -2.7503312e-17
v 13.58155918 2.331501484 6.676552773
vn 0.8934497237 -0.4491631687 2.7503312e-17
v 13.58155918 2.331501484 -0.1490515769
vn 0.8934497237 -0.4491631687 2.7503312e-17
v 13.58155918 2.46437645 -0.1490515769
vn 0.8934497237 0.4491631687 -2.7503312e-17
v 13.58155918 6.249693871 -0.1490515769
vn 0.8934495449 -0.4491635263 2.750333351e-17
v 13.58155918 6.382568836 -0.1490515769
vn 0.8934495449 0.4491635263 -2.750333351e-17
v 13.58155918 6.382568836 6.676552773
vn 0.8934495449 0.4491635263 -2.750333351e-17
v 13.58155918 6.249693871 6.676552773
vn 0.8934495449 -0.4491635263 2.750333351e-17
v 13.58155918 2.480117798 -0.1771107614
vn 0.8654533029 3.067676395e-17 0.5009895563
v 13.58155918 2.480117798 -0.2925071418
vn 0.8654533029 -3.067676395e-17 -0.5009895563
v 13.58155918 6.23395443 -0.2925071418
vn 0.8654533029 -3.067676395e-17 -0.5009895563
v 13.58155918 6.23395443 -0.1771107614
vn 0.8654533029 3.067676395e-17 0.5009895563
v 13.58155918 6.23395443 6.704611778
vn 0.8654538989 -3.067670439e-17 -0.5009886026
v 13.58155918 6.23395443 6.820008278
vn 0.8654538989 3.067670439e-17 0.5009886026
v 13.58155918 2.480117798 6.820008278
vn 0.8654538989 3.067670439e-17 0.5009886026
v 13.58155918 2.480117798 6.704611778
vn 0.8654538989 -3.067670439e-17 -0.5009886026
v 13.58155918 2.46437645 -0.1771107614
vn 0.9972673655 0.04915425181 0.05515160412
v 13.58155918 2.331501484 -0.1771107614
vn 0.8934497237 -0.4491631687 2.7503312e-17
v 13.58155918 2.331501484 -0.2925071418
vn 0.8649953604 -0.4348583221 -0.2503622472
v 13.58155918 2.46437645 -0.2925071418
vn 0.673867166 -4.524167084e-17 -0.7388525605
v 13.58155918 2.331501484 6.704611778
vn 0.8934497237 -0.4491631687 2.7503312e-17
v 13.58155918 2.46437645 6.704611778
vn 0.9877126813 0.1504730731 -0.04220855236
v 13.58155918 2.46437645 6.820008278
vn 0.952398181 1.866709738e-17 0.3048568368
v 13.58155918 2.331501484 6.820008278
vn 0.6209962964 -0.3121929169 0.7189570069
v 13.58155918 6.249693871 6.704611778
vn 0.9972676635 -0.04915428162 -0.05514572561
v 13.58155918 6.382568836 6.704611778
vn 0.8934495449 0.4491635263 -2.750333351e-17
v 13.58155918 6.382568836 6.820008278
vn 0.8649953604 0.4348587692 0.2503615916
v 13.58155918 6.249693871 6.820008278
vn 0.6738659143 4.524173701e-17 0.7388536334
v 13.58155918 6.382568836 -0.1771107614
vn 0.8934495449 0.4491635263 -2.750333351e-17
v 13.58155918 6.249693871 -0.1771107614
vn 0.9877124429 -0.1504758745 0.0422039181
v 13.58155918 6.249693871 -0.2925071418
vn 0.9523988366 -1.86669733e-17 -0.3048548102
v 13.58155918 6.382568836 -0.2925071418
vn 0.6209954023 0.3121927679 -0.7189578414
v 13.51475906 2.331501484 -0.1490515769
vn -0.9694747329 -0.2451911718 1.501362921e-17
v 13.51475906 2.331501484 6.676552773
vn -0.7073512077 -0.7068622708 4.328283105e-17
v 13.51475906 2.46437645 6.676552773
vn -0.9694747329 0.2451911569 -1.501362921e-17
v 13.51475906 2.46437645 -0.1490515769
vn -0.7073512077 0.7068622708 -4.328283105e-17
v 13.51475906 6.382568836 6.676552773
vn -0.9694746733 0.2451913953 -1.501364245e-17
v 13.51475906 6.382568836 -0.1490515769
vn -0.7073508501 0.7068626285 -4.328285421e-17
v 13.51475906 6.249693871 -0.1490515769
vn -0.9694746733 -0.2451914102 1.50136441e-17
v 13.51475906 6.249693871 6.676552773
vn -0.7073508501 -0.7068626285 4.328285421e-17
v 13.51475906 6.23395443 -0.2925071418
vn -0.9601063728 -1.712270816e-17 -0.279635042
v 13.51475906 2.480117798 -0.2925071418
vn -0.6560069323 -4.6215408e-17 -0.7547549009
v 13.51475906 2.480117798 -0.1771107614
vn -0.9601063132 1.712271974e-17 0.2796352208
v 13.51475906 6.23395443 -0.1771107614
vn -0.6560066342 4.621542124e-17 0.7547551394
v 13.51475906 2.480117798 6.820008278
vn -0.960106492 1.712267838e-17 0.2796345651
v 13.51475906 6.23395443 6.820008278
vn -0.6560075879 4.621537161e-17 0.7547543049
v 13.51475906 6.23395443 6.704611778
vn -0.9601065516 -1.712266846e-17 -0.2796343863
v 13.51475906 2.480117798 6.704611778
vn -0.6560078859 -4.621535506e-17 -0.7547540665
v 13.51475906 2.331501484 -0.2925071418
vn -0.8456736803 -0.2125723809 -0.4895396233
v 13.51475906 2.331501484 -0.1771107614
vn -0.7966515422 -0.6044388413 3.701120389e-17
v 13.51475906 2.46437645 -0.1771107614
vn -0.9947997332 0.09806525707 0.02750756964
v 13.51475906 2.46437645 -0.2925071418
vn -0.8421989679 -3.301444915e-17 -0.5391668677
v 13.51475906 2.46437645 6.820008278
vn -0.8768753409 2.943547687e-17 0.4807178378
v 13.51475906 2.46437645 6.704611778
vn -0.9935102463 0.07567815483 -0.08491261303
v 13.51475906 2.331501484 6.704611778
vn -0.9487479329 -0.31603387 1.935149338e-17
v 13.51475906 2.331501484 6.820008278
vn -0.6528782248 -0.6564417481 0.377934128
v 13.51475906 6.382568836 6.820008278
vn -0.8456741571 0.2125727087 0.4895386398
v 13.51475906 6.382568836 6.704611778
vn -0.7966504097 0.6044403315 -3.701129654e-17
v 13.51475906 6.249693871 6.704611778
vn -0.9947998524 -0.09806528687 -0.02750463039
v 13.51475906 6.249693871 6.820008278
vn -0.8422020078 3.301415798e-17 0.5391620994
v 13.51475906 6.249693871 -0.2925071418
vn -0.8768736124 -2.943566878e-17 -0.4807209373
v 13.51475906 6.249693871 -0.1771107614
vn -0.9935109615 -0.07567963004 0.08490336686
v 13.51475906 6.382568836 -0.1771107614
vn -0.9487475157 0.3160349727 -1.935156121e-17
v 13.51475906 6.382568836 -0.2925071418
vn -0.652877748 0.656441927 -0.3779347837
v 0.206262514 -1.701138139 -0.3420922458
vn -0.001043586526 -0.9790689349 -0.2035263777
v 0.206262514 -1.701138139 -0.862616241
vn -0.003115272615 -0.7747248411 0.6322908998
v 7.114724159 -1.701138139 -0.862616241
vn 0.001043586526 -0.9790689349 0.2035263479
v 7.114724159 -1.701138139 -0.3420922458
vn 0.003115273314 -0.7747247815 -0.6322908998
v 0.206262514 -1.890365601 -0.2925071418
vn 0 -0.2192200422 0.9756754637
v 0.206262514 -1.890365601 -0.3420922458
vn 0 -0.1299095601 -0.9915258288
v 7.114724159 -1.890365601 -0.3420922458
vn 0 -0.4641945362 -0.8857332468
v 7.114724159 -1.890365601 -0.2925071418
vn 0 -0.05608294532 0.9984261394
v 7.114724159 -1.890365601 -0.9121694565
vn 0 -0.1978215128 -0.98023808
v 7.114724159 -1.890365601 -0.862616241
vn 0 -0.1298274249 0.9915366173
v 0.206262514 -1.890365601 -0.862616241
vn 0 -0.46396029 0.8858559728
v 0.206262514 -1.890365601 -0.9121694565
vn 0 -0.05038832501 -0.9987297058
v 0.206262514 -1.399276972 -0.9121694565
vn 0 0.6295346618 -0.7769723535
v 7.114724159 -1.399276972 -0.9121694565
vn 0 0.5636782646 -0.825994432
v 7.114724159 -1.448992014 -0.2925071418
vn 0 6.123234263e-17 1
v 0.206262514 -1.448992014 -0.2925071418
vn 0 6.123234263e-17 1
v -5.589811325 -1.701138139 -0.3420922458
vn 0 -0.9838789105 -0.1788360178
v -5.589811325 -1.701138139 -0.862616241
vn 0 -0.8088159561 0.5880618691
v -0.7138102055 -1.701138139 -0.862616241
vn 0.001470118645 -0.9769233465 0.2135851085
v -0.7138102055 -1.701138139 -0.3420922458
vn 0.004310395569 -0.7609730959 -0.6487691402
v 12.91079617 -1.701138139 -0.862616241
vn 0 -0.9838789105 0.1788360178
v 12.91079617 -1.701138139 -0.3420922458
vn 0 -0.8088159561 -0.5880618691
v 8.034795761 -1.701138139 -0.3420922458
vn -0.001470118994 -0.9769233465 -0.2135850638
v 8.034795761 -1.701138139 -0.862616241
vn -0.0043103965 -0.7609731555 0.648769021
v -5.589811325 -1.890365601 -0.2925071418
vn 0 -0.2192200422 0.9756754637
v -5.589811325 -1.890365601 -0.3420922458
vn 0 -0.1299095601 -0.9915258288
v -0.7138102055 -1.890365601 -0.3420922458
vn 0 -0.4641945362 -0.8857332468
v -0.7138102055 -1.890365601 -0.2925071418
vn 0 -0.05608294532 0.9984261394
v 12.91079617 -1.890365601 -0.3420922458
vn 0 -0.4641945362 -0.8857332468
v 12.91079617 -1.890365601 -0.2925071418
vn 0 -0.05608294532 0.9984261394
v 8.034795761 -1.890365601 -0.2925071418
vn 0 -0.2192200422 0.9756754637
v 8.034795761 -1.890365601 -0.3420922458
vn 0 -0.1299095601 -0.9915258288
v 12.91079617 -1.890365601 -0.9121694565
vn 0 -0.1978215128 -0.98023808
v 12.91079617 -1.890365601 -0.862616241
vn 0 -0.1298274249 0.9915366173
v 8.034795761 -1.890365601 -0.862616241
vn 0 -0.46396029 0.8858559728
v 8.034795761 -1.890365601 -0.9121694565
vn 0 -0.05038832501 -0.9987297058
v -5.589811325 -1.890365601 -0.862616241
vn 0 -0.46396029 0.8858559728
v -5.589811325 -1.890365601 -0.9121694565
vn 0 -0.05038832501 -0.9987297058
v -0.7138102055 -1.890365601 -0.9121694565
vn 0 -0.1978215128 -0.98023808
v -0.7138102055 -1.890365601 -0.862616241
vn 0 -0.1298274249 0.9915366173
v -5.589811325 -1.399276972 -0.9121694565
vn 0 0.5869832039 -0.8095991015
v -0.7138102055 -1.399276972 -0.9121694565
vn 0 0.555170536 -0.8317365646
v 12.91079617 -1.399276972 -0.9121694565
vn 0 0.5869832039 -0.8095991015
v 8.034795761 -1.399276972 -0.9121694565
vn 0 0.6432464123 -0.7656592131
v 12.91079617 -1.448992014 -0.2925071418
vn 0 6.123234263e-17 1
v 8.034795761 -1.448992014 -0.2925071418
vn 0 6.123234263e-17 1
v -5.589811325 -1.448992014 -0.2925071418
vn 0 6.123234263e-17 1
v -0.7138102055 -1.448992014 -0.2925071418
vn 0 6.123234263e-17 1
v 0.1797944754 -1.686284065 -0.3689914942
vn -0.2824904025 -0.115800716 -0.9522548914
v 0.1797944754 -1.686284065 -0.8357169628
vn -0.6870826483 -0.1896761507 0.701384604
v -0.6873421669 -1.686284065 -0.3689914942
vn 0.6870826483 -0.1896761507 -0.701384604
v -0.6873421669 -1.686284065 -0.8357169628
vn 0.2824904025 -0.115800716 0.9522548914
v 7.141191483 -1.686284065 -0.8357169628
vn 0.2824906409 -0.1157987118 0.9522550702
v 7.141191483 -1.686284065 -0.3689914942
vn 0.6870831251 -0.1896748096 -0.7013845444
v 8.008327484 -1.686284065 -0.8357169628
vn -0.6870828867 -0.1896764934 0.701384306
v 8.008327484 -1.686284065 -0.3689914942
vn -0.2824905515 -0.1158014312 -0.9522547722
v 0.1797944754 -1.45921123 -0.3689914942
vn -0.4260647595 -0.8135195971 -0.3957962394
v 0.1797944754 -1.45921123 -0.8357169628
vn -0.116929777 -0.8930535913 0.4344913661
v -0.6873421669 -1.45921123 -0.3689914942
vn 0.116929777 -0.8930535913 -0.4344913661
v -0.6873421669 -1.45921123 -0.8357169628
vn 0.4260647595 -0.8135195971 0.3957962394
v 7.141191483 -1.45921123 -0.8357169628
vn 0.4260649979 -0.8135195374 0.3957961798
v 7.141191483 -1.45921123 -0.3689914942
vn 0.1169298589 -0.8930535913 -0.4344913363
v 8.008327484 -1.45921123 -0.8357169628
vn -0.1169298589 -0.8930535913 0.4344913363
v 8.008327484 -1.45921123 -0.3689914942
vn -0.4260649979 -0.8135195374 -0.3957961798
v -5.589811325 -1.399276972 -0.5561158061
vn 0 1 -6.123234263e-17
v -0.7138102055 -1.399276972 -0.5561158061
vn 0 1 -6.123234263e-17
v 0.206262514 -1.399276972 -0.5561158061
vn 0 1 -6.123234263e-17
v 7.114724159 -1.399276972 -0.5561158061
vn 0 1 -6.123234263e-17
v 8.034795761 -1.399276972 -0.5561158061
vn 0 1 -6.123234263e-17
v 12.91079617 -1.399276972 -0.5561158061
vn 0 1 -6.123234263e-17
v 3.499938726 -1.607085228 7.073710442
vn 0.05331188813 -0.9985778928 6.114526367e-17
v 3.499938726 -1.607085228 -0.3292915523
vn 0.05331188813 -0.9985778928 6.114526367e-17
v 3.812522888 -1.607085228 -0.3292915523
vn -0.0533117801 -0.9985778928 6.114526367e-17
v 3.812522888 -1.607085228 7.073710442
vn -0.0533117801 -0.9985778928 6.114526367e-17
v -5.383990765 -1.607085228 7.073710442
vn 0.03474386036 -0.9993962646 6.119537096e-17
v -5.383990765 -1.607085228 -0.3292915523
vn 0.03474386036 -0.9993962646 6.119537096e-17
v -4.939766407 -1.607085228 -0.3292915523
vn -0.0347494632 -0.9993960261 6.119535773e-17
v -4.939766407 -1.607085228 7.073710442
vn -0.0347494632 -0.9993960261 6.119535773e-17
v -4.114448071 -1.607085228 7.073710442
vn 0.05331169069 -0.9985778928 6.114526367e-17
v -4.114448071 -1.607085228 -0.3292915523
vn 0.05331169069 -0.9985778928 6.114526367e-17
v -3.801861286 -1.607085228 -0.3292915523
vn -0.05331187695 -0.9985778928 6.116805415e-17
v -3.801861286 -1.607085228 7.073710442
vn -0.05331187695 -0.9985778928 6.114526367e-17
v -3.026679039 -1.607085228 7.073710442
vn 0.05331187695 -0.9985778928 6.114526367e-17
v -3.026679039 -1.607085228 -0.3292915523
vn 0.05331187695 -0.9985778928 6.114526367e-17
v -2.714092731 -1.607085228 -0.3292915523
vn -0.05331169069 -0.9985778928 6.112246657e-17
v -2.714092731 -1.607085228 7.073710442
vn -0.05331169069 -0.9985778928 6.114526367e-17
v -1.938910484 -1.607085228 7.073710442
vn 0.05331160128 -0.9985779524 6.114526367e-17
v -1.938910484 -1.607085228 -0.3292915523
vn 0.05331160128 -0.9985779524 6.114526367e-17
v -1.626322985 -1.607085228 -0.3292915523
vn -0.05331178382 -0.9985778928 6.116805415e-17
v -1.626322985 -1.607085228 7.073710442
vn -0.05331178382 -0.9985778928 6.114526367e-17
v -0.8511404991 -1.607085228 7.073710442
vn 0.05331182852 -0.9985778928 6.114526367e-17
v -0.8511404991 -1.607085228 -0.3292915523
vn 0.05331182852 -0.9985778928 6.114526367e-17
v -0.5385537744 -1.607085228 -0.3292915523
vn -0.05331182852 -0.9985778928 6.114526367e-17
v -0.5385537744 -1.607085228 7.073710442
vn -0.05331182852 -0.9985778928 6.114526367e-17
v 0.2366295755 -1.607085228 7.073710442
vn 0.05331182852 -0.9985778928 6.119085125e-17
v 0.2366295755 -1.607085228 -0.3292915523
vn 0.05331182852 -0.9985778928 6.114526367e-17
v 0.5492153764 -1.607085228 -0.3292915523
vn -0.05331182852 -0.9985778928 6.109966948e-17
v 0.5492153764 -1.607085228 7.073710442
vn -0.05331182852 -0.9985778928 6.114526367e-17
v 1.324400783 -1.607085228 7.073710442
vn 0.05331182852 -0.9985778928 6.112246657e-17
v 1.324400783 -1.607085228 -0.3292915523
vn 0.05331182852 -0.9985778928 6.114526367e-17
v 1.636985183 -1.607085228 -0.3292915523
vn -0.05331180617 -0.9985778928 6.114526367e-17
v 1.636985183 -1.607085228 7.073710442
vn -0.05331180617 -0.9985778928 6.114526367e-17
v 2.412170887 -1.607085228 7.073710442
vn 0.0533118993 -0.9985778928 6.114526367e-17
v 2.412170887 -1.607085228 -0.3292915523
vn 0.0533118993 -0.9985778928 6.114526367e-17
v 2.724753141 -1.607085228 -0.3292915523
vn -0.0533118546 -0.9985778928 6.112246657e-17
v 2.724753141 -1.607085228 7.073710442
vn -0.0533118546 -0.9985778928 6.114526367e-17
v 12.69645405 -1.607085228 -0.3292915523
vn -0.0347465761 -0.9993961453 1.276674499e-08
v 12.69645405 -1.607085228 7.073710442
vn -0.03474386036 -0.9993962646 6.119537096e-17
v 12.25222778 -1.607085228 7.073710442
vn 0.03474924713 -0.9993960857 -8.393417517e-09
v 12.25222588 -1.607085228 -0.3292915523
vn 0.03474920243 -0.9993960857 -1.119120974e-08
v 11.42691231 -1.607085228 -0.3292915523
vn -0.05331187695 -0.9985778928 6.112246657e-17
v 11.42691231 -1.607085228 7.073710442
vn -0.05331187695 -0.9985778928 6.114526367e-17
v 11.11432457 -1.607085228 7.073710442
vn 0.05331150815 -0.9985779524 6.116806077e-17
v 11.11432457 -1.607085228 -0.3292915523
vn 0.05331150815 -0.9985779524 6.114526367e-17
v 10.33913994 -1.607085228 -0.3292915523
vn -0.05331160128 -0.9985779524 6.116806077e-17
v 10.33913994 -1.607085228 7.073710442
vn -0.05331160128 -0.9985779524 6.114526367e-17
v 10.02655411 -1.607085228 7.073710442
vn 0.05331233889 -0.9985778928 6.114526367e-17
v 10.02655411 -1.607085228 -0.3292915523
vn 0.05331233889 -0.9985778928 6.114526367e-17
v 9.251373291 -1.607085228 -0.3292915523
vn -0.05331178382 -0.9985778928 6.114526367e-17
v 9.251373291 -1.607085228 7.073710442
vn -0.05331178382 -0.9985778928 6.114526367e-17
v 8.938786507 -1.607085228 7.073710442
vn 0.05331160128 -0.9985779524 6.116806077e-17
v 8.938786507 -1.607085228 -0.3292915523
vn 0.05331160128 -0.9985779524 6.114526367e-17
v 8.163602829 -1.607085228 -0.3292915523
vn -0.05331155285 -0.9985779524 6.109967609e-17
v 8.163602829 -1.607085228 7.073710442
vn -0.05331155285 -0.9985779524 6.114526367e-17
v 7.851015091 -1.607085228 7.073710442
vn 0.05331182852 -0.9985778928 6.116805415e-17
v 7.851015091 -1.607085228 -0.3292915523
vn 0.05331182852 -0.9985778928 6.114526367e-17
v 7.075834274 -1.607085228 -0.3292915523
vn -0.05331178382 -0.9985778928 6.116805415e-17
v 7.075834274 -1.607085228 7.073710442
vn -0.05331178382 -0.9985778928 6.114526367e-17
v 6.763246536 -1.607085228 7.073710442
vn 0.05331187695 -0.9985778928 6.116805415e-17
v 6.763246536 -1.607085228 -0.3292915523
vn 0.05331187695 -0.9985778928 6.114526367e-17
v 5.988064289 -1.607085228 -0.3292915523
vn -0.0533118993 -0.9985778928 6.109966948e-17
v 5.988064289 -1.607085228 7.073710442
vn -0.0533118993 -0.9985778928 6.114526367e-17
v 5.675478935 -1.607085228 7.073710442
vn 0.05331162363 -0.9985779524 -1.180393472e-08
v 5.675478935 -1.607085228 -0.3292915523
vn 0.05331137031 -0.9985779524 6.114526367e-17
v 4.90029335 -1.607085228 -0.3292915523
vn -0.05331180617 -0.9985778928 6.116806077e-17
v 4.90029335 -1.607085228 7.073710442
vn -0.05331180617 -0.9985778928 6.114526367e-17
v 4.58770895 -1.607085228 7.073710442
vn 0.05331173912 -0.9985778928 6.114526367e-17
v 4.58770895 -1.607085228 -0.3292915523
vn 0.05331173912 -0.9985778928 6.114526367e-17
v -4.290929317 -1.845318794 7.073710442
vn 0.02096449398 -0.9997802377 1.181556897e-08
v -4.713154793 -1.845318794 7.073710442
vn -0.06774497777 -0.9977026582 6.109166899e-17
v -4.713154793 -1.845318794 -0.3292915523
vn -0.01892618462 -0.999820888 6.122137091e-17
v -4.290925026 -1.845318794 -0.3292915523
vn 0.07556191832 -0.9971411228 3.650281855e-08
v -3.203158855 -1.845318794 7.073710442
vn 0.02096453682 -0.9997802377 6.120096271e-17
v -3.625385046 -1.845318794 7.073710442
vn -0.07556246966 -0.9971410632 6.108957787e-17
v -3.625385046 -1.845318794 -0.3292915523
vn -0.02096457966 -0.9997802377 6.123680279e-17
v -3.203158855 -1.845318794 -0.3292915523
vn 0.07556191832 -0.9971411228 6.102498499e-17
v -2.115390301 -1.845318794 7.073710442
vn 0.02096452378 -0.9997802377 8.439703159e-09
v -2.537615776 -1.845318794 7.073710442
vn -0.07556238025 -0.9971410632 -1.825152118e-08
v -2.5376122 -1.845318794 -0.3292915523
vn -0.02096456662 -0.9997802377 -1.012766493e-08
v -2.11538744 -1.845318794 -0.3292915523
vn 0.07556182146 -0.9971411228 1.520949056e-08
v -1.027617335 -1.845318794 7.073710442
vn 0.02096464485 -0.9997802377 6.121888275e-17
v -1.449842572 -1.845318794 7.073710442
vn -0.07556131482 -0.9971411824 6.105728474e-17
v -1.449842572 -1.845318794 -0.3292915523
vn -0.02096452378 -0.9997802377 6.121888275e-17
v -1.027617335 -1.845318794 -0.3292915523
vn 0.07556288689 -0.9971410632 6.105727812e-17
v 0.06014918536 -1.845318794 7.073710442
vn 0.0209646523 -0.9997802377 5.063853337e-09
v -0.3620733917 -1.845318794 7.073710442
vn -0.07556242496 -0.9971410632 -1.673057248e-08
v -0.3620733917 -1.845318794 -0.3292915523
vn -0.02096470073 -0.9997802377 6.123680279e-17
v 0.0601509735 -1.845318794 -0.3292915523
vn 0.0755622834 -0.9971410632 9.125749934e-09
v 1.147920728 -1.845318794 7.073710442
vn 0.0209646225 -0.9997802377 6.121888275e-17
v 0.7256957889 -1.845318794 7.073710442
vn -0.07556182146 -0.9971411228 6.108958449e-17
v 0.7256957889 -1.845318794 -0.3292915523
vn -0.02096457407 -0.9997802377 6.123680279e-17
v 1.147920728 -1.845318794 -0.3292915523
vn 0.07556246966 -0.9971410632 6.105727812e-17
v 2.235690355 -1.845318794 7.073710442
vn 0.02096464857 -0.9997802377 6.121888275e-17
v 1.813465357 -1.845318794 7.073710442
vn -0.07556238025 -0.9971410632 6.105727812e-17
v 1.813465357 -1.845318794 -0.3292915523
vn -0.02096461691 -0.9997802377 6.121888275e-17
v 2.235690355 -1.845318794 -0.3292915523
vn 0.07556279749 -0.9971410632 6.105727812e-17
v 3.32345891 -1.845318794 7.073710442
vn 0.02096460573 -0.9997802377 6.121888275e-17
v 2.901233673 -1.845318794 7.073710442
vn -0.07556284219 -0.9971410632 6.102498499e-17
v 2.901233673 -1.845318794 -0.3292915523
vn -0.02096464112 -0.9997802377 6.120096271e-17
v 3.32345891 -1.845318794 -0.3292915523
vn 0.0755623877 -0.9971410632 6.105727812e-17
v 11.60338974 -1.845318794 -0.3292915523
vn -0.02096460946 -0.9997802377 1.68794756e-09
v 12.02561378 -1.845318794 -0.3292915523
vn 0.06774514169 -0.9977026582 -1.909054959e-08
v 12.02561569 -1.845318794 7.073710442
vn 0.01892631315 -0.999820888 -6.095343785e-09
v 11.60339069 -1.845318794 7.073710442
vn -0.07556265593 -0.9971410632 2.737738214e-08
v 10.51561832 -1.845318794 -0.3292915523
vn -0.02096466534 -0.9997802377 1.350361778e-08
v 10.93784523 -1.845318794 -0.3292915523
vn 0.07556173205 -0.9971411228 -9.125682432e-09
v 10.93784523 -1.845318794 7.073710442
vn 0.02096459456 -0.9997802377 6.121888275e-17
v 10.51562309 -1.845318794 7.073710442
vn -0.07556284219 -0.9971410632 3.954520622e-08
v 9.427848816 -1.845318794 -0.3292915523
vn -0.02096460946 -0.9997802377 1.012768536e-08
v 9.850074768 -1.845318794 -0.3292915523
vn 0.0755622834 -0.9971410632 -2.129341503e-08
v 9.850078583 -1.845318794 7.073710442
vn 0.0209646225 -0.9997802377 -1.181564091e-08
v 9.427852631 -1.845318794 7.073710442
vn -0.07556238025 -0.9971410632 2.737728266e-08
v 8.340082169 -1.845318794 -0.3292915523
vn -0.0209646374 -0.9997802377 3.375899782e-09
v 8.762306213 -1.845318794 -0.3292915523
vn 0.07556205243 -0.9971411228 -6.083814341e-09
v 8.762307167 -1.845318794 7.073710442
vn 0.0209646374 -0.9997802377 -3.37589956e-09
v 8.340083122 -1.845318794 7.073710442
vn -0.07556205243 -0.9971411228 6.083814341e-09
v 7.25231123 -1.845318794 -0.3292915523
vn -0.02096470073 -0.9997802377 9.283753322e-09
v 7.674536228 -1.845318794 -0.3292915523
vn 0.07556210458 -0.9971411228 -9.125727729e-09
v 7.674536228 -1.845318794 7.073710442
vn 0.0209646523 -0.9997802377 6.120095609e-17
v 7.252314568 -1.845318794 7.073710442
vn -0.07556246966 -0.9971410632 1.673058136e-08
v 6.164541721 -1.845318794 -0.3292915523
vn -0.02096464112 -0.9997802377 6.121888275e-17
v 6.58676672 -1.845318794 -0.3292915523
vn 0.07556179911 -0.9971411228 6.102498499e-17
v 6.58676672 -1.845318794 7.073710442
vn 0.02096456662 -0.9997802377 6.120095609e-17
v 6.164541721 -1.845318794 7.073710442
vn -0.07556277514 -0.9971410632 6.105727812e-17
v 5.076773167 -1.845318794 -0.3292915523
vn -0.02096462622 -0.9997802377 6.123680279e-17
v 5.498998165 -1.845318794 -0.3292915523
vn 0.0755622834 -0.9971410632 -1.673054051e-08
v 5.498998165 -1.845318794 7.073710442
vn 0.02096457034 -0.9997802377 6.121888275e-17
v 5.076773167 -1.845318794 7.073710442
vn -0.07556251436 -0.9971410632 6.108957787e-17
v 3.98900342 -1.845318794 -0.3292915523
vn -0.02096460573 -0.9997802377 6.121888275e-17
v 4.411228657 -1.845318794 -0.3292915523
vn 0.07556173205 -0.9971411228 6.105728474e-17
v 4.411228657 -1.845318794 7.073710442
vn 0.02096455544 -0.9997802377 6.121888275e-17
v 3.98900342 -1.845318794 7.073710442
vn -0.0755623877 -0.9971410632 6.105727812e-17
v 3.957812786 -1.826957226 -0.3292915523
vn -0.8343180418 -0.5512833595 3.299384574e-17
v 3.957812786 -1.826957226 7.073710442
vn -0.8343180418 -0.5512833595 3.37563706e-17
v 3.843715668 -1.62543869 7.073710442
vn -0.834305048 -0.5513030887 3.299503688e-17
v 3.843715668 -1.62543869 -0.3292915523
vn -0.834305048 -0.5513030887 3.223249547e-17
v 3.354649544 -1.826957226 7.073710442
vn 0.8343181014 -0.5512833595 3.451889547e-17
v 3.354649544 -1.826957226 -0.3292915523
vn 0.8343181014 -0.5512833595 3.37563706e-17
v 3.468746662 -1.62543869 -0.3292915523
vn 0.8343062997 -0.5513011813 3.452000389e-17
v 3.468746662 -1.62543869 7.073710442
vn 0.8343062997 -0.5513011813 3.52825453e-17
v -4.746856689 -1.828695655 -0.3292915523
vn -0.7542705536 -0.6565637589 4.020293323e-17
v -4.746856689 -1.828695655 7.073710442
vn -0.7542705536 -0.6565637589 4.020293323e-17
v -4.90606308 -1.623703003 7.073710442
vn -0.7542596459 -0.6565762758 4.020370085e-17
v -4.90606308 -1.623703003 -0.3292915523
vn -0.7542596459 -0.6565762758 4.020370085e-17
v -5.576903343 -1.828695655 7.073710442
vn 0.7897881269 -0.6133797169 3.75505455e-17
v -5.576903343 -1.828695655 -0.3292915523
vn 0.7897881269 -0.6133797169 3.755867503e-17
v -5.417694092 -1.62370038 -0.3292915523
vn 0.7542546391 -0.6565820575 4.020405488e-17
v -5.417694092 -1.62370038 7.073710442
vn 0.7542546391 -0.6565820575 4.020405488e-17
v -3.656574965 -1.826957226 -0.3292915523
vn -0.8343195915 -0.5512810946 3.378601014e-17
v -3.656574965 -1.826957226 7.073710442
vn -0.8343195915 -0.5512810946 3.375623164e-17
v -3.770672083 -1.62543869 7.073710442
vn -0.8343113065 -0.5512936115 3.378677445e-17
v -3.770672083 -1.62543869 -0.3292915523
vn -0.8343113065 -0.5512936115 3.381654965e-17
v -4.259738922 -1.826957226 7.073710442
vn 0.8343169689 -0.5512850285 1.875691282e-07
v -4.259735584 -1.826957226 -0.3292915523
vn 0.8343206048 -0.5512795448 3.35873068e-07
v -4.145638943 -1.62543869 -0.3292915523
vn 0.8343066573 -0.5513006449 1.539157211e-07
v -4.145638943 -1.62543869 7.073710442
vn 0.8343040347 -0.5513046384 3.375767424e-17
v -2.568804502 -1.826957226 -0.3292915523
vn -0.8343185186 -0.5512827039 -1.682859541e-08
v -2.568804502 -1.826957226 7.073710442
vn -0.8343216181 -0.5512779951 3.375604304e-17
v -2.682901621 -1.62543869 7.073710442
vn -0.834308207 -0.5512983203 3.372750862e-17
v -2.682901621 -1.62543869 -0.3292915523
vn -0.834308207 -0.5512983203 3.369773012e-17
v -3.171967268 -1.826957226 7.073710442
vn 0.8343143463 -0.5512889624 3.37269329e-17
v -3.171967268 -1.826957226 -0.3292915523
vn 0.8343143463 -0.5512889624 3.375671471e-17
v -3.057868958 -1.62543869 -0.3292915523
vn 0.834308207 -0.5512983203 3.375728712e-17
v -3.057868958 -1.62543869 7.073710442
vn 0.834308207 -0.5512983203 3.375728712e-17
v -1.481036663 -1.826957226 -0.3292915523
vn -0.8343122602 -0.5512921214 3.375690662e-17
v -1.481036663 -1.826957226 7.073710442
vn -0.8343122602 -0.5512921214 3.375690662e-17
v -1.595133662 -1.62543869 7.073710442
vn -0.8343113065 -0.5512936115 3.378677445e-17
v -1.595133662 -1.62543869 -0.3292915523
vn -0.8343113065 -0.5512936115 3.381654965e-17
v -2.084196329 -1.826957226 7.073710442
vn 0.8343179822 -0.5512834787 1.402382122e-08
v -2.084196329 -1.826957226 -0.3292915523
vn 0.8343206048 -0.5512795448 3.375613568e-17
v -1.970100999 -1.62543869 -0.3292915523
vn 0.8343123794 -0.5512920022 3.37569e-17
v -1.970100999 -1.62543869 7.073710442
vn 0.8343123794 -0.5512920022 3.37569e-17
v -0.3932636082 -1.826957226 -0.3292915523
vn -0.834313333 -0.5512905717 -1.847285631e-07
v -0.3932668865 -1.826957226 7.073710442
vn -0.834313333 -0.5512905717 -3.694571262e-07
v -0.5073638558 -1.62543869 7.073710442
vn -0.8343074322 -0.5512995124 -1.693074552e-07
v -0.5073638558 -1.62543869 -0.3292915523
vn -0.8343045712 -0.5513038039 3.528271074e-17
v -0.9964282513 -1.826957226 7.073710442
vn 0.8343195915 -0.5512810946 3.299370346e-17
v -0.9964282513 -1.826957226 -0.3292915523
vn 0.8343195915 -0.5512810946 3.375623164e-17
v -0.8823304176 -1.62543869 -0.3292915523
vn 0.8343087435 -0.5512975454 3.299469277e-17
v -0.8823304176 -1.62543869 7.073710442
vn 0.8343087435 -0.5512975454 3.223214805e-17
v 0.6945031881 -1.826957226 -0.3292915523
vn -0.8343148828 -0.5512881875 3.378644689e-17
v 0.6945031881 -1.826957226 7.073710442
vn -0.8343148828 -0.5512881875 3.375666508e-17
v 0.580406189 -1.62543869 7.073710442
vn -0.8343087435 -0.5512975454 3.369768379e-17
v 0.580406189 -1.62543869 -0.3292915523
vn -0.8343087435 -0.5512975454 3.363812679e-17
v 0.09134148806 -1.826957226 7.073710442
vn 0.8343164325 -0.5512858629 8.414277275e-09
v 0.09134148806 -1.826957226 -0.3292915523
vn 0.8343179822 -0.5512834787 3.375637722e-17
v 0.2054387778 -1.62543869 -0.3292915523
vn 0.834308207 -0.5512983203 3.381684082e-17
v 0.2054387778 -1.62543869 7.073710442
vn 0.834308207 -0.5512983203 3.387639782e-17
v 1.782274604 -1.826957226 -0.3292915523
vn -0.8343179822 -0.5512834787 3.375637722e-17
v 1.782274604 -1.826957226 7.073710442
vn -0.8343179822 -0.5512834787 3.375637722e-17
v 1.668177605 -1.62543869 7.073710442
vn -0.8343058825 -0.551301837 3.375750219e-17
v 1.668177605 -1.62543869 -0.3292915523
vn -0.8343058825 -0.551301837 3.375750219e-17
v 1.179111242 -1.826957226 7.073710442
vn 0.8343179822 -0.5512834787 3.375637722e-17
v 1.179111242 -1.826957226 -0.3292915523
vn 0.8343179822 -0.5512834787 3.375637722e-17
v 1.29320848 -1.62543869 -0.3292915523
vn 0.8343055844 -0.5513022542 3.372775016e-17
v 1.29320848 -1.62543869 7.073710442
vn 0.8343055844 -0.5513022542 3.369797165e-17
v 2.87004447 -1.826957226 -0.3292915523
vn -0.8343206048 -0.5512795448 3.372635718e-17
v 2.87004447 -1.826957226 7.073710442
vn -0.8343206048 -0.5512795448 3.375613568e-17
v 2.755947351 -1.62543869 7.073710442
vn -0.834302485 -0.551306963 3.372803471e-17
v 2.755947351 -1.62543869 -0.3292915523
vn -0.834302485 -0.551306963 3.36982562e-17
v 2.266879797 -1.826957226 7.073710442
vn 0.8343200684 -0.5512803197 3.375618532e-17
v 2.266879797 -1.826957226 -0.3292915523
vn 0.8343200684 -0.5512803197 3.375618532e-17
v 2.380976915 -1.62543869 -0.3292915523
vn 0.8343030214 -0.5513061881 3.375776689e-17
v 2.380976915 -1.62543869 7.073710442
vn 0.8343030214 -0.5513061881 3.375776689e-17
v 12.88936424 -1.828695655 -0.3292915523
vn -0.7897863388 -0.6133820415 2.617576342e-07
v 12.8893671 -1.828695655 7.073710442
vn -0.7897881269 -0.6133797169 3.179455916e-07
v 12.73015594 -1.62370038 7.073710442
vn -0.7542571425 -0.6565791368 2.593811246e-07
v 12.73015594 -1.623703003 -0.3292915523
vn -0.7542596459 -0.6565762758 2.378865531e-07
v 12.05931759 -1.828695655 7.073710442
vn 0.7542695403 -0.6565648913 -1.563786611e-07
v 12.05931568 -1.828695655 -0.3292915523
vn 0.754268527 -0.6565660834 -1.821878612e-07
v 12.21852303 -1.623703003 -0.3292915523
vn 0.7542591691 -0.6565768123 -1.540982453e-07
v 12.21852398 -1.623703003 7.073710442
vn 0.7542586327 -0.6565774083 -1.214569778e-07
v 11.57219791 -1.826957226 -0.3292915523
vn -0.834315896 -0.5512866378 2.715017047e-07
v 11.57220268 -1.826957226 7.073710442
vn -0.8343154192 -0.5512874126 5.373935323e-07
v 11.45810127 -1.62543869 7.073710442
vn -0.834308207 -0.5512983203 2.462656141e-07
v 11.45810127 -1.62543869 -0.3292915523
vn -0.8343123794 -0.5512920022 3.36973463e-17
v 10.96903801 -1.826957226 7.073710442
vn 0.8343164325 -0.5512858629 -1.007614117e-07
v 10.9690361 -1.826957226 -0.3292915523
vn 0.8343164325 -0.5512858629 -2.015228233e-07
v 11.0831337 -1.62543869 -0.3292915523
vn 0.8343087435 -0.5512975454 -9.234966569e-08
v 11.0831337 -1.62543869 7.073710442
vn 0.8343102932 -0.5512951612 3.381664891e-17
v 10.48442841 -1.826957226 -0.3292915523
vn -0.8343164325 -0.5512858629 1.903737683e-07
v 10.48443127 -1.826957226 7.073710442
vn -0.8343122602 -0.5512921214 3.358697143e-07
v 10.37033176 -1.62543869 7.073710442
vn -0.8343045712 -0.5513038039 1.539153374e-07
v 10.37033176 -1.62543869 -0.3292915523
vn -0.8343071342 -0.55129987 3.381694008e-17
v 9.881267548 -1.826957226 7.073710442
vn 0.8343148828 -0.5512881875 -1.963327634e-08
v 9.881267548 -1.826957226 -0.3292915523
vn 0.8343112469 -0.5512937307 3.375700588e-17
v 9.995366096 -1.62543869 -0.3292915523
vn 0.8343113065 -0.5512936115 3.299444792e-17
v 9.995366096 -1.62543869 7.073710442
vn 0.8343113065 -0.5512936115 3.22318999e-17
v 9.396659851 -1.826957226 -0.3292915523
vn -0.8343185186 -0.5512827039 1.175902611e-07
v 9.396661758 -1.826957226 7.073710442
vn -0.8343154192 -0.5512874126 2.015225817e-07
v 9.28256321 -1.62543869 7.073710442
vn -0.8343097568 -0.5512959361 9.234977938e-08
v 9.28256321 -1.62543869 -0.3292915523
vn -0.8343113065 -0.5512936115 3.375699926e-17
v 8.793498993 -1.826957226 7.073710442
vn 0.8343164325 -0.5512858629 -5.609518183e-09
v 8.793498993 -1.826957226 -0.3292915523
vn 0.8343154192 -0.5512874126 3.375661876e-17
v 8.907595634 -1.62543869 -0.3292915523
vn 0.8343092203 -0.551296711 3.378696636e-17
v 8.907595634 -1.62543869 7.073710442
vn 0.8343092203 -0.551296711 3.381674486e-17
v 8.308890343 -1.826957226 -0.3292915523
vn -0.834315896 -0.5512866378 5.609514631e-09
v 8.308890343 -1.826957226 7.073710442
vn -0.8343148828 -0.5512881875 3.375666508e-17
v 8.194793701 -1.62543869 7.073710442
vn -0.8343092203 -0.551296711 3.369763416e-17
v 8.194793701 -1.62543869 -0.3292915523
vn -0.8343092203 -0.551296711 3.363807716e-17
v 7.705729008 -1.826957226 7.073710442
vn 0.8343143463 -0.5512889624 -1.00761163e-07
v 7.7057271 -1.826957226 -0.3292915523
vn 0.8343143463 -0.5512889624 -2.015223259e-07
v 7.819826126 -1.62543869 -0.3292915523
vn 0.8343097568 -0.5512959361 -9.234977938e-08
v 7.819826126 -1.62543869 7.073710442
vn 0.8343113065 -0.5512936115 3.381654965e-17
v 7.221120834 -1.826957226 -0.3292915523
vn -0.8343151212 -0.5512878299 1.542615102e-08
v 7.221120834 -1.826957226 7.073710442
vn -0.8343122602 -0.5512921214 3.375690662e-17
v 7.107023716 -1.62543869 7.073710442
vn -0.8343108296 -0.5512943864 3.378682078e-17
v 7.107023716 -1.62543869 -0.3292915523
vn -0.8343108296 -0.5512943864 3.381659928e-17
v 6.617959499 -1.826957226 7.073710442
vn 0.8343122602 -0.5512921214 3.372712481e-17
v 6.617959499 -1.826957226 -0.3292915523
vn 0.8343122602 -0.5512921214 3.375690662e-17
v 6.732058048 -1.62543869 -0.3292915523
vn 0.8343097568 -0.5512959361 3.378691673e-17
v 6.732058048 -1.62543869 7.073710442
vn 0.8343097568 -0.5512959361 3.381669192e-17
v 6.13335228 -1.826957226 -0.3292915523
vn -0.8343200684 -0.5512803197 3.375618532e-17
v 6.13335228 -1.826957226 7.073710442
vn -0.8343200684 -0.5512803197 3.375618532e-17
v 6.019255161 -1.62543869 7.073710442
vn -0.8343084455 -0.5512979031 3.369770696e-17
v 6.019255161 -1.62543869 -0.3292915523
vn -0.8343084455 -0.5512979031 3.363814995e-17
v 5.530190945 -1.826957226 7.073710442
vn 0.8343172073 -0.5512846708 -3.540326645e-07
v 5.530187607 -1.826957226 -0.3292915523
vn 0.8343200684 -0.5512803197 -3.694601389e-07
v 5.644284725 -1.62543869 -0.3292915523
vn 0.834305346 -0.5513026118 -3.540338298e-07
v 5.644288063 -1.62543869 7.073710442
vn 0.834308207 -0.5512983203 -3.694548809e-07
v 5.045582771 -1.826957226 -0.3292915523
vn -0.8343185186 -0.5512827039 3.37861094e-17
v 5.045582771 -1.826957226 7.073710442
vn -0.8343185186 -0.5512827039 3.37563309e-17
v 4.931485653 -1.62543869 7.073710442
vn -0.8343058825 -0.551301837 3.378728069e-17
v 4.931485653 -1.62543869 -0.3292915523
vn -0.8343058825 -0.551301837 3.381705919e-17
v 4.442421436 -1.826957226 7.073710442
vn 0.8343185186 -0.5512827039 3.37563309e-17
v 4.442421436 -1.826957226 -0.3292915523
vn 0.8343185186 -0.5512827039 3.37563309e-17
v 4.556516171 -1.62543869 -0.3292915523
vn 0.8343092203 -0.551296711 3.375718786e-17
v 4.556516171 -1.62543869 7.073710442
vn 0.8343092203 -0.551296711 3.375718786e-17
v 12.90227318 -1.845318794 -0.3292915523
vn -0.7898110151 -0.6133502722 3.734003135e-17
v 12.90227318 -1.845318794 7.073710442
vn -0.7898452878 -0.6133061051 1.589843066e-07
v -5.589811325 -1.845318794 7.073710442
vn 0.7898384333 -0.6133149862 3.733787075e-17
v -5.589811325 -1.845318794 -0.3292915523
vn 0.7898384333 -0.6133149862 3.744629097e-17
v -6.272149086 -1.584051013 -0.5098080635
vn -0.9776479602 0.02284038812 -0.2090042531
v -6.272149086 -1.674765468 -0.5395165086
vn -0.9408565164 0.2420110703 -0.237106815
v -6.272149086 -1.905562639 -0.4421025515
vn -0.9963521361 -0.07096789032 0.04739235714
v -6.004272938 -1.923549294 -0.5126705766
vn -0.02484824322 -0.9744653106 -0.2231589258
v -5.915271282 -1.923549294 -0.5424001813
vn -0.2780574858 -0.9226720929 -0.2671333253
v -5.732100964 -1.923549294 -0.4421025515
vn 0.09258268774 -0.9943372607 0.05217177793
v -6.272149086 -1.317427278 -0.4435071349
vn -0.9925926924 0.04629436135 0.11232353
v -6.25450325 -1.318827987 -0.4241624475
vn -0.03466707096 0.05660670996 0.9977945089
v -6.25450325 -1.300841451 -0.4421025515
vn -0.06073891744 0.9975280166 0.03533542529
v -6.25450325 -1.905562639 -0.4241624475
vn -0.03451254591 -0.01671557501 0.9992644787
v -6.256599903 -1.923549294 -0.4442092776
vn -0.05114230141 -0.9925426245 0.1106506065
v -6.25450325 -1.923549294 -0.9152233005
vn -0.1216899455 -0.9901964664 -0.06857503206
v -6.272149086 -1.905562639 -0.9152233005
vn -0.9929501414 -0.045166675 -0.1095899045
v -6.25450325 -1.905562639 -0.9331523776
vn -0.03220208362 -0.05657669902 -0.9978787899
v -5.732100964 -1.300841451 -0.4421025515
vn 0.01691558585 0.9991868734 0.03659825027
v -5.732100964 -1.318827987 -0.4241624475
vn 0.0331973955 0.01504728943 0.9993355274
v -5.714455605 -1.318827987 -0.4421025515
vn 0.9978458285 0.05557655543 0.03485683724
v -5.732100964 -1.905562639 -0.4241624475
vn 0.03209949657 -0.0599735342 0.9976837039
v -5.714455605 -1.905562639 -0.4421025515
vn 0.999245584 -0.01479873993 0.035906028
v -6.272149086 -1.318827987 -0.9152233005
vn -0.9917908907 0.108211346 -0.06812586635
v -6.25450325 -1.300841451 -0.9152233005
vn -0.01691557467 0.9991868734 -0.03659906983
v -6.25450325 -1.318827987 -0.9331523776
vn -0.03317698091 0.01503805257 -0.9993363619
v -5.732100964 -1.300841451 -0.9152233005
vn 0.06323248893 0.9973701835 -0.03541755676
v -5.714455605 -1.318827987 -0.9152233005
vn 0.999245584 0.01479873899 -0.03590683267
v -5.732100964 -1.318827987 -0.9331523776
vn 0.03220211715 0.0565767251 -0.9978787899
v -5.732100964 -1.923549294 -0.9152233005
vn 0.05635326356 -0.9909379482 -0.1219276264
v -5.732100964 -1.905562639 -0.9331523776
vn 0.03317701817 -0.01503805257 -0.9993363619
v -5.714455605 -1.905562639 -0.9152233005
vn 0.9978457689 -0.05557712913 -0.0348575972
v -6.272149086 -1.710211754 -0.607137084
vn -0.9236583114 0.3814829588 -0.03641615808
v -6.272149086 -1.493336678 -0.8266406655
vn -0.9138143063 -0.2901399136 0.2841869295
v -6.272149086 -1.457890391 -0.7589882612
vn -0.980951488 -0.1933739334 0.01845778711
v -6.272149086 -1.674765468 -0.8266406655
vn -0.926905334 0.1896755993 0.3238358796
v -6.272149086 -1.584051013 -0.856327951
vn -0.9730955362 -0.02498565242 0.2290433347
v -6.272149086 -1.710211754 -0.7589882612
vn -0.9935857654 0.1097849086 0.02710349672
v -6.272149086 -1.493336678 -0.5394846201
vn -0.9064209461 -0.2134433389 -0.3644764125
v -5.880496979 -1.923549294 -0.6100526452
vn -0.4705806673 -0.8812552691 -0.04407894611
v -6.004272938 -1.923549294 -0.8592113256
vn 0.02893102169 -0.9651740789 0.2600039244
v -5.915271282 -1.923549294 -0.8295028806
vn -0.2223677933 -0.9010572433 0.3723552525
v -5.880496979 -1.923549294 -0.7618504763
vn -0.1450616717 -0.9887983799 0.03514040262
v -6.093267441 -1.923549294 -0.8295028806
vn 0.3123139441 -0.9013411999 0.3000733852
v -6.128043175 -1.923549294 -0.7618504763
vn 0.2146647125 -0.976480782 0.02010817826
v -6.093267441 -1.923549294 -0.5424001813
vn 0.2249087989 -0.8987172246 -0.3764615953
v -6.217955112 -1.674765468 -0.5395165086
vn 0.9258352518 0.1846140325 -0.3297676742
v -6.217955112 -1.584051013 -0.5098080635
vn 0.9863122106 -0.03809707239 -0.1604269594
v -6.229370594 -1.879062414 -0.4676184058
vn 0.2685613036 0.1805415154 -0.9461921453
v -5.915271282 -1.86830771 -0.5424001813
vn -0.2127011567 0.9022383094 -0.3751323819
v -6.004272938 -1.86830771 -0.5126705766
vn 0.04259881005 0.9858507514 -0.1621221155
v -5.75748539 -1.881439447 -0.46972543
vn -0.8534026146 0.2201275975 -0.4724910855
v -6.217955112 -1.710211754 -0.607137084
vn 0.9520463347 0.2958676815 -0.07791054249
v -6.217955112 -1.493336678 -0.8266406655
vn 0.8772665262 -0.2378506064 0.4169299006
v -6.225013256 -1.342951179 -0.8917819858
vn 0.1393876523 -0.6135967374 0.7772194743
v -6.217955112 -1.457890391 -0.7589882612
vn 0.9901235104 -0.1317813694 0.04784443229
v -6.217955112 -1.584051013 -0.856327951
vn 0.9770973921 0.03438841179 0.209995538
v -6.217955112 -1.674765468 -0.8266406655
vn 0.9308636189 0.2657663226 0.2507213652
v -6.22735548 -1.878661036 -0.8921652436
vn 0.4073664546 0.2642944455 0.8741859198
v -6.217955112 -1.710211754 -0.7589882612
vn 0.9928414822 0.1182447597 0.01685159653
v -6.22689867 -1.342617393 -0.4677781463
vn 0.336037308 -0.5843001008 -0.7386963367
v -6.217955112 -1.493336678 -0.5394846201
vn 0.9056141376 -0.3081828356 -0.2913527489
v -5.880496979 -1.86830771 -0.6100526452
vn -0.3752921522 0.9217225909 -0.0978942886
v -6.004272938 -1.86830771 -0.8592113256
vn -0.04940053448 0.9686841369 0.2433323711
v -5.755768299 -1.876116514 -0.8911647797
vn -0.4012389183 0.1625294983 0.9014385343
v -5.915271282 -1.86830771 -0.8295028806
vn -0.3235220611 0.8968297243 0.3017117083
v -5.880496979 -1.86830771 -0.7618504763
vn -0.1645145565 0.9859960079 0.02732779644
v -6.093267441 -1.86830771 -0.8295028806
vn 0.2498544604 0.8649471998 0.4352460206
v -6.128043175 -1.86830771 -0.7618504763
vn 0.1301885098 0.9902174473 0.05020261556
v -6.093267441 -1.86830771 -0.5424001813
vn 0.3222708106 0.8989755511 -0.2966217101
v -6.272149086 -1.457890391 -0.607137084
vn -0.9161310196 -0.3891939223 -0.09608347714
v -6.128043175 -1.923549294 -0.6100526452
vn 0.420750618 -0.9014319777 -0.1019280478
v -5.757509708 -1.342951179 -0.4697039723
vn -0.3379421234 -0.5809293389 -0.7404837608
v -5.759250164 -1.344724178 -0.8911647797
vn -0.8183096051 -0.3580821753 0.4496071041
v -6.217955112 -1.457890391 -0.607137084
vn 0.8564005494 -0.5143103004 -0.04542065784
v -6.128043175 -1.86830771 -0.6100526452
vn 0.5545416474 0.8308121562 -0.04727247357
v -5.917649746 1.873648643 7.138905048
vn -0.9991968274 -0.04007147998 2.436685694e-18
v -5.917649746 1.873648643 -0.3856012225
vn -0.9991968274 -0.04007147998 2.453670401e-18
v -5.917649746 1.44464767 -0.3856012225
vn -0.9991968274 0.04007147998 -2.436685694e-18
v -5.917649746 1.44464767 7.138905048
vn -0.9991968274 0.04007147998 -2.453670401e-18
v -5.917649746 6.040267467 7.138905048
vn -0.9996843934 -0.02512148581 1.544719469e-18
v -5.917649746 6.040267467 -0.3856012225
vn -0.9996843934 -0.02512148581 1.538247401e-18
v -5.917649746 5.435305119 -0.3856012225
vn -0.9996491671 0.02648618631 -1.621811151e-18
v -5.917649746 5.435305119 7.138905048
vn -0.9996491671 0.02648618631 -1.621811151e-18
v -5.917649746 4.499214649 7.138905048
vn -0.9991968274 -0.04007167369 2.436697068e-18
v -5.917649746 4.499214649 -0.3856012225
vn -0.9991968274 -0.04007167369 2.453682395e-18
v -5.917649746 4.070216656 -0.3856012225
vn -0.9991968274 0.04007165879 -2.436696034e-18
v -5.917649746 4.070216656 7.138905048
vn -0.9991968274 0.04007165879 -2.453681361e-18
v -5.917649746 3.186434507 7.138905048
vn -0.9991968274 -0.0400714837 2.453670607e-18
v -5.917649746 3.186434507 -0.3856012225
vn -0.9991968274 -0.0400714837 2.453670607e-18
v -5.917649746 2.75743413 -0.3856012225
vn -0.9991968274 0.0400711894 -2.453652616e-18
v -5.917649746 2.75743413 7.138905048
vn -0.9991968274 0.0400711894 -2.453652616e-18
v -5.917649746 -1.409184456 -0.3856012225
vn -0.9997239113 0.02349767461 -1.432245343e-18
v -5.917649746 -1.409184456 7.138905048
vn -0.9997239113 0.02349767461 -1.438817603e-18
v -5.917649746 -0.804223597 7.138905048
vn -0.9996491671 -0.02648621239 1.634561416e-18
v -5.917649746 -0.804223597 -0.3856012225
vn -0.9996491671 -0.02648621239 1.621812805e-18
v -5.917649746 0.1318665147 -0.3856012225
vn -0.9991968274 0.04007147998 -2.470655727e-18
v -5.917649746 0.1318665147 7.138905048
vn -0.9991968274 0.04007147998 -2.453670401e-18
v -5.917649746 0.5608662963 7.138905048
vn -0.9991968274 -0.04007159546 2.453677432e-18
v -5.917649746 0.5608662963 -0.3856012225
vn -0.9991968274 -0.04007159546 2.453677432e-18
v -6.181760788 4.681731224 7.138905048
vn -0.9998509884 -0.0172614269 1.07159108e-18
v -6.181760788 5.200485706 7.138905048
vn -0.9983361959 0.05766099319 -3.502965551e-18
v -6.181760788 5.200485706 -0.3856012225
vn -0.9998753071 0.0157930851 -9.518451061e-19
v -6.181760788 4.681731224 -0.3856012225
vn -0.9979881048 -0.06340170652 3.909109164e-18
v -6.181760788 3.368947506 7.138905048
vn -0.9998509884 -0.01726148464 1.05696115e-18
v -6.181760788 3.887700081 7.138905048
vn -0.9979881048 0.06340184808 -3.882243578e-18
v -6.181760788 3.887700081 -0.3856012225
vn -0.9998509884 0.01726148464 -1.05696115e-18
v -6.181760788 3.368947506 -0.3856012225
vn -0.9979881048 -0.06340184808 3.882243578e-18
v -6.181760788 2.056161642 7.138905048
vn -0.9998509884 -0.0172613468 1.056952672e-18
v -6.181760788 2.57491827 7.138905048
vn -0.9979881644 0.06340068579 -3.882172441e-18
v -6.181760788 2.57491827 -0.3856012225
vn -0.9998509884 0.01726130024 -1.05694988e-18
v -6.181760788 2.056161642 -0.3856012225
vn -0.9979881048 -0.06340131164 3.882210905e-18
v -6.181760788 -0.05065048859 -0.3856012225
vn -0.9998509884 0.01726147346 -1.042326671e-18
v -6.181760788 -0.5694030523 -0.3856012225
vn -0.9983361959 -0.05766118318 3.502977132e-18
v -6.181760788 -0.5694030523 7.138905048
vn -0.9998753071 -0.01579314284 9.518486216e-19
v -6.181760788 -0.05065048859 7.138905048
vn -0.9979881048 0.06340172142 -3.855360622e-18
v -6.181760788 1.262135863 -0.3856012225
vn -0.9998509884 0.01726145111 -1.086225766e-18
v -6.181760788 0.7433819771 -0.3856012225
vn -0.9979881048 -0.06340099126 3.855314714e-18
v -6.181760788 0.7433819771 7.138905048
vn -0.9998509884 -0.01726138778 1.042320571e-18
v -6.181760788 1.262135863 7.138905048
vn -0.9979881048 0.06340184808 -3.93599212e-18
v -6.163314342 1.293118477 -0.3856012225
vn -0.5249797702 0.8511146903 -5.216992389e-17
v -6.163314342 1.293118477 7.138905048
vn -0.5249797702 0.8511146903 -5.211574356e-17
v -5.936096668 1.413665056 7.138905048
vn -0.5249790549 0.8511151671 -5.208868152e-17
v -5.936096668 1.413665056 -0.3856012225
vn -0.5249790549 0.8511151671 -5.206159301e-17
v -6.163314342 2.025177956 7.138905048
vn -0.5249828696 -0.851112783 5.211562776e-17
v -6.163314342 2.025177956 -0.3856012225
vn -0.5249828696 -0.851112783 5.211562776e-17
v -5.936096668 1.904631257 -0.3856012225
vn -0.524979353 -0.8511149883 5.208867159e-17
v -5.936096668 1.904631257 7.138905048
vn -0.524979353 -0.8511149883 5.206158308e-17
v -6.164843559 5.234007359 -0.3856012225
vn -0.6314437389 0.775421679 -4.590383554e-17
v -6.164843559 5.234007359 7.138905048
vn -0.6314437389 0.775421679 -4.748088515e-17
v -5.934566498 5.401781559 7.138905048
vn -0.6314471364 0.7754189372 -4.592921344e-17
v -5.934566498 5.401781559 -0.3856012225
vn -0.6314471364 0.7754189372 -4.437770716e-17
v -6.165686131 6.26899147 7.138905048
vn -0.6416956186 -0.7669594288 4.696271937e-17
v -6.165686131 6.26899147 -0.3856012225
vn -0.6416956186 -0.7669594288 4.696271937e-17
v -5.933722496 6.074913502 -0.3856012225
vn -0.6779080033 -0.7351467609 4.502703071e-17
v -5.933722496 6.074913502 7.138905048
vn -0.6779080033 -0.7351467609 4.503930276e-17
v -6.163314342 3.91868329 -0.3856012225
vn -0.5249894857 0.8511087298 -5.134199551e-17
v -6.163314342 3.91868329 7.138905048
vn -0.5249894857 0.8511087298 -5.21153796e-17
v -5.936096668 4.039233208 7.138905048
vn -0.5249893069 0.8511087894 -5.131491361e-17
v -5.936096668 4.039233208 -0.3856012225
vn -0.5249893069 0.8511087894 -5.051444101e-17
v -6.163314342 4.650748253 7.138905048
vn -0.524989903 -0.8511084914 5.136906747e-17
v -6.163314342 4.650748253 -0.3856012225
vn -0.524989903 -0.8511084914 5.211536306e-17
v -5.936096668 4.530198097 -0.3856012225
vn -0.5249900818 -0.8511083722 5.131488384e-17
v -5.936096668 4.530198097 7.138905048
vn -0.5249900818 -0.8511083722 5.051441123e-17
v -6.163314342 2.605904818 -0.3856012225
vn -0.5249801874 0.8511144519 -5.211573033e-17
v -6.163314342 2.605904818 7.138905048
vn -0.5249801874 0.8511144519 -5.211573033e-17
v -5.936096668 2.726447582 7.138905048
vn -0.5249792933 0.8511149883 -5.211576341e-17
v -5.936096668 2.726447582 -0.3856012225
vn -0.5249792933 0.8511149883 -5.211576341e-17
v -6.163314342 3.337964296 7.138905048
vn -0.5249814987 -0.851113677 5.21156807e-17
v -6.163314342 3.337964296 -0.3856012225
vn -0.5249814987 -0.851113677 5.21156807e-17
v -5.936096668 3.217417717 -0.3856012225
vn -0.5249803662 -0.8511143327 5.211572371e-17
v -5.936096668 3.217417717 7.138905048
vn -0.5249803662 -0.8511143327 5.211572371e-17
v -6.164843559 -0.6029247046 7.138905048
vn -0.631444335 -0.7754212022 4.590380576e-17
v -6.164843559 -0.6029247046 -0.3856012225
vn -0.631444335 -0.7754212022 4.748085537e-17
v -5.934566498 -0.7706992626 -0.3856012225
vn -0.6314494014 -0.7754170895 4.595464428e-17
v -5.934566498 -0.7706992626 7.138905048
vn -0.6314494014 -0.7754170895 4.442868465e-17
v -6.166700363 -1.672082901 -0.3856012225
vn -0.69643718 0.7176177502 -4.394141571e-17
v -6.166700363 -1.672082901 7.138905048
vn -0.69643718 0.7176177502 -4.394141571e-17
v -5.932710648 -1.444999337 7.138905048
vn -0.7259677052 0.6877288222 -4.209961205e-17
v -5.932710648 -1.444999337 -0.3856012225
vn -0.7259677052 0.6877288222 -4.208797858e-17
v -6.163314342 -0.01966665685 -0.3856012225
vn -0.524989903 0.8511084914 -5.286165533e-17
v -6.163314342 -0.01966665685 7.138905048
vn -0.524989903 0.8511084914 -5.211536306e-17
v -5.936096668 0.1008826792 7.138905048
vn -0.5249889493 0.8511090279 -5.291586875e-17
v -5.936096668 0.1008826792 -0.3856012225
vn -0.5249889493 0.8511090279 -5.371634136e-17
v -6.163314342 0.7123954296 7.138905048
vn -0.524989903 -0.8511084914 5.286165202e-17
v -6.163314342 0.7123954296 -0.3856012225
vn -0.524989903 -0.8511084914 5.211536306e-17
v -5.936096668 0.5918487906 -0.3856012225
vn -0.5249788761 -0.8511152864 5.288916405e-17
v -5.936096668 0.5918487906 7.138905048
vn -0.5249788761 -0.8511152864 5.366254815e-17
v -6.181760788 6.282440662 7.138905048
vn -0.6416909099 -0.7669633627 4.69629609e-17
v -6.181760788 6.282440662 -0.3856012225
vn -0.6416909099 -0.7669633627 4.69629609e-17
v -6.181760788 -1.686698914 -0.3856012225
vn -0.6964409947 0.7176141143 -4.394119072e-17
v -6.181760788 -1.686698914 7.138905048
vn -0.6964409947 0.7176141143 -4.394119072e-17
v -6.238933563 6.270634174 -0.9121694565
vn -0.4515818655 -5.463331077e-17 -0.8922296762
v -6.238933563 6.528865814 -0.9121694565
vn -0.9972875714 0.06794001907 -0.02831259556
v -6.220028877 6.548136711 -0.9121694565
vn -0.02790175378 0.9124649763 -0.4082022905
v -6.220028877 -1.902592897 -0.9121694565
vn -0.01422997564 -0.9168026447 -0.3990870118
v -6.238933563 -1.883322716 -0.9121694565
vn -0.9972473383 -0.0727199018 -0.0144764483
v -6.238933563 -1.636608601 -0.9121694565
vn -0.8851957917 -2.848642939e-17 -0.465218693
v -6.238933563 -1.646243691 -0.3021261394
vn -0.9989219308 0.01962338574 0.04207084328
v -6.238933563 6.280268669 -0.3021261394
vn -0.9997329712 -0.0203558784 0.01093782671
v -5.608715534 6.270634174 -0.9121694565
vn 0.05473835394 -6.114053882e-17 -0.9985007048
v -5.608715534 -1.636608601 -0.9121694565
vn 0.01551207807 1.540791317e-07 -0.9998796582
v -6.220028877 -1.636608601 7.357759476
vn -0.01620458439 6.123359333e-17 0.999868691
v -5.608715534 -1.636608601 7.357759476
vn 0.0563832745 6.112468342e-17 0.9984092116
v -5.608715534 6.270634174 7.357759476
vn 0.01626159623 -6.237644357e-07 0.9998677969
v -6.220028877 6.270634174 7.357759476
vn -0.05639956892 6.113487428e-17 0.998408258
v -6.220028877 -1.902592897 7.357759476
vn -0.03221647814 -0.7343423367 0.678014338
v -6.220028877 -1.902592897 7.073710442
vn -0.05823485181 -0.9983029366 6.112842227e-17
v -5.608715534 -1.902592897 7.073710442
vn 0.01609294675 -0.9998704791 6.111292805e-07
v -5.608715534 -1.902592897 7.357759476
vn 0.06295132637 -0.7183676362 0.6928095818
v -6.220028877 6.548136711 -0.2925071418
vn -0.0571080558 0.9983680248 -6.113240598e-17
v -5.608715534 6.548136711 -0.2925071418
vn 0.01670232415 0.9998605251 -1.021480358e-07
v -5.608715534 6.548136711 -0.9121694565
vn 0.05247361585 0.9068236351 -0.4182313383
v -5.608715534 -1.902592897 -0.9121694565
vn 0.06629134715 -0.9210034609 -0.3838725388
v -5.608715534 -1.902592897 -0.2925071418
vn 0.05310986564 -0.9985886812 6.11459188e-17
v -6.220028877 -1.902592897 -0.2925071418
vn -0.01736614108 -0.9998492002 6.122310468e-17
v -6.220028877 6.548136711 7.073710442
vn -0.01634743996 0.9998663664 -6.121881657e-17
v -5.608715534 6.548136711 7.073710442
vn 0.05615594238 0.9984220266 -6.11357147e-17
v -6.238933563 6.270634174 7.338531971
vn -0.9993018508 2.287683583e-18 0.03736070916
v -6.238933563 6.280268669 7.08331871
vn -0.9969422817 -0.03303136304 -0.07081639022
v -6.238933563 -1.646243691 7.08331871
vn -0.999180913 0.0356465131 -0.01915394515
v -6.238933563 -1.636608601 7.338531971
vn -0.9924236536 7.560758362e-18 0.1228628308
v -6.220028877 6.548136711 7.357759476
vn -0.03982063383 0.8902163506 0.4537941813
v -5.608715534 6.548136711 7.357759476
vn 0.04156440124 0.4713770449 0.8809518218
v -6.238933563 -1.883322716 -0.2925071418
vn -0.9972980022 -0.07346196473 4.498247876e-18
v -6.238933563 6.528865814 -0.2925071418
vn -0.997526288 0.07029417902 -4.304277331e-18
v -6.238933563 6.528865814 7.073710442
vn -0.9975247383 0.07031670958 -4.293289891e-18
v -6.238933563 -1.883322716 7.073710442
vn -0.9972801208 -0.0737047419 4.480792297e-18
v -6.238933563 6.528865814 7.338531971
vn -0.9969825745 0.0702400431 0.03304636851
v -6.238933563 -1.883322716 7.338531971
vn -0.990896821 -0.06178150326 0.1196098253
v -6.220028877 6.270634174 -0.2925071418
vn -0.03509341925 -0.4219502211 0.9059395194
v -6.220028877 -1.636608601 -0.2925071418
vn -0.03578207269 0.8805586696 0.4725844562
v -5.874489784 -1.636608601 -0.2925071418
vn 0 0.4222322404 0.9064877033
v -5.874489784 6.270634174 -0.2925071418
vn 0 -0.8811095953 0.4729121327
v -6.220028877 -1.636608601 7.073710442
vn -0.03506743908 0.4219506085 -0.9059403539
v -6.220028877 6.270634174 7.073710442
vn -0.03576673567 -0.8805591464 -0.4725847244
v -5.874489784 6.270634174 7.073710442
vn 0 -0.4222322404 -0.9064877033
v -5.874489784 -1.636608601 7.073710442
vn 0 0.8811095953 -0.4729121327
v -5.589811325 -1.883276224 -0.8930271268
vn 0.9982794523 -0.04444046319 -0.03825226054
v -5.589811325 -1.618467927 -0.8929418921
vn 0.9964643121 2.028090051e-07 -0.0840170756
v -5.589811325 -1.419480562 -0.6822380424
vn 1 -5.222177037e-07 4.931790727e-07
v -5.589811325 -1.670869708 -0.6822380424
vn 1 -5.492247055e-06 -2.873925041e-06
v -5.589811325 6.528552055 7.338861942
vn 0.998015821 0.02855775133 0.05611448735
v -5.589811325 6.252031803 7.338531971
vn 0.9962695837 -1.530540658e-06 0.08629550785
v -5.589811325 6.053927898 7.133957386
vn 1 5.207393201e-07 -5.042675753e-07
v -5.589811325 6.316205502 7.133957386
vn 1 0 0
v -5.589811325 -1.883015394 7.338829994
vn 0.9980130196 -0.05705321208 0.02673947439
v -5.589811325 -1.883322716 7.056398392
vn 0.9965182543 -0.08337486535 1.710006245e-06
v -5.58980751 -1.670869708 6.865517616
vn 1 -1.963910654e-05 8.031907361e-10
v -5.58980751 -1.670869708 7.133957386
vn 1 -6.879936336e-06 1.325065296e-05
v -5.589811325 6.528811932 -0.8930271268
vn 0.9975710511 0.06797884405 -0.01519402582
v -5.589811325 6.528865814 -0.2762484848
vn 0.9965288639 0.08324778825 -3.652257519e-08
v -5.58980751 6.316205502 -0.09658310562
vn 1 2.005168062e-05 5.109078529e-07
v -5.58980751 6.316205502 -0.6822380424
vn 1 1.026564314e-05 -9.441542716e-06
v -5.589811325 -1.883322716 -0.2762273252
vn 0.9966633916 -0.08162155002 -8.892957339e-07
v -5.58980751 -1.670869708 -0.09658310562
vn 1 -1.940172297e-05 -2.803909922e-07
v -5.589811325 6.528865814 7.056419373
vn 0.9966830015 0.08138180524 3.230072252e-06
v -5.589811325 6.316205502 6.865517616
vn 1 9.621452591e-06 2.864976238e-07
v -5.589811325 6.252528191 -0.8929418921
vn 0.996624589 -8.305564734e-07 -0.08209403604
v -5.58980751 6.053927898 -0.6822380424
vn 1 -2.673421875e-07 -1.006706407e-05
v -5.589811325 -1.617967844 7.338531971
vn 0.9964384437 2.991327165e-06 0.08432304114
v -5.58980751 -1.419480562 7.133957386
vn 1 2.675459427e-07 1.036219146e-05
v -6.272149086 6.229597569 -0.5098080635
vn -0.9776453376 -0.02284145541 -0.2090162933
v -6.272149086 6.551110744 -0.4421025515
vn -0.9963513613 0.07097376883 0.04739921167
v -6.272149086 6.320314407 -0.5395165086
vn -0.9408506751 -0.2420226634 -0.2371181846
v -6.004272938 6.569093704 -0.5126705766
vn -0.02484675683 0.97446841 -0.2231455743
v -5.732098579 6.569093704 -0.4421025515
vn 0.09256353229 0.9943395853 0.05216121674
v -5.915271282 6.569093704 -0.5424001813
vn -0.278041631 0.922681272 -0.2671180665
v -6.272149086 5.962971687 -0.4435071349
vn -0.9925908446 -0.04630006477 0.1123377606
v -6.254500866 5.946386814 -0.4421025515
vn -0.06073885784 -0.997527957 0.03533748537
v -6.254500866 5.964374542 -0.4241624475
vn -0.03466675058 -0.05660624802 0.9977945685
v -6.254500866 6.551110744 -0.4241624475
vn -0.03451245651 0.01671551168 0.9992644787
v -6.256599903 6.569093704 -0.4442092776
vn -0.05113189295 0.9925456643 0.1106283367
v -6.254500866 6.569093704 -0.9152233005
vn -0.1216649041 0.99020046 -0.06856152415
v -6.254500866 6.551110744 -0.9331523776
vn -0.03220212087 0.05657708645 -0.9978787899
v -6.272149086 6.551110744 -0.9152233005
vn -0.9929481745 0.04517303407 -0.1096052751
v -5.732098579 5.946386814 -0.4421025515
vn 0.0169167053 -0.9991867542 0.03660067171
v -5.71445322 5.964374542 -0.4421025515
vn 0.9978458285 -0.0555762127 0.03485677764
v -5.732098579 5.964374542 -0.4241624475
vn 0.0331973955 -0.01504723635 0.9993355274
v -5.732098579 6.551110744 -0.4241624475
vn 0.03209969029 0.05997418612 0.9976836443
v -5.71445322 6.551110744 -0.4421025515
vn 0.999245584 0.01479874644 0.035906028
v -6.272149086 5.964374542 -0.9152233005
vn -0.9917888045 -0.1082247198 -0.0681348294
v -6.254500866 5.964374542 -0.9331523776
vn -0.03317683563 -0.01503800042 -0.9993363619
v -6.254500866 5.946386814 -0.9152233005
vn -0.01691665687 -0.9991867542 -0.036601495
v -5.732098579 5.946386814 -0.9152233005
vn 0.0632366538 -0.9973698258 -0.03541989252
v -5.732098579 5.964374542 -0.9331523776
vn 0.03220206127 -0.05657637864 -0.9978788495
v -5.71445322 5.964374542 -0.9152233005
vn 0.999245584 -0.01479868684 -0.03590683267
v -5.732098579 6.569093704 -0.9152233005
vn 0.05634177476 0.9909416437 -0.1219027713
v -5.71445322 6.551110744 -0.9152233005
vn 0.9978457093 0.05557762086 -0.03485778719
v -5.732098579 6.551110744 -0.9331523776
vn 0.03317701817 0.01503806002 -0.9993363619
v -6.272149086 6.355759621 -0.607137084
vn -0.9236505032 -0.3815017343 -0.03641672432
v -6.272149086 6.103438854 -0.7589882612
vn -0.9809501171 0.1933807433 0.01845843531
v -6.272149086 6.138885021 -0.8266406655
vn -0.9138069153 0.2901533842 0.2841969728
v -6.272149086 6.229597569 -0.856327951
vn -0.9730930328 0.0249868948 0.2290537357
v -6.272149086 6.320314407 -0.8266406655
vn -0.9268966317 -0.1896841377 0.3238557875
v -6.272149086 6.355759621 -0.7589882612
vn -0.9935851097 -0.1097908542 0.02710405365
v -6.272149086 6.138885021 -0.5394846201
vn -0.9064151645 0.2134522051 -0.3644855917
v -5.880496979 6.569093704 -0.6100526452
vn -0.4705539942 0.8812696338 -0.04407645017
v -6.004272938 6.569093704 -0.8592113256
vn 0.02892942168 0.9651779532 0.2599895597
v -5.915271282 6.569093704 -0.8295028806
vn -0.2223556042 0.9010686874 0.3723348379
v -5.880496979 6.569093704 -0.7618504763
vn -0.1450510919 0.9888000488 0.03513783962
v -6.128039837 6.569093704 -0.7618504763
vn 0.2146503776 0.9764840007 0.02010476589
v -6.093267441 6.569093704 -0.8295028806
vn 0.312305361 0.9013514519 0.3000515699
v -6.093267441 6.569093704 -0.5424001813
vn 0.2249008268 0.8987274766 -0.3764419258
v -6.217952251 6.320314407 -0.5395165086
vn 0.9258419275 -0.1846020967 -0.3297557235
v -6.229370594 6.524609089 -0.4675972462
vn 0.2685612738 -0.1805409938 -0.9461922646
v -6.217952251 6.229597569 -0.5098080635
vn 0.9863160253 0.03809491917 -0.1604041606
v -5.915271282 6.513855457 -0.5424001813
vn -0.2126893997 -0.9022493362 -0.3751125038
v -5.75748539 6.526987076 -0.46972543
vn -0.8534036279 -0.2201360166 -0.4724852741
v -6.004272938 6.513855457 -0.5126705766
vn 0.04259762168 -0.9858565927 -0.1620872468
v -6.217952251 6.355759621 -0.607137084
vn 0.9520457983 -0.2958697975 -0.07790967077
v -6.217952251 6.138885021 -0.8266406655
vn 0.8772650957 0.2378530204 0.4169315696
v -6.217952251 6.103438854 -0.7589882612
vn 0.9901238084 0.1317804903 0.04784079641
v -6.225013256 5.988497734 -0.8917819858
vn 0.1393926293 0.6135949492 0.7772200108
v -6.217952251 6.229597569 -0.856327951
vn 0.9771032333 -0.03439061344 0.209968105
v -6.22735548 6.524209499 -0.8921652436
vn 0.4073763788 -0.2642992139 0.8741798401
v -6.217952251 6.320314407 -0.8266406655
vn 0.9308612943 -0.2657721639 0.2507236898
v -6.217952251 6.355759621 -0.7589882612
vn 0.9928429127 -0.1182326525 0.01685081422
v -6.226895332 5.988167286 -0.4677781463
vn 0.3360528946 0.5843139291 -0.7386783361
v -6.217952251 6.138885021 -0.5394846201
vn 0.9056015611 0.308203131 -0.2913702428
v -5.880496979 6.513855457 -0.6100526452
vn -0.3752706349 -0.9217318892 -0.09788899124
v -6.004272938 6.513855457 -0.8592113256
vn -0.04940004647 -0.9686902761 0.2433080524
v -5.755766392 6.521663666 -0.8911647797
vn -0.4012375176 -0.1625315398 0.9014388323
v -5.915271282 6.513855457 -0.8295028806
vn -0.3235050738 -0.8968411088 0.3016960025
v -5.880496979 6.513855457 -0.7618504763
vn -0.1645028293 -0.9859979749 0.02732724696
v -6.093267441 6.513855457 -0.8295028806
vn 0.2498421967 -0.8649637103 0.4352203012
v -6.128039837 6.513855457 -0.7618504763
vn 0.1301666498 -0.9902210832 0.05018869042
v -6.093267441 6.513855457 -0.5424001813
vn 0.3222312033 -0.8990062475 -0.2965717316
v -6.272149086 6.103438854 -0.607137084
vn -0.9161263704 0.3892042935 -0.09608604014
v -6.128039837 6.569093704 -0.6100526452
vn 0.4207288623 0.9014438987 -0.1019122899
v -6.217952251 6.103438854 -0.607137084
vn 0.8563824892 0.5143400431 -0.04542377964
v -6.128039837 6.513855457 -0.6100526452
vn 0.5545073748 -0.8308354616 -0.04726496339
v -5.757507324 5.988494396 -0.4697039723
vn -0.3379520178 0.5809357166 -0.7404742837
v -5.759245872 5.990270138 -0.8911647797
vn -0.8183094859 0.3580800891 0.449608922
v -6.272149086 -1.584051013 7.336882591
vn -0.9776545763 0.02281317487 -0.2089763135
v -6.272149086 -1.674765468 7.307174206
vn -0.9408568144 0.242049709 -0.2370661199
v -6.272149086 -1.905562639 7.404588699
vn -0.9963519573 -0.0709689185 0.04739358276
v -6.004272938 -1.923549294 7.334020615
vn -0.02485123463 -0.9744595885 -0.2231835574
v -5.915271282 -1.923549294 7.304290771
vn -0.2780567408 -0.9226723909 -0.2671330869
v -5.732100964 -1.923549294 7.404588699
vn 0.09258454293 -0.9943369031 0.0521746017
v -6.272149086 -1.317427278 7.403183937
vn -0.9925922751 0.04629472643 0.1123270094
v -6.25450325 -1.318827987 7.422517776
vn -0.03464740515 0.05657206848 0.9977971315
v -6.25450325 -1.300841451 7.404588699
vn -0.06073956564 0.997527957 0.03533621505
v -6.25450325 -1.905562639 7.422517776
vn -0.03449213877 -0.01672411896 0.9992650151
v -6.256599903 -1.923549294 7.402460575
vn -0.05114416033 -0.99254179 0.1106571853
v -6.25450325 -1.923549294 6.93146801
vn -0.1216879115 -0.9901967049 -0.06857465208
v -6.272149086 -1.905562639 6.93146801
vn -0.992950201 -0.04516740143 -0.1095892712
v -6.25450325 -1.905562639 6.913527966
vn -0.0322218053 -0.05661134794 -0.9978762269
v -5.732100964 -1.300841451 7.404588699
vn 0.01691558398 0.9991868734 0.03659909219
v -5.732100964 -1.318827987 7.422517776
vn 0.03317701817 0.01503805257 0.9993363619
v -5.714455605 -1.318827987 7.404588699
vn 0.9978457689 0.05557712913 0.03485761955
v -5.732100964 -1.905562639 7.422517776
vn 0.03207859397 -0.05997154862 0.9976844788
v -5.714455605 -1.905562639 7.404588699
vn 0.999245584 -0.01479873899 0.03590685502
v -6.272149086 -1.318827987 6.93146801
vn -0.9917902946 0.1082154885 -0.06812773645
v -6.25450325 -1.300841451 6.93146801
vn -0.01691557653 0.9991868734 -0.03659827262
v -6.25450325 -1.318827987 6.913527966
vn -0.03319735825 0.01504728943 -0.9993355274
v -5.732100964 -1.300841451 6.93146801
vn 0.06323184073 0.9973702431 -0.0354168117
v -5.714455605 -1.318827987 6.93146801
vn 0.999245584 0.01479873993 -0.03590605035
v -5.732100964 -1.318827987 6.913527966
vn 0.03222183883 0.05661137402 -0.9978762269
v -5.732100964 -1.923549294 6.93146801
vn 0.05635113269 -0.9909389615 -0.1219203547
v -5.732100964 -1.905562639 6.913527966
vn 0.0331973955 -0.01504728943 -0.9993355274
v -5.714455605 -1.905562639 6.93146801
vn 0.9978458285 -0.05557655171 -0.03485685959
v -6.272149086 -1.710215926 7.23952198
vn -0.9236702919 0.3814536333 -0.03641875461
v -6.272149086 -1.493336678 7.020050049
vn -0.9138237834 -0.2901249528 0.2841717601
v -6.272149086 -1.457890391 7.087692261
vn -0.9809550047 -0.1933561414 0.01845874079
v -6.272149086 -1.674765468 7.020050049
vn -0.9269058704 0.1897076964 0.323815614
v -6.272149086 -1.584051013 6.990341663
vn -0.9730915427 -0.02500507236 0.2290581018
v -6.272149086 -1.710215926 7.087692261
vn -0.9935866594 0.1097757742 0.02710842714
v -6.272149086 -1.493340492 7.307174206
vn -0.906457901 -0.2134854496 -0.3643597364
v -5.880496979 -1.923549294 7.236638546
vn -0.4705869853 -0.8812519908 -0.04407695681
v -6.004272938 -1.923549294 6.987479687
vn 0.02893090993 -0.9651736021 0.2600055337
v -5.915271282 -1.923549294 7.017188072
vn -0.2223622501 -0.9010487199 0.372379154
v -5.880496979 -1.923549294 7.084829807
vn -0.1450570375 -0.9887990952 0.03514055535
v -6.093267441 -1.923549294 7.017188072
vn 0.312294662 -0.9013409019 0.3000943959
v -6.128043175 -1.923549294 7.084829807
vn 0.2146777064 -0.976477921 0.02010877989
v -6.093267441 -1.923549294 7.304290771
vn 0.2249260247 -0.8987012506 -0.3764895201
v -6.217955112 -1.674765468 7.307174206
vn 0.9258573055 0.1846181005 -0.32970348
v -6.217955112 -1.584051013 7.336882591
vn 0.9863087535 -0.03816054016 -0.1604332328
v -6.229370594 -1.879062414 7.379072666
vn 0.2685773671 0.1805151105 -0.9461926222
v -5.915271282 -1.86830771 7.304290771
vn -0.2127017379 0.9022381902 -0.3751323223
v -6.004272938 -1.86830771 7.334020615
vn 0.04259923473 0.985850811 -0.1621219367
v -5.75748539 -1.881439447 7.376965523
vn -0.8534017205 0.2201303244 -0.4724914134
v -6.217955112 -1.710215926 7.23952198
vn 0.9520373344 0.2958957553 -0.07791429758
v -6.217955112 -1.493336678 7.020050049
vn 0.8772675395 -0.2378975153 0.4169009626
v -6.225013256 -1.342951179 6.954908848
vn 0.1393678933 -0.6135829687 0.7772338986
v -6.217955112 -1.457890391 7.087692261
vn 0.9901245236 -0.1317719072 0.04784914851
v -6.217955112 -1.584051013 6.990341663
vn 0.9770926833 0.03441828489 0.2100125402
v -6.217955112 -1.674765468 7.020050049
vn 0.9308735132 0.2657398582 0.2507127225
v -6.22735548 -1.878664851 6.954525948
vn 0.4073358774 0.2642941475 0.8742002249
v -6.217955112 -1.710215926 7.087692261
vn 0.9928432107 0.1182296202 0.0168545451
v -6.22689867 -1.342617393 7.378880978
vn 0.3360558748 -0.5842961073 -0.7386910915
v -6.217955112 -1.493340492 7.307174206
vn 0.9056327343 -0.3081754148 -0.2913027108
v -5.880496979 -1.86830771 7.236638546
vn -0.3752898872 0.9217239022 -0.0978904143
v -6.004272938 -1.86830771 6.987479687
vn -0.0494071804 0.9686924219 0.2432980537
v -5.755768299 -1.876116514 6.955525875
vn -0.4012375474 0.1625272781 0.9014395475
v -5.915271282 -1.86830771 7.017188072
vn -0.3235027492 0.8968291879 0.3017339408
v -5.880496979 -1.86830771 7.084829807
vn -0.164522171 0.9859947562 0.02732785605
v -6.093267441 -1.86830771 7.017188072
vn 0.2498356104 0.8649467826 0.4352576137
v -6.128043175 -1.86830771 7.084829807
vn 0.1301612854 0.9902214408 0.05019551143
v -6.093267441 -1.86830771 7.304290771
vn 0.3222697973 0.898976028 -0.2966213822
v -6.272149086 -1.457890391 7.23952198
vn -0.9161356091 -0.3891795874 -0.09609782696
v -6.128043175 -1.923549294 7.236638546
vn 0.4207567275 -0.9014293551 -0.1019258276
v -5.757509708 -1.342951179 7.37698698
vn -0.3379223347 -0.5809350014 -0.7404883504
v -5.759250164 -1.344726801 6.955525875
vn -0.8183096051 -0.3580823243 0.4496069551
v -6.217955112 -1.457890391 7.23952198
vn 0.8564123511 -0.514289856 -0.04542918876
v -6.128043175 -1.86830771 7.236638546
vn 0.5545493364 0.8308071494 -0.047270298
v -6.272149086 6.229597569 7.336882591
vn -0.9776521921 -0.02281433716 -0.2089872062
v -6.272149086 6.551107407 7.404588699
vn -0.9963513613 0.07097383589 0.04739976674
v -6.272149086 6.320311069 7.307174206
vn -0.9408513904 -0.2420642376 -0.2370729297
v -6.004272938 6.569093704 7.334020615
vn -0.02485114895 0.9744597673 -0.2231827825
v -5.732098579 6.569093704 7.404588699
vn 0.09258207679 0.9943372011 0.05217344314
v -5.915271282 6.569093704 7.304290771
vn -0.2780549228 0.9226734638 -0.2671313286
v -6.272149086 5.962971687 7.403183937
vn -0.9925904274 -0.04630053416 0.1123411804
v -6.254500866 5.946386814 7.404588699
vn -0.0607338883 -0.9975284934 0.03533204645
v -6.254500866 5.964371204 7.422517776
vn -0.03464743122 -0.05657219142 0.9977971315
v -6.254500866 6.551107407 7.422517776
vn -0.03449195623 0.01672401093 0.9992650151
v -6.256599903 6.569093704 7.402460575
vn -0.05114293471 0.9925421476 0.1106547788
v -6.254500866 6.569093704 6.93146801
vn -0.1216846108 0.9901972413 -0.06857339293
v -6.254500866 6.551107407 6.913527966
vn -0.03222168237 0.0566111505 -0.9978762269
v -6.272149086 6.551107407 6.93146801
vn -0.9929482937 0.04517336935 -0.1096039936
v -5.732098579 5.946386814 7.404588699
vn 0.01691362634 -0.9991870522 0.03659485653
v -5.71445322 5.964371204 7.404588699
vn 0.9978457093 -0.05557736009 0.03485772759
v -5.732098579 5.964371204 7.422517776
vn 0.03317701817 -0.0150380414 0.9993363619
v -5.732098579 6.551107407 7.422517776
vn 0.03207860887 0.05997158214 0.9976844788
v -5.71445322 6.551107407 7.404588699
vn 0.999245584 0.01479870547 0.03590685502
v -6.272149086 5.964371204 6.93146801
vn -0.9917881489 -0.1082296893 -0.06813648343
v -6.254500866 5.964371204 6.913527966
vn -0.03319721296 -0.01504727826 -0.9993355274
v -6.254500866 5.946386814 6.93146801
vn -0.01691357978 -0.9991870522 -0.03659403697
v -5.732098579 5.946386814 6.93146801
vn 0.06322454661 -0.9973708391 -0.03541272506
v -5.732098579 5.964371204 6.913527966
vn 0.03222193941 -0.05661161244 -0.9978761673
v -5.71445322 5.964371204 6.93146801
vn 0.999245584 -0.01479872875 -0.03590605035
v -5.732098579 6.569093704 6.93146801
vn 0.05634973198 0.9909393787 -0.1219173223
v -5.71445322 6.551107407 6.93146801
vn 0.9978458285 0.05557647347 -0.03485687822
v -5.732098579 6.551107407 6.913527966
vn 0.0331973955 0.0150472559 -0.9993355274
v -6.272149086 6.355759621 7.23952198
vn -0.9236626625 -0.3814721107 -0.03641837463
v -6.272149086 6.103437424 7.087692261
vn -0.9809535742 0.1933632344 0.01845817454
v -6.272149086 6.138881207 7.020050049
vn -0.9138172269 0.290137887 0.2841797173
v -6.272149086 6.229597569 6.990341663
vn -0.9730882645 0.02500628307 0.229071945
v -6.272149086 6.320311069 7.020050049
vn -0.9268990159 -0.1897187084 0.3238286376
v -6.272149086 6.355759621 7.087692261
vn -0.9935860038 -0.1097813547 0.02710820921
v -6.272149086 6.138885021 7.307174206
vn -0.9064478874 0.2134950459 -0.364379108
v -5.880496979 6.569093704 7.236638546
vn -0.4705820084 0.881254673 -0.04407649115
v -6.004272938 6.569093704 6.987479687
vn 0.02893090993 0.9651736021 0.2600055337
v -5.915271282 6.569093704 7.017188072
vn -0.2223607749 0.9010500908 0.3723766804
v -5.880496979 6.569093704 7.084829807
vn -0.1450548619 0.9887993932 0.03514003009
v -6.128039837 6.569093704 7.084829807
vn 0.2146755159 0.9764784575 0.02010650747
v -6.093267441 6.569093704 7.017188072
vn 0.3123011291 0.9013410807 0.3000870645
v -6.093267441 6.569093704 7.304290771
vn 0.2249288261 0.8987011909 -0.3764879107
v -6.217952251 6.320311069 7.307174206
vn 0.9258538485 -0.1846230924 -0.3297103643
v -6.229370594 6.524605751 7.379072666
vn 0.2685784996 -0.1805150807 -0.9461923242
v -6.217952251 6.229597569 7.336882591
vn 0.9863075018 0.03816802055 -0.1604390144
v -5.915271282 6.513852119 7.304290771
vn -0.2127026469 -0.9022374749 -0.375133425
v -5.75748539 6.526983738 7.376965523
vn -0.8533992171 -0.2201341093 -0.472494185
v -6.004272938 6.513852119 7.334020615
vn 0.04260063916 -0.9858489037 -0.1621330529
v -6.217952251 6.355759621 7.23952198
vn 0.9520354271 -0.2959022522 -0.07791261375
v -6.217952251 6.138881207 7.020050049
vn 0.8772625327 0.2378985435 0.4169109762
v -6.217952251 6.103437424 7.087692261
vn 0.9901251793 0.131769672 0.04784202576
v -6.225013256 5.988494396 6.954908848
vn 0.1393718421 0.6135826707 0.7772334218
v -6.217952251 6.229597569 6.990341663
vn 0.9770991802 -0.03442052752 0.2099819183
v -6.22735548 6.524209499 6.954525948
vn 0.4073367417 -0.2642937601 0.8741999865
v -6.217952251 6.320311069 7.020050049
vn 0.9308715463 -0.2657489181 0.2507103086
v -6.217952251 6.355759621 7.087692261
vn 0.9928440452 -0.1182226464 0.01685385033
v -6.226895332 5.988163948 7.378880978
vn 0.3360627592 0.5842937827 -0.7386897802
v -6.217952251 6.138885021 7.307174206
vn 0.905621171 0.3081953824 -0.2913175523
v -5.880496979 6.513852119 7.236638546
vn -0.3752914965 -0.9217232466 -0.09789063781
v -6.004272938 6.513852119 6.987479687
vn -0.04940800369 -0.9686914682 0.2433016747
v -5.755766392 6.521660328 6.955525875
vn -0.4012359977 -0.1625294536 0.9014399052
v -5.915271282 6.513852119 7.017188072
vn -0.3235025108 -0.8968290687 0.3017345071
v -5.880496979 6.513852119 7.084829807
vn -0.1645243466 -0.985994339 0.02732858062
v -6.093267441 6.513852119 7.017188072
vn 0.2498383522 -0.8649469614 0.4352557063
v -6.128039837 6.513852119 7.084829807
vn 0.1301626861 -0.9902216196 0.0501873754
v -6.093267441 6.513852119 7.304290771
vn 0.322277844 -0.8989748955 -0.2966161668
v -6.272149086 6.103437424 7.23952198
vn -0.9161286354 0.3891966045 -0.09609556198
v -6.128039837 6.569093704 7.236638546
vn 0.4207552671 0.9014312625 -0.101914987
v -6.217952251 6.103437424 7.23952198
vn 0.856394887 0.514318943 -0.04542919621
v -6.128039837 6.513852119 7.236638546
vn 0.554551065 -0.8308062553 -0.04726617038
v -5.757507324 5.988494396 7.37698698
vn -0.3379206657 0.580935061 -0.7404890656
v -5.759245872 5.990270138 6.955525875
vn -0.8183097243 0.3580814302 0.4496074915
v 12.91778851 -1.885791183 7.341937065
vn -5.107772813e-05 -0.9985628724 0.05359246209
v -5.60767746 -1.885780811 7.324379921
vn -5.284345025e-05 -0.9984772801 0.05516470596
v -5.607691765 -1.885784626 7.038628578
vn -2.102697891e-07 -0.7526607513 -0.6584085226
v 12.91777515 -1.885784626 7.038628578
vn 0 -0.7621372938 -0.6474153996
v -5.607673645 -1.869077802 7.341022015
vn -0.000945226755 -0.0644383952 0.9979212284
v 12.91779232 -1.869091153 7.358568192
vn -0.0009452141239 -0.06441482902 0.9979227781
v 12.91779232 -1.628138781 7.358568192
vn -0.0007892969879 0.553123951 0.8330985904
v -5.607673645 -1.628146887 7.341022015
vn -0.0003421511792 0.9325499535 0.3610408306
v 12.91777515 -1.628138781 7.038628578
vn -1.719956089e-07 0.7702426314 -0.6377509236
v -5.607691765 -1.628138781 7.038628578
vn 8.06047092e-23 0.7611892819 -0.648529768
v 13.72784901 -1.584051013 -0.5098080635
vn 0.977648437 0.02284048311 -0.2090021372
v 13.72784901 -1.905562639 -0.4421025515
vn 0.9963528514 -0.07096239179 0.04738506675
v 13.72784901 -1.674765468 -0.5395165086
vn 0.9408550858 0.2420078516 -0.2371159196
v 13.45996952 -1.923549294 -0.5126705766
vn 0.0248484537 -0.9744670391 -0.2231513411
v 13.18780231 -1.923549294 -0.4421025515
vn -0.09258361906 -0.9943371415 0.05217213556
v 13.37097549 -1.923549294 -0.5424001813
vn 0.2780561149 -0.9226709008 -0.2671390176
v 13.72784901 -1.317427278 -0.4435071349
vn 0.9925951958 0.04628656432 0.112304613
v 13.71020603 -1.300841451 -0.4421025515
vn 0.06073942035 0.9975280166 0.03533561528
v 13.71020603 -1.318827987 -0.4241624475
vn 0.03466717899 0.05660685897 0.9977945089
v 13.71020603 -1.905562639 -0.4241624475
vn 0.0345126614 -0.01671566442 0.9992644787
v 13.71229935 -1.923549294 -0.4442092776
vn 0.05114265159 -0.9925425649 0.1106513068
v 13.71020603 -1.923549294 -0.9152233005
vn 0.1216913089 -0.9901962876 -0.06857519597
v 13.71020603 -1.905562639 -0.9331523776
vn 0.0322021842 -0.0565768443 -0.9978787899
v 13.72784901 -1.905562639 -0.9152233005
vn 0.9929524064 -0.04515952989 -0.1095725596
v 13.18780231 -1.300841451 -0.4421025515
vn -0.01691554673 0.9991868734 0.03659825027
v 13.17015648 -1.318827987 -0.4421025515
vn -0.9978458285 0.05557655543 0.03485683724
v 13.18780231 -1.318827987 -0.4241624475
vn -0.033197321 0.01504728943 0.9993355274
v 13.18780231 -1.905562639 -0.4241624475
vn -0.03209942952 -0.05997338891 0.9976837039
v 13.17015648 -1.905562639 -0.4421025515
vn -0.999245584 -0.01479873993 0.035906028
v 13.72784901 -1.318827987 -0.9152233005
vn 0.9917936325 0.1081933677 -0.06811454892
v 13.71020603 -1.318827987 -0.9331523776
vn 0.03317709267 0.01503805257 -0.9993363619
v 13.71020603 -1.300841451 -0.9152233005
vn 0.01691558398 0.9991868734 -0.03659906983
v 13.18780231 -1.300841451 -0.9152233005
vn -0.06323235482 0.9973701835 -0.03541756049
v 13.18780231 -1.318827987 -0.9331523776
vn -0.03220204636 0.05657672882 -0.9978787899
v 13.17015648 -1.318827987 -0.9152233005
vn -0.999245584 0.01479873899 -0.03590683267
v 13.18780231 -1.923549294 -0.9152233005
vn -0.05635367334 -0.9909377694 -0.1219287887
v 13.17015648 -1.905562639 -0.9152233005
vn -0.9978457689 -0.05557712913 -0.0348575972
v 13.18780231 -1.905562639 -0.9331523776
vn -0.03317694366 -0.01503805257 -0.9993363619
v 13.72784901 -1.710215926 -0.607137084
vn 0.9236574769 0.3814844191 -0.03642058372
v 13.72784901 -1.457890391 -0.7589882612
vn 0.980951488 -0.1933739334 0.01845778711
v 13.72784901 -1.493336678 -0.8266406655
vn 0.9138143063 -0.2901399136 0.2841869295
v 13.72784901 -1.584051013 -0.856327951
vn 0.9730955362 -0.02498565242 0.2290433347
v 13.72784901 -1.674765468 -0.8266406655
vn 0.9269049168 0.1896734238 0.323838383
v 13.72784901 -1.710215926 -0.7589882612
vn 0.9935854673 0.1097866222 0.02710711025
v 13.72784901 -1.493340492 -0.5394846201
vn 0.9064251781 -0.2134415805 -0.3644669056
v 13.33619499 -1.923549294 -0.6100526452
vn 0.4705772102 -0.8812567592 -0.04408618063
v 13.45996952 -1.923549294 -0.8592113256
vn -0.02893106453 -0.9651737809 0.2600049078
v 13.37097549 -1.923549294 -0.8295028806
vn 0.2223683149 -0.901063621 0.3723394275
v 13.33619499 -1.923549294 -0.7618504763
vn 0.1450631469 -0.9887979627 0.03514678404
v 13.58374691 -1.923549294 -0.7618504763
vn -0.214667514 -0.9764801264 0.02011016198
v 13.54896832 -1.923549294 -0.8295028806
vn -0.3123045564 -0.9013410807 0.300083518
v 13.54896832 -1.923549294 -0.5424001813
vn -0.2249033153 -0.8987140656 -0.3764724433
v 13.67365456 -1.674765468 -0.5395165086
vn -0.9258502126 0.1845925152 -0.3297376931
v 13.68507195 -1.879062414 -0.4675972462
vn -0.2685578167 0.1805379242 -0.9461938143
v 13.67365456 -1.584051013 -0.5098080635
vn -0.9863219857 -0.03808773309 -0.1603690386
v 13.37097549 -1.86830771 -0.5424001813
vn 0.2127027363 0.9022445083 -0.3751165271
v 13.21318817 -1.881439447 -0.46972543
vn 0.8534060717 0.2201328874 -0.4724823833
v 13.45996952 -1.86830771 -0.5126705766
vn -0.04259859025 0.9858545661 -0.1620990932
v 13.67365456 -1.710215926 -0.607137084
vn -0.9520491958 0.2958567142 -0.0779177323
v 13.67365456 -1.493336678 -0.8266406655
vn -0.8772665262 -0.2378506064 0.4169299006
v 13.67365456 -1.457890391 -0.7589882612
vn -0.9901242256 -0.1317750663 0.04784705117
v 13.6807127 -1.342951179 -0.8917819858
vn -0.1393856406 -0.6135956645 0.7772206664
v 13.67365456 -1.584051013 -0.856327951
vn -0.9771017432 0.03438469395 0.2099758983
v 13.68305683 -1.878664851 -0.8921652436
vn -0.407371223 0.2642949224 0.8741835356
v 13.67365456 -1.674765468 -0.8266406655
vn -0.9308674932 0.265753597 0.2507203221
v 13.67365456 -1.710215926 -0.7589882612
vn -0.9928434491 0.1182283387 0.0168515332
v 13.68260002 -1.342617393 -0.4677781463
vn -0.3360457122 -0.5843170881 -0.738679111
v 13.67365456 -1.493340492 -0.5394846201
vn -0.9056187272 -0.3081728518 -0.2913489938
v 13.33619499 -1.86830771 -0.6100526452
vn 0.3752936423 0.9217201471 -0.09791145474
v 13.45996952 -1.86830771 -0.8592113256
vn 0.04940765724 0.9686965346 0.2432816476
v 13.21146679 -1.876116514 -0.8911647797
vn 0.4012385905 0.1625282168 0.9014389515
v 13.37097549 -1.86830771 -0.8295028806
vn 0.3235165179 0.8968302608 0.30171597
v 13.33619499 -1.86830771 -0.7618504763
vn 0.1645160317 0.9859956503 0.027331708
v 13.54896832 -1.86830771 -0.8295028806
vn -0.2498343736 0.8649553657 0.4352413416
v 13.58374691 -1.86830771 -0.7618504763
vn -0.1301635206 0.990220964 0.05019873753
v 13.54896832 -1.86830771 -0.5424001813
vn -0.3222318292 0.8989950418 -0.2966050804
v 13.72784901 -1.457890391 -0.607137084
vn 0.9161326289 -0.3891878724 -0.09609249234
v 13.58374691 -1.923549294 -0.6100526452
vn -0.4207544923 -0.9014290571 -0.1019377187
v 13.67365456 -1.457890391 -0.607137084
vn -0.8564093709 -0.5142953396 -0.04542348534
v 13.58374691 -1.86830771 -0.6100526452
vn -0.5545325875 0.8308180571 -0.04727575183
v 13.2132082 -1.342951179 -0.4697039723
vn 0.3379566371 -0.580935359 -0.740472436
v 13.21495056 -1.344726801 -0.8911647797
vn 0.8183115721 -0.3580798805 0.4496053457
v 13.72784901 6.229597569 -0.5098080635
vn 0.977648437 -0.02284044772 -0.2090020478
v 13.72784901 6.320311069 -0.5395165086
vn 0.9408555627 -0.2420106083 -0.237111181
v 13.72784901 6.551107407 -0.4421025515
vn 0.9963528514 0.07096235454 0.0473850444
v 13.45996952 6.569093704 -0.5126705766
vn 0.0248484537 0.9744670391 -0.2231513411
v 13.37097549 6.569093704 -0.5424001813
vn 0.2780561149 0.9226709008 -0.2671390176
v 13.18780231 6.569093704 -0.4421025515
vn -0.09258210659 0.9943373203 0.05217127874
v 13.72784901 5.962971687 -0.4435071349
vn 0.992595315 -0.04628620669 0.1123038307
v 13.71020603 5.964371204 -0.4241624475
vn 0.03466735408 -0.05660709366 0.9977944493
v 13.71020603 5.946386814 -0.4421025515
vn 0.06073424965 -0.9975284338 0.03533159941
v 13.71020603 6.551107407 -0.4241624475
vn 0.0345126316 0.01671562716 0.9992644787
v 13.71229935 6.569093704 -0.4442092776
vn 0.05114181712 0.9925428033 0.1106494963
v 13.71020603 6.569093704 -0.9152233005
vn 0.1216893345 0.9901965857 -0.06857408583
v 13.72784901 6.551107407 -0.9152233005
vn 0.9929524064 0.04515948147 -0.1095726863
v 13.71020603 6.551107407 -0.9331523776
vn 0.0322021991 0.05657676235 -0.9978787899
v 13.18780231 5.946386814 -0.4421025515
vn -0.01691358909 -0.9991870522 0.03659401461
v 13.18780231 5.964371204 -0.4241624475
vn -0.033197321 -0.01504727826 0.9993355274
v 13.17015648 5.964371204 -0.4421025515
vn -0.9978457689 -0.0555767864 0.034856949
v 13.18780231 6.551107407 -0.4241624475
vn -0.03209945187 0.0599732995 0.9976837039
v 13.17015648 6.551107407 -0.4421025515
vn -0.999245584 0.0147987064 0.035906028
v 13.72784901 5.964371204 -0.9152233005
vn 0.9917936921 -0.1081931889 -0.068114236
v 13.71020603 5.946386814 -0.9152233005
vn 0.01691362634 -0.9991870522 -0.03659483418
v 13.71020603 5.964371204 -0.9331523776
vn 0.03317709267 -0.0150380414 -0.9993363619
v 13.18780231 5.946386814 -0.9152233005
vn -0.0632250607 -0.9973707795 -0.03541347384
v 13.17015648 5.964371204 -0.9152233005
vn -0.999245584 -0.01479872782 -0.03590683267
v 13.18780231 5.964371204 -0.9331523776
vn -0.03220214695 -0.05657696724 -0.9978787899
v 13.18780231 6.569093704 -0.9152233005
vn -0.05635275692 0.9909380674 -0.1219268069
v 13.18780231 6.551107407 -0.9331523776
vn -0.03317694366 0.01503801905 -0.9993363619
v 13.17015648 6.551107407 -0.9152233005
vn -0.9978457689 0.05557704717 -0.03485761583
v 13.72784901 6.355759621 -0.607137084
vn 0.9236573577 -0.3814849854 -0.03641849384
v 13.72784901 6.138881207 -0.8266406655
vn 0.9138160348 0.2901395261 0.2841818631
v 13.72784901 6.103437424 -0.7589882612
vn 0.9809521437 0.1933707893 0.01845624298
v 13.72784901 6.320311069 -0.8266406655
vn 0.9269052744 -0.1896754801 0.323836118
v 13.72784901 6.229597569 -0.856327951
vn 0.9730950594 0.02498555928 0.2290452421
v 13.72784901 6.355759621 -0.7589882612
vn 0.9935855865 -0.1097862422 0.02710542083
v 13.72784901 6.138885021 -0.5394846201
vn 0.906423986 0.2134415209 -0.3644698262
v 13.33619499 6.569093704 -0.6100526452
vn 0.4705772102 0.8812567592 -0.04408618063
v 13.45996952 6.569093704 -0.8592113256
vn -0.02893106453 0.9651737809 0.2600049078
v 13.37097549 6.569093704 -0.8295028806
vn 0.2223683149 0.901063621 0.3723394275
v 13.33619499 6.569093704 -0.7618504763
vn 0.1450631469 0.9887979627 0.03514678404
v 13.54896832 6.569093704 -0.8295028806
vn -0.3123045564 0.9013410807 0.300083518
v 13.58374691 6.569093704 -0.7618504763
vn -0.214667514 0.9764801264 0.02011016198
v 13.54896832 6.569093704 -0.5424001813
vn -0.2249033153 0.8987140656 -0.3764724433
v 13.67365456 6.320311069 -0.5395165086
vn -0.9258499146 -0.1845953017 -0.3297370374
v 13.67365456 6.229597569 -0.5098080635
vn -0.9863212109 0.03808785602 -0.1603737921
v 13.68507195 6.524605751 -0.4675972462
vn -0.2685581744 -0.1805380732 -0.9461936951
v 13.37097549 6.513852119 -0.5424001813
vn 0.2127036601 -0.9022438526 -0.3751176298
v 13.45996952 6.513852119 -0.5126705766
vn -0.04259999469 -0.9858527184 -0.1621101946
v 13.21318817 6.526983738 -0.46972543
vn 0.8534058928 -0.2201324105 -0.4724828899
v 13.67365456 6.355759621 -0.607137084
vn -0.9520487785 -0.2958590984 -0.07791377604
v 13.67365456 6.138881207 -0.8266406655
vn -0.8772659898 0.2378494591 0.4169316888
v 13.6807127 5.988494396 -0.8917819858
vn -0.1393897533 0.6135958433 0.7772198319
v 13.67365456 6.103437424 -0.7589882612
vn -0.9901246428 0.1317733526 0.04784376919
v 13.67365456 6.229597569 -0.856327951
vn -0.977101922 -0.03438460082 0.2099751681
v 13.67365456 6.320311069 -0.8266406655
vn -0.9308680296 -0.2657566965 0.2507150769
v 13.68305683 6.524209499 -0.8921652436
vn -0.4073707163 -0.2642943859 0.8741839528
v 13.67365456 6.355759621 -0.7589882612
vn -0.9928434491 -0.1182283834 0.01685083471
v 13.68260002 5.988163948 -0.4677781463
vn -0.3360514641 0.5843158364 -0.7386775017
v 13.67365456 6.138885021 -0.5394846201
vn -0.905618608 0.3081757426 -0.291346252
v 13.33619499 6.513852119 -0.6100526452
vn 0.3752952516 -0.9217194915 -0.09791168571
v 13.45996952 6.513852119 -0.8592113256
vn 0.04940862209 -0.9686952233 0.2432864606
v 13.21146679 6.521660328 -0.8911647797
vn 0.4012387097 -0.1625278741 0.9014389515
v 13.37097549 6.513852119 -0.8295028806
vn 0.3235182464 -0.8968288302 0.3017183542
v 13.33619499 6.513852119 -0.7618504763
vn 0.1645194441 -0.9859950542 0.02733235992
v 13.54896832 6.513852119 -0.8295028806
vn -0.2498343736 -0.8649553657 0.4352413416
v 13.58374691 6.513852119 -0.7618504763
vn -0.130168274 -0.9902204275 0.05019701272
v 13.54896832 6.513852119 -0.5424001813
vn -0.3222354054 -0.8989921212 -0.2966100276
v 13.72784901 6.103437424 -0.607137084
vn 0.9161337614 0.3891869187 -0.09608579427
v 13.58374691 6.569093704 -0.6100526452
vn -0.4207544923 0.9014290571 -0.1019377187
v 13.2132082 5.988494396 -0.4697039723
vn 0.3379551768 0.5809354186 -0.740473032
v 13.21495056 5.990270138 -0.8911647797
vn 0.8183117509 0.3580794632 0.4496053159
v 13.67365456 6.103437424 -0.607137084
vn -0.8564074636 0.514298737 -0.04542072862
v 13.58374691 6.513852119 -0.6100526452
vn -0.5545380712 -0.830814302 -0.04727680609
v 0.206262514 6.346683979 -0.3420922458
vn -0.001043544617 0.9790688753 -0.2035265416
v 7.114724159 6.346683979 -0.3420922458
vn 0.003115146421 0.7747243643 -0.6322914362
v 7.114724159 6.346683979 -0.862616241
vn 0.001043544617 0.9790688753 0.2035265267
v 0.206262514 6.346683979 -0.862616241
vn -0.003115145722 0.7747243643 0.6322913766
v 0.206262514 6.53591156 -0.2925071418
vn 0 0.219219476 0.9756755829
v 7.114724159 6.53591156 -0.2925071418
vn 0 0.05608279631 0.9984261394
v 7.114724159 6.53591156 -0.3420922458
vn 0 0.46419397 -0.8857336044
v 0.206262514 6.53591156 -0.3420922458
vn 0 0.1299093515 -0.9915258884
v 7.114724159 6.53591156 -0.9121694565
vn 0 0.1978208274 -0.9802381992
v 0.206262514 6.53591156 -0.9121694565
vn 0 0.05038814247 -0.9987297058
v 0.206262514 6.53591156 -0.862616241
vn 0 0.4639597237 0.8858563304
v 7.114724159 6.53591156 -0.862616241
vn 0 0.1298272163 0.9915366173
v 7.114724159 6.044821262 -0.9121694565
vn 0 -0.5636768937 -0.8259953856
v 0.206262514 6.044821262 -0.9121694565
vn 0 -0.6295332909 -0.7769734859
v 0.206262514 6.094536781 -0.2925071418
vn 0 6.123234263e-17 1
v 7.114724159 6.094536781 -0.2925071418
vn 0 6.123234263e-17 1
v -5.589811325 6.346683979 -0.3420922458
vn 0 0.9838788509 -0.1788362861
v -0.7138102055 6.346683979 -0.3420922458
vn 0.00431022048 0.7609726787 -0.6487696171
v -0.7138102055 6.346683979 -0.862616241
vn 0.001470059622 0.9769233465 0.2135852277
v -5.589811325 6.346683979 -0.862616241
vn 0 0.8088154793 0.5880624652
v 12.91079617 6.346683979 -0.862616241
vn 0 0.9838788509 0.1788362861
v 8.034795761 6.346683979 -0.862616241
vn -0.004310220946 0.7609727383 0.6487694979
v 8.034795761 6.346683979 -0.3420922458
vn -0.001470059855 0.9769233465 -0.213585183
v 12.91079617 6.346683979 -0.3420922458
vn 0 0.8088154793 -0.5880624652
v -5.589811325 6.53591156 -0.2925071418
vn 0 0.219219476 0.9756755829
v -0.7138102055 6.53591156 -0.2925071418
vn 0 0.05608279631 0.9984261394
v -0.7138102055 6.53591156 -0.3420922458
vn 0 0.46419397 -0.8857336044
v -5.589811325 6.53591156 -0.3420922458
vn 0 0.1299093515 -0.9915258884
v 12.91079617 6.53591156 -0.3420922458
vn 0 0.46419397 -0.8857336044
v 8.034795761 6.53591156 -0.3420922458
vn 0 0.1299093515 -0.9915258884
v 8.034795761 6.53591156 -0.2925071418
vn 0 0.219219476 0.9756755829
v 12.91079617 6.53591156 -0.2925071418
vn 0 0.05608279631 0.9984261394
v 12.91079617 6.53591156 -0.9121694565
vn 0 0.1978208274 -0.9802381992
v 8.034795761 6.53591156 -0.9121694565
vn 0 0.05038814247 -0.9987297058
v 8.034795761 6.53591156 -0.862616241
vn 0 0.4639597237 0.8858563304
v 12.91079617 6.53591156 -0.862616241
vn 0 0.1298272163 0.9915366173
v -5.589811325 6.53591156 -0.862616241
vn 0 0.4639597237 0.8858563304
v -0.7138102055 6.53591156 -0.862616241
vn 0 0.1298272163 0.9915366173
v -0.7138102055 6.53591156 -0.9121694565
vn 0 0.1978208274 -0.9802381992
v -5.589811325 6.53591156 -0.9121694565
vn 0 0.05038814247 -0.9987297058
v -0.7138102055 6.044821262 -0.9121694565
vn 0 -0.5551691055 -0.8317375183
v -5.589811325 6.044821262 -0.9121694565
vn 0 -0.5869817734 -0.8096001148
v 12.91079617 6.044821262 -0.9121694565
vn 0 -0.5869817734 -0.8096001148
v 8.034795761 6.044821262 -0.9121694565
vn 0 -0.6432450414 -0.7656604052
v 8.034795761 6.094536781 -0.2925071418
vn 0 6.123234263e-17 1
v 12.91079617 6.094536781 -0.2925071418
vn 0 6.123234263e-17 1
v -5.589811325 6.094536781 -0.2925071418
vn 0 6.123234263e-17 1
v -0.7138102055 6.094536781 -0.2925071418
vn 0 6.123234263e-17 1
v 0.1797944754 6.331830502 -0.8357169628
vn -0.6870843172 0.1896751523 0.7013832927
v 0.1797944754 6.331830502 -0.3689914942
vn -0.28248927 0.115799889 -0.9522553086
v -0.6873421669 6.331830502 -0.3689914942
vn 0.6870843172 0.1896751523 -0.7013832927
v -0.6873421669 6.331830502 -0.8357169628
vn 0.28248927 0.115799889 0.9522553086
v 7.141191483 6.331830502 -0.3689914942
vn 0.6870847344 0.1896738112 -0.7013831735
v 7.141191483 6.331830502 -0.8357169628
vn 0.2824895084 0.1157978848 0.9522554874
v 8.008327484 6.331830502 -0.8357169628
vn -0.687084496 0.189675495 0.7013829947
v 8.008327484 6.331830502 -0.3689914942
vn -0.282489419 0.1158006042 -0.9522551894
v 0.1797944754 6.104755402 -0.8357169628
vn -0.1169306338 0.8930519223 0.4344945252
v 0.1797944754 6.104755402 -0.3689914942
vn -0.4260673523 0.8135170937 -0.3957986236
v -0.6873421669 6.104755402 -0.3689914942
vn 0.1169306338 0.8930519223 -0.4344945252
v -0.6873421669 6.104755402 -0.8357169628
vn 0.4260673523 0.8135170937 0.3957986236
v 7.141191483 6.104755402 -0.3689914942
vn 0.1169307157 0.8930519223 -0.4344945252
v 7.141191483 6.104755402 -0.8357169628
vn 0.4260675907 0.8135169744 0.3957985938
v 8.008327484 6.104755402 -0.8357169628
vn -0.1169307157 0.8930519223 0.4344945252
v 8.008327484 6.104755402 -0.3689914942
vn -0.4260675907 0.8135169744 -0.3957985938
v -0.7138102055 6.044821262 -0.5561158061
vn 0 -1 6.123234263e-17
v -5.589811325 6.044821262 -0.5561158061
vn 0 -1 6.123234263e-17
v 7.114724159 6.044821262 -0.5561158061
vn 0 -1 6.123234263e-17
v 0.206262514 6.044821262 -0.5561158061
vn 0 -1 6.123234263e-17
v 12.91079617 6.044821262 -0.5561158061
vn 0 -1 6.123234263e-17
v 8.034795761 6.044821262 -0.5561158061
vn 0 -1 6.123234263e-17
v 13.58155918 -1.595420361 6.676552773
vn 0.8934499621 0.4491627216 -2.750328387e-17
v 13.58155918 -1.728295445 6.676552773
vn 0.8934499621 -0.4491627216 2.750328387e-17
v 13.58155918 -1.728295445 -0.1490515769
vn 0.8934499621 -0.4491627216 2.750328387e-17
v 13.58155918 -1.595420361 -0.1490515769
vn 0.8934499621 0.4491627216 -2.750328387e-17
v 13.58155918 2.189897299 -0.1490515769
vn 0.8934497237 -0.4491631687 2.7503312e-17
v 13.58155918 2.322772264 -0.1490515769
vn 0.8934497237 0.4491631687 -2.7503312e-17
v 13.58155918 2.322772264 6.676552773
vn 0.8934497237 0.4491631687 -2.7503312e-17
v 13.58155918 2.189897299 6.676552773
vn 0.8934497237 -0.4491631687 2.7503312e-17
v 13.58155918 -1.579679012 -0.1771107614
vn 0.8654533029 3.067676395e-17 0.5009895563
v 13.58155918 -1.579679012 -0.2925071418
vn 0.8654533029 -3.067676395e-17 -0.5009895563
v 13.58155918 2.174155951 -0.2925071418
vn 0.8654533029 -3.067676395e-17 -0.5009895563
v 13.58155918 2.174155951 -0.1771107614
vn 0.8654533029 3.067676395e-17 0.5009895563
v 13.58155918 2.174155951 6.704611778
vn 0.8654538989 -3.067670439e-17 -0.5009886026
v 13.58155918 2.174155951 6.820008278
vn 0.8654538989 3.067670439e-17 0.5009886026
v 13.58155918 -1.579679012 6.820008278
vn 0.8654538989 3.067670439e-17 0.5009886026
v 13.58155918 -1.579679012 6.704611778
vn 0.8654538989 -3.067670439e-17 -0.5009886026
v 13.58155918 -1.595420361 -0.1771107614
vn 0.9972673655 0.04915421829 0.0551513359
v 13.58155918 -1.728295445 -0.1771107614
vn 0.8934499621 -0.4491627216 2.750328387e-17
v 13.58155918 -1.728295445 -0.2925071418
vn 0.8649955392 -0.4348579049 -0.2503623068
v 13.58155918 -1.595420361 -0.2925071418
vn 0.6738670468 -4.524167415e-17 -0.7388526201
v 13.58155918 -1.728295445 6.704611778
vn 0.8934499621 -0.4491627216 2.750328387e-17
v 13.58155918 -1.595420361 6.704611778
vn 0.9877126813 0.1504729539 -0.04220834374
v 13.58155918 -1.595420361 6.820008278
vn 0.9523982406 1.866708911e-17 0.3048567176
v 13.58155918 -1.728295445 6.820008278
vn 0.620996356 -0.3121925592 0.7189571261
v 13.58155918 2.189897299 6.704611778
vn 0.9972673655 -0.04915367067 -0.05515153334
v 13.58155918 2.322772264 6.704611778
vn 0.8934497237 0.4491631687 -2.7503312e-17
v 13.58155918 2.322772264 6.820008278
vn 0.8649954796 0.4348584116 0.2503616214
v 13.58155918 2.189897299 6.820008278
vn 0.6738680601 4.52416179e-17 0.7388516665
v 13.58155918 2.322772264 -0.1771107614
vn 0.8934497237 0.4491631687 -2.7503312e-17
v 13.58155918 2.189897299 -0.1771107614
vn 0.9877124429 -0.1504744291 0.04220848531
v 13.58155918 2.189897299 -0.2925071418
vn 0.9523979425 -1.866714205e-17 -0.3048575521
v 13.58155918 2.322772264 -0.2925071418
vn 0.6209954619 0.3121924996 -0.718957901
v 13.51475906 -1.728295445 -0.1490515769
vn -0.9694747925 -0.2451908886 1.501361267e-17
v 13.51475906 -1.728295445 6.676552773
vn -0.707351625 -0.7068618536 4.328280458e-17
v 13.51475906 -1.595420361 6.676552773
vn -0.9694748521 0.2451908737 -1.501361101e-17
v 13.51475906 -1.595420361 -0.1490515769
vn -0.707351625 0.7068618536 -4.328280458e-17
v 13.51475906 2.322772264 6.676552773
vn -0.9694747329 0.2451911569 -1.501362921e-17
v 13.51475906 2.322772264 -0.1490515769
vn -0.7073512077 0.7068622708 -4.328283105e-17
v 13.51475906 2.189897299 -0.1490515769
vn -0.9694747329 -0.2451911718 1.501362921e-17
v 13.51475906 2.189897299 6.676552773
vn -0.7073512077 -0.7068622708 4.328283105e-17
v 13.51475906 2.174155951 -0.2925071418
vn -0.9601063132 -1.712271974e-17 -0.2796352208
v 13.51475906 -1.579679012 -0.2925071418
vn -0.6560069323 -4.6215408e-17 -0.7547549009
v 13.51475906 -1.579679012 -0.1771107614
vn -0.9601063132 1.712271974e-17 0.2796352208
v 13.51475906 2.174155951 -0.1771107614
vn -0.6560069323 4.6215408e-17 0.7547549009
v 13.51475906 -1.579679012 6.820008278
vn -0.960106492 1.712267838e-17 0.2796345651
v 13.51475906 2.174155951 6.820008278
vn -0.6560078859 4.621535506e-17 0.7547540665
v 13.51475906 2.174155951 6.704611778
vn -0.960106492 -1.712267838e-17 -0.2796345651
v 13.51475906 -1.579679012 6.704611778
vn -0.6560078859 -4.621535506e-17 -0.7547540665
v 13.51475906 -1.728295445 -0.2925071418
vn -0.8456737399 -0.2125721276 -0.4895396531
v 13.51475906 -1.728295445 -0.1771107614
vn -0.7966518998 -0.6044383645 3.701117411e-17
v 13.51475906 -1.595420361 -0.1771107614
vn -0.9947997332 0.09806518257 0.02750743553
v 13.51475906 -1.595420361 -0.2925071418
vn -0.8421990871 -3.301443923e-17 -0.5391666889
v 13.51475906 -1.595420361 6.820008278
vn -0.8768752813 2.943548349e-17 0.4807179272
v 13.51475906 -1.595420361 6.704611778
vn -0.9935103059 0.07567809522 -0.08491218835
v 13.51475906 -1.728295445 6.704611778
vn -0.9487480521 -0.3160335124 1.935147022e-17
v 13.51475906 -1.728295445 6.820008278
vn -0.6528785825 -0.6564413309 0.3779343367
v 13.51475906 2.322772264 6.820008278
vn -0.8456741571 0.212572515 0.4895386696
v 13.51475906 2.322772264 6.704611778
vn -0.7966507077 0.6044399738 -3.701127338e-17
v 13.51475906 2.189897299 6.704611778
vn -0.9947998524 -0.09806410223 -0.02750753611
v 13.51475906 2.189897299 6.820008278
vn -0.842199564 3.301438959e-17 0.5391659141
v 13.51475906 2.189897299 -0.2925071418
vn -0.8768748045 -2.943553643e-17 -0.4807187915
v 13.51475906 2.189897299 -0.1771107614
vn -0.9935102463 -0.07567884773 0.08491248637
v 13.51475906 2.322772264 -0.1771107614
vn -0.9487476349 0.3160347044 -1.935154467e-17
v 13.51475906 2.322772264 -0.2925071418
vn -0.6528779864 0.6564415097 -0.3779349625
v 13.54940128 6.374019623 -0.1785150468
vn 0 -1 2.237317403e-06
v 13.55139637 6.373838902 -0.2925071418
vn 0.974234879 -0.225535661 9.867535846e-05
v 13.62506962 6.374019623 -0.1785150468
vn 0.9036491513 -0.4002983868 0.1522479355
v 13.61069965 6.548136711 -0.8893772364
vn -0.7053152919 0.6159837842 0.3508479297
v 13.69378471 6.548136711 -0.9121694565
vn 0.1643413752 0.6483765841 -0.743370533
v 13.55139637 6.548136711 -0.9121694565
vn 0 0.07747814059 -0.9969940782
v 13.57219124 -1.728295445 7.375337601
vn 0 0.1204178482 0.9927232862
v 13.69378471 -1.728295445 7.375337601
vn 0.09070947766 0.9226307869 0.3748655319
v 13.55139637 -1.728295445 7.354195118
vn 0.9974754453 0.01770925522 0.06876823306
v 13.54940128 -1.728475213 -0.1785150468
vn 0 1 4.155678198e-06
v 13.62506962 -1.728475213 -0.1785150468
vn 0.9036490321 0.4002988636 0.1522471905
v 13.55139637 -1.728295445 -0.2925071418
vn 0.9742350578 0.2255351394 9.802488057e-05
v 13.61069965 -1.902592897 -0.8893772364
vn -0.7053178549 -0.6159802079 0.3508491814
v 13.55139637 -1.902592897 -0.9121694565
vn 0 -0.07747840136 -0.9969940186
v 13.69378471 -1.902592897 -0.9121694565
vn 0.1643571407 -0.6483761072 -0.7433674335
v 13.62247658 6.548136711 7.375337601
vn -0.4307590127 0.8942731023 0.1213352829
v 13.5306015 6.373838902 7.375337601
vn 0.1174674556 -0.0006029819488 0.9930765629
v 13.57219124 6.373838902 7.375337601
vn 0 -0.1204174384 0.9927233458
v 13.5306015 -1.728295445 7.375337601
vn 0.06583543122 0.0006758904201 0.9978302717
v 13.62247658 -1.902592897 7.375337601
vn -0.3578396738 -0.742882669 0.5657526851
v 13.55139637 6.373838902 7.354195118
vn 0.9986943007 -0.03656358272 0.03567649052
v 13.69378471 6.373838902 7.375337601
vn 0.1378849149 -0.8101624846 0.569758296
v 13.5306015 2.322772264 7.375337601
vn 0.0525781028 6.114764595e-17 0.9986168146
v 13.24502945 6.373838902 7.375337601
vn 0 6.123234263e-17 1
v 13.24502945 2.322772264 7.375337601
vn 0 6.123234263e-17 1
v 13.24502945 6.548136711 -0.5218213797
vn 0.1895617247 0.9773305058 -0.09429447353
v 13.24502945 6.548136711 -0.8893772364
vn 0.2660414577 0.8056102991 0.5293524265
v 12.923069 6.548136711 -0.8893772364
vn -0.03497508913 0.9993881583 -0.0003015061666
v 12.923069 6.548136711 -0.5218213797
vn -0.07115706801 0.9974651337 -6.107712384e-17
v 13.62458038 6.548136711 4.054118633
vn 0.04667415842 0.9988785386 0.007950191386
v 13.62458038 6.548136711 2.412475824
vn 0.1394123286 0.9899529219 -0.02361069247
v 13.24502945 6.548136711 2.412475824
vn 0 1 -6.123234263e-17
v 13.24502945 6.548136711 4.054118633
vn 0 1 -6.123234263e-17
v 13.70890903 6.532720089 -0.9121694565
vn 0.9985828996 0.04995138943 -0.01835869253
v 13.70890903 6.532720089 -0.5218213797
vn 0.993874073 0.110518679 -7.191187299e-18
v 13.70890903 6.389255047 -0.5218213797
vn 0.9967137575 -0.08100425452 5.177830516e-18
v 13.70890903 6.389255047 -0.9121694565
vn 0.9828956723 -0.1705750674 -0.06942836195
v 13.55139637 6.373838902 -0.9121694565
vn 0.7265641093 -0.06136865169 -0.6843526363
v 13.24502945 6.373838902 -0.9121694565
vn 0 -6.123234263e-17 -1
v 13.24502945 6.548136711 -0.9121694565
vn 0 0.202578783 -0.9792659879
v 12.923069 6.548136711 7.375337601
vn -0.0678807348 0.8704959154 0.4874721766
v 12.923069 6.373838902 7.375337601
vn -0.03387788311 1.829565372e-05 0.9994260073
v 13.24502945 6.548136711 7.375337601
vn 0.3845129609 0.6294838786 0.6752035618
v 13.70890903 6.532720089 2.412475824
vn 0.9987416863 0.04995933548 -0.00436600484
v 13.70890903 6.532720089 4.054118633
vn 0.9851385355 0.1709631383 0.0165446382
v 13.70890903 6.389255047 4.054118633
vn 0.9987414479 -0.04996424541 0.004366434179
v 13.70890903 6.389255047 2.412475824
vn 0.9851285815 -0.1710198969 -0.01655013114
v 13.70890903 6.532720089 7.375337601
vn 0.9942620397 0.09464455396 0.04985383153
v 13.70890903 6.389255047 7.375337601
vn 0.9944902062 -0.09466663003 0.04502696171
v 13.70890903 6.389255047 7.073710442
vn 0.9963838458 -0.08496592939 5.425777904e-18
v 13.70890903 6.532720089 7.073710442
vn 0.9954999089 0.09476239234 -5.361616813e-18
v 13.69378471 6.548136711 7.375337601
vn 0.1526279598 0.8556902409 0.4944682717
v 13.69378471 6.548136711 7.073710442
vn 0.1931933165 0.9811607003 -6.036440517e-17
v 13.62247658 6.548136711 7.073710442
vn -0.9159673452 0.4005025327 0.02452730015
v 13.69378471 6.548136711 4.054118633
vn 0.09936177731 0.9895303845 0.1046751291
v 13.69378471 6.548136711 2.412475824
vn 0.2946952283 0.950533092 -0.09819160402
v 13.61069965 6.548136711 -0.5218213797
vn -0.2564872205 0.8208320737 -0.5103420615
v 13.69378471 6.548136711 -0.5218213797
vn 0.1366769224 0.9906156659 -6.06577168e-17
v 13.69378471 6.373838902 -0.9121694565
vn 0.04998376966 -0.9723682404 -0.2280385494
v 13.55139637 6.373838902 -0.5218213797
vn 0.9643160701 -0.2647537291 1.621149096e-17
v 13.69378471 6.373838902 -0.5218213797
vn 0.1136138737 -0.9935249686 6.083585842e-17
v 13.62506962 6.373992443 4.054118633
vn 0.2691102326 -0.962018609 0.04582491145
v 13.62506962 6.373992443 2.412475824
vn 0.2299796194 -0.9724219441 -0.03879407793
v 13.69378471 6.373867989 2.412475824
vn 0.09819812328 -0.98957479 -0.1053513959
v 13.69378471 6.373867989 4.054118633
vn 0.2944134474 -0.9506208301 0.09818725288
v 13.58798885 6.548136711 6.815443516
vn 0 1 -6.123234263e-17
v 13.62458038 6.548136711 6.713953972
vn 0.3617579341 0.9303289056 -0.06016124412
v 13.24502945 6.548136711 6.713953972
vn 0 1 -6.123234263e-17
v 13.24502945 6.548136711 6.815443516
vn 0 1 -6.123234263e-17
v 13.62458038 6.548136711 6.299132824
vn 0.03992403299 0.9991804957 0.006660521496
v 13.62458038 6.548136711 4.460406303
vn 0.1238022372 0.9920842648 -0.0210206341
v 13.24502945 6.548136711 4.460406303
vn 0 1 -6.123234263e-17
v 13.24502945 6.548136711 6.299132824
vn 0 1 -6.123234263e-17
v 12.923069 6.548136711 -0.1785150468
vn -0.03851498291 0.9992580414 -6.118690725e-17
v 13.24502945 6.548136711 -0.1785150468
vn 0 1 -6.123234263e-17
v 13.24502945 6.548136711 -0.2925071418
vn 0 1 -6.123234263e-17
v 12.923069 6.548136711 -0.2925071418
vn -0.09847093374 0.9951399565 -6.093474951e-17
v 12.923069 6.548136711 0.2305494994
vn -0.04130147025 0.9991467595 -6.124475696e-17
v 12.923069 6.548136711 2.006167173
vn -0.0910519734 0.9958461523 -6.09779879e-17
v 13.24502945 6.548136711 2.006167173
vn 0 1 -6.123234263e-17
v 13.24502945 6.548136711 0.2305494994
vn 0 1 -6.123234263e-17
v 13.70890903 6.532720089 -0.2925071418
vn 0.9932994246 0.1155694425 -7.076587216e-18
v 13.70890903 6.532720089 -0.1785150468
vn 0.9584367275 0.1663292497 0.2318050861
v 13.70890903 6.389255047 -0.1785150468
vn 0.9967820644 -0.04986676574 0.06275997311
v 13.70890903 6.389255047 -0.2925071418
vn 0.99700737 -0.07730652392 5.491525826e-06
v 13.70890903 6.532720089 0.2305494994
vn 0.9987431169 0.04995940253 -0.004036584403
v 13.70890903 6.532720089 2.006167173
vn 0.9851580858 0.1709665358 0.0152971819
v 13.70890903 6.389255047 2.006167173
vn 0.998742938 -0.04996234924 0.004036822356
v 13.70890903 6.389255047 0.2305494994
vn 0.9851521254 -0.171000585 -0.01530022919
v 13.70890903 6.389255047 6.815443516
vn 0.9974808693 -0.07093591988 4.343572546e-18
v 13.70890903 6.389255047 6.713953972
vn 0.9517463446 -0.1652111262 -0.2586198151
v 13.70890903 6.532720089 6.713953972
vn 0.9962698221 0.04983568564 -0.07044754922
v 13.70890903 6.532720089 6.815443516
vn 0.9966731071 0.08150298148 -6.181022341e-18
v 13.70890903 6.389255047 6.299132824
vn 0.9987434149 -0.04996434227 0.003898425493
v 13.70890903 6.389255047 4.460406303
vn 0.9851559401 -0.1710246503 -0.01477661729
v 13.70890903 6.532720089 4.460406303
vn 0.9987436533 0.04995943233 -0.003898042254
v 13.70890903 6.532720089 6.299132824
vn 0.9851658344 0.1709678769 0.01477171294
v 13.62427044 6.548136711 -0.2925071418
vn 0 1 -6.123234263e-17
v 13.62458038 6.548136711 -0.1785150468
vn 0.1930139214 0.9806525111 0.03265363351
v 13.69378471 6.548136711 -0.1785150468
vn 0.05498854071 0.5487288833 0.8341899514
v 13.69378471 6.548136711 -0.2925071418
vn 0.1400769204 0.9901406169 -6.131952085e-17
v 13.62458038 6.548136711 0.2305494994
vn 0.08117129654 0.9966061115 -0.01369017735
v 13.62458038 6.548136711 2.006167173
vn 0.06388780475 0.9978977442 0.01088169683
v 13.69378471 6.548136711 2.006167173
vn 0.09944269061 0.9903361201 0.09667212516
v 13.69378471 6.548136711 0.2305494994
vn 0.2949015796 0.9511986971 -0.09085178375
v 13.69378471 6.548136711 6.815443516
vn 0.1175298244 0.9930693507 -6.22330525e-17
v 13.69378471 6.548136711 6.713953972
vn 0.1572242826 0.5071235299 -0.8474115133
v 13.69378471 6.548136711 4.460406303
vn 0.1795799881 0.9822917581 -0.05342206731
v 13.69378471 6.548136711 6.299132824
vn 0.1773180813 0.9699192643 0.1667779684
v 13.55139637 6.373838902 6.815826416
vn 0.9337105155 -0.03305109218 -0.3565001488
v 13.55100632 6.373838902 6.713953972
vn 0.001714090002 -0.9999985099 -0.0002185580524
v 13.62507343 6.37396574 6.713953972
vn 0.653473556 -0.7491742373 -0.1082142591
v 13.62507343 6.37396574 6.815443516
vn -0.0002095362142 -0.9999999404 -0.0001487832051
v 13.55175781 6.373952389 6.299132824
vn 0.0008457832737 -0.9999996424 -2.308232797e-05
v 13.55039692 6.373916626 4.460406303
vn 0.001013728674 -0.9999994636 -1.885226629e-05
v 13.62506962 6.373992443 4.460406303
vn 0.119550325 -0.9926208854 -0.02028597333
v 13.62506962 6.373992443 6.299132824
vn 0.4429836273 -0.8934932351 0.07372470945
v 13.69378471 6.373838902 -0.2925071418
vn 0.1335615665 -0.9910404086 0.0004317530256
v 13.69378471 6.373871326 -0.1785150468
vn 0.1702611595 -0.5497179627 0.8178149462
v 13.69378471 6.373856068 0.2305494994
vn 0.09940934926 -0.9902392626 -0.09769351035
v 13.69378471 6.373856068 2.006167173
vn 0.2961442471 -0.9508180022 0.09079481661
v 13.62539005 6.373930454 2.006167173
vn 0.2520732582 -0.9667573571 0.04288737103
v 13.62539005 6.373930454 0.2305494994
vn 0.2185451537 -0.9751319289 -0.03682067618
v 12.923069 6.548136711 2.412475824
vn -0.07297984511 0.9973334074 -6.106905718e-17
v 13.69378471 6.373867989 6.299132824
vn 0.1788468063 -0.9824229479 0.05346932262
v 13.55139637 6.373838902 7.073710442
vn 0.9998144507 -0.01926298812 -2.762662461e-06
v 13.69378471 6.373838902 7.073710442
vn 0.06572408974 -0.9978378415 -9.199983469e-05
v 13.58823395 6.373901367 6.984532356
vn 0.0003957441659 -0.9999998808 -0.0003052639368
v 13.69378471 6.373850822 6.984532356
vn 0.09187604487 -0.9957703948 -0.0002548301418
v 13.69378471 6.373860836 6.713953972
vn 0.04991868883 -0.5014991164 -0.8637168407
v 13.24502945 6.548136711 6.984532356
vn 0.03778541088 0.9515258074 0.3052391112
v 13.60523033 6.548136711 6.984532356
vn -0.195955053 0.8795219064 0.4336391091
v 13.70890903 6.389255047 6.984532356
vn 0.9937000871 -0.1120722443 -4.784990779e-06
v 13.70890903 6.532720089 6.984532356
vn 0.9909924269 0.1339179873 -8.604489896e-18
v 13.69378471 6.548136711 6.984532356
vn 0.1193025783 0.992857933 -6.079501555e-17
v 13.69378471 6.373860836 6.815443516
vn 0.2962066829 -0.9551238418 -3.030160406e-05
v 13.69378471 6.373867989 4.460406303
vn 0.1765651554 -0.9698896408 -0.1677462906
v 13.54972172 6.373930454 2.006167173
vn -2.323728378e-20 -1 4.790033199e-05
v 13.54972172 6.373930454 0.2305494994
vn 0 -1 -2.257580491e-05
v 13.54940128 6.373992443 4.054118633
vn 0.0001659733243 -1 -3.091131293e-05
v 13.54940128 6.373992443 2.412475824
vn 0 -1 1.680098649e-05
v 12.923069 6.373838902 -0.9121694565
vn -0.04714035615 0.0003537111625 -0.9988881946
v 13.24502945 5.532369614 -0.9121694565
vn -8.455236821e-05 -0.02008044906 -0.9997983575
v 12.923069 5.532369614 -0.9121694565
vn -0.02851846069 -0.05013306066 -0.9983353019
v 13.61069965 6.42113924 -0.5218213797
vn -0.3237947226 0.9323167801 -0.161066547
v 13.61069965 6.42113924 -0.8893772364
vn -0.2747244537 0.791026473 0.54662925
v 13.24502945 6.42113924 -0.8893772364
vn 0.3237947226 0.9323167801 0.161066547
v 13.24502945 6.42113924 -0.5218213797
vn 0.2747244537 0.791026473 -0.54662925
v 12.923069 6.548136711 4.054118633
vn -0.06159557402 0.9981011748 -6.111607412e-17
v 13.24502945 6.548136711 7.073710442
vn 0.2637451887 0.9645923972 -5.90642493e-17
v 12.923069 6.548136711 7.073710442
vn -0.06167202443 0.9980964661 -6.111578295e-17
v 12.923069 6.548136711 -0.9121694565
vn -0.06025659293 0.1248559356 -0.9903434515
v 12.923069 6.548136711 6.713953972
vn -0.05589444935 0.9984366894 -6.081150622e-17
v 12.923069 6.548136711 6.815443516
vn -0.05268478766 0.9986112118 -6.160092769e-17
v 12.923069 6.548136711 6.299132824
vn -0.06159415469 0.998101294 -6.107433128e-17
v 12.923069 6.548136711 4.460406303
vn -0.06167978793 0.9980959892 -6.111574987e-17
v 12.923069 6.548136711 6.984532356
vn -0.09777157754 0.9952088594 -6.037308726e-17
v 13.62247658 6.42113924 7.073710442
vn -0.2085894048 0.9778612256 0.01666948944
v 13.60523033 6.42113924 6.984532356
vn -0.1136186048 0.3222540319 0.9398101568
v 13.24502945 6.42113924 6.984532356
vn 0.272035867 0.7900411487 0.5493918657
v 13.24502945 6.42113924 7.073710442
vn 0.5347455144 0.8450131416 -5.174213255e-17
v 13.24502945 6.42113924 7.326976299
vn 0.1291000843 0.9139264226 -0.3848008215
v 13.62247658 6.42113924 7.326976299
vn -0.4955163896 0.8005344272 -0.3370580971
v 13.55139637 2.322772264 -0.5218213797
vn 1 0 0
v 13.55139637 2.322772264 -0.9121694565
vn 0.7866466045 -3.780506236e-17 -0.6174035072
v 13.55139637 4.687049389 -0.9121694565
vn 0.7856561542 0.0120691089 -0.618545711
v 13.55139637 4.687049389 -0.5240878463
vn 0.9999854565 0.005391424522 -0.0002631796233
v 13.24502945 2.322772264 -0.9121694565
vn 0 -6.123234263e-17 -1
v 13.24502945 4.683196545 -0.9121694565
vn -4.02768128e-05 0.009934117086 -0.9999506474
v 13.55139637 2.322772264 7.354195118
vn 0.9950459003 6.10801993e-18 0.09941681474
v 13.55139637 2.322772264 7.073710442
vn 1 0 0
v 13.55139637 2.322772264 6.815986156
vn 0.9613334537 -3.61965931e-06 -0.2753870487
v 12.923069 2.322772264 7.375337601
vn -0.08933374286 6.098751702e-17 0.9960017204
v 13.55139637 4.683206558 -0.2925071418
vn 1 0 0
v 13.55139637 4.706962109 -0.5042430758
vn 0.9965741634 0.003235362237 -0.08264057338
v 13.55139637 4.706962109 -0.2925071418
vn 1 0 0
v 12.923069 2.322772264 -0.9121694565
vn -0.04497710243 1.636984234e-05 -0.9989880323
v 12.923069 4.683196545 -0.9121694565
vn -0.1083246842 0.009259499609 -0.9940724373
v 13.55139637 5.528516293 -0.5240663886
vn 0.9999697804 -0.007747460622 -0.0006032034871
v 13.55139637 5.528516293 -0.9121694565
vn 0.7899196744 -0.05002561957 -0.6111664176
v 13.55139637 5.529064655 -0.2925071418
vn 1 0 0
v 13.55139637 5.508603573 -0.5042430758
vn 0.9966554046 -0.001013970352 -0.08171293139
v 13.55139637 5.508603573 -0.2925071418
vn 1 0 0
v 13.24502945 5.508603573 -0.8884834647
vn -2.166779452e-19 -0.9979757667 -0.06359561533
v 13.24502945 5.508603573 -0.5392184854
vn 0.0001707025804 -0.9993734956 -0.03539131209
v 12.923069 5.508603573 -0.5392184854
vn 0.0008087845054 -0.9992666245 -0.03828264773
v 12.923069 5.508603573 -0.8884834647
vn -6.263913076e-19 -0.9979757667 -0.06359561533
v 13.24502945 4.706962109 -0.8884834647
vn -0.0002718170872 0.9981076717 -0.0614894405
v 13.24502945 4.706962109 -0.5392184854
vn 8.147907647e-05 0.9993710518 -0.03546074778
v 13.53186035 4.706962109 -0.5370798707
vn 0.07075373083 0.9968533516 -0.03573967144
v 13.53186035 4.706962109 -0.8884834647
vn 0.06094868109 0.9969003201 -0.04974891618
v 12.923069 4.706962109 -0.8884834647
vn -0.02966109104 0.9974263906 -0.06527529657
v 12.923069 4.706962109 -0.5392184854
vn -0.09181289375 0.9952206016 -0.03326110914
v 13.53186035 5.508603573 -0.8884834647
vn 0.03105608001 -0.997808516 -0.05842686445
v 13.53186035 5.508603573 -0.5370798707
vn 0.1262573749 -0.9914569855 -0.03274322301
v 13.53186035 4.719808578 -0.5242580175
vn 0.07358621061 0.00816317834 -0.9972554445
v 13.24502945 4.719808578 -0.5264392495
vn 0.00238210219 0.0156137608 -0.9998752475
v 13.24502945 5.49575758 -0.5264392495
vn 0.004827388097 -0.01682310738 -0.9998468161
v 13.53186035 5.49575758 -0.5242580175
vn 0.07444511354 -0.03237072751 -0.9966995716
v 12.923069 4.719808578 -0.5264392495
vn -0.05379110575 0.03176774457 -0.9980467558
v 12.923069 5.49575758 -0.5264392495
vn -0.07804229856 -0.007431827951 -0.9969223738
v 13.55139637 2.322772264 -0.2925071418
vn 1 0 0
v 13.24502945 -1.728295445 7.375337601
vn 0 6.123234263e-17 1
v 13.24502945 -1.902592897 -0.5218213797
vn 0.1895634234 -0.9773300886 -0.0942953229
v 12.923069 -1.902592897 -0.5218213797
vn -0.06164515764 -0.998098135 6.130840354e-17
v 12.923069 -1.902592897 -0.8893772364
vn -0.06158594042 -0.9981017709 6.111610721e-17
v 13.24502945 -1.902592897 -0.8893772364
vn 0.2660430968 -0.8056076169 0.5293556452
v 13.62458038 -1.902592897 4.054118633
vn 0.04667415842 -0.9988785386 0.007950191386
v 13.24502945 -1.902592897 4.054118633
vn 0 -1 6.123234263e-17
v 13.24502945 -1.902592897 2.412475824
vn 0 -1 6.123234263e-17
v 13.62458038 -1.902592897 2.412475824
vn 0.1394119859 -0.9899529219 -0.02361073345
v 13.70890903 -1.887174606 -0.9121694565
vn 0.9985828996 -0.04995124415 -0.01835859939
v 13.70890903 -1.743709803 -0.9121694565
vn 0.9828948975 0.1705787331 -0.06942965835
v 13.70890903 -1.743709803 -0.5218213797
vn 0.9967136979 0.08100517839 -5.547453691e-18
v 13.70890903 -1.887174606 -0.5218213797
vn 0.9938741326 -0.1105176806 6.767256408e-18
v 13.24502945 -1.902592897 -0.9121694565
vn 0 -0.2025794536 -0.9792658091
v 13.24502945 -1.728295445 -0.9121694565
vn 0 -6.123234263e-17 -1
v 13.55139637 -1.728295445 -0.9121694565
vn 0.7265645266 0.06136859953 -0.6843521595
v 12.923069 -1.902592897 7.375337601
vn -0.05744085461 -0.8577711582 0.5108123422
v 13.24502945 -1.902592897 7.375337601
vn 0.4573034644 -0.7486417294 0.4800094664
v 12.923069 -1.728295445 7.375337601
vn -0.06145421788 6.107488053e-17 0.9981098771
v 13.70890903 -1.887174606 2.412475824
vn 0.9987417459 -0.04995918646 -0.004365982953
v 13.70890903 -1.743709803 2.412475824
vn 0.9851283431 0.1710213125 -0.01655028388
v 13.70890903 -1.743709803 4.054118633
vn 0.9987414479 0.04996444285 0.004366442095
v 13.70890903 -1.887174606 4.054118633
vn 0.9851389527 -0.1709605753 0.01654440723
v 13.70890903 -1.887174606 7.375337601
vn 0.9942621589 -0.0946438536 0.04985332489
v 13.70890903 -1.887174606 7.073710442
vn 0.9954999685 -0.09476168454 5.361553534e-18
v 13.70890903 -1.743709803 7.073710442
vn 0.9963837862 0.08496693522 -5.793470854e-18
v 13.70890903 -1.743709803 7.375337601
vn 0.994490087 0.09466785938 0.04502745345
v 13.69378471 -1.902592897 7.375337601
vn 0.1526425034 -0.8556890488 0.4944658875
v 13.62247658 -1.902592897 7.073710442
vn -0.9159687161 -0.4004993737 0.0245273374
v 13.69378471 -1.902592897 7.073710442
vn 0.1932112873 -0.9811571836 6.036420003e-17
v 13.69378471 -1.902592897 2.412475824
vn 0.294721216 -0.950525105 -0.09819104522
v 13.69378471 -1.902592897 4.054118633
vn 0.09937128425 -0.9895294309 0.1046752259
v 13.69378471 -1.902592897 -0.5218213797
vn 0.1366898865 -0.9906138778 6.029715208e-17
v 13.61069965 -1.902592897 -0.5218213797
vn -0.2564888597 -0.8208295703 -0.5103452802
v 13.69378471 -1.728295445 -0.9121694565
vn 0.04997799173 0.9723687172 -0.2280378789
v 13.55139637 -1.728295445 -0.5218213797
vn 0.9643161297 0.2647534013 -1.621147111e-17
v 13.69378471 -1.728295445 -0.5218213797
vn 0.1136008725 0.9935264587 -6.126340492e-17
v 13.62506962 -1.728448391 4.054118633
vn 0.2691067755 0.9620195627 0.04582503438
v 13.69378471 -1.72832346 4.054118633
vn 0.2943977714 0.9506255984 0.09818801284
v 13.69378471 -1.72832346 2.412475824
vn 0.09818663448 0.9895758629 -0.1053517088
v 13.62506962 -1.728448391 2.412475824
vn 0.2299765944 0.9724225998 -0.03879454359
v 13.58798885 -1.902592897 6.815443516
vn 0 -1 6.123234263e-17
v 13.24502945 -1.902592897 6.815443516
vn 0 -1 6.123234263e-17
v 13.24502945 -1.902592897 6.713953972
vn 0 -1 6.123234263e-17
v 13.62458038 -1.902592897 6.713953972
vn 0.3617592752 -0.9303283691 -0.06016151607
v 13.62458038 -1.902592897 6.299132824
vn 0.03992403299 -0.9991804957 0.006660521496
v 13.24502945 -1.902592897 6.299132824
vn 0 -1 6.123234263e-17
v 13.24502945 -1.902592897 4.460406303
vn 0 -1 6.123234263e-17
v 13.62458038 -1.902592897 4.460406303
vn 0.1238022372 -0.9920842648 -0.02102066949
v 12.923069 -1.902592897 -0.1785150468
vn -0.05526875705 -0.9984714985 6.139776552e-17
v 12.923069 -1.902592897 -0.2925071418
vn -0.08040285856 -0.9967624545 6.056008302e-17
v 13.24502945 -1.902592897 -0.2925071418
vn 0 -1 6.123234263e-17
v 13.24502945 -1.902592897 -0.1785150468
vn 0 -1 6.123234263e-17
v 12.923069 -1.902592897 0.2305494994
vn -0.06159634143 -0.9981011152 6.11160675e-17
v 13.24502945 -1.902592897 0.2305494994
vn 0 -1 6.123234263e-17
v 13.24502945 -1.902592897 2.006167173
vn 0 -1 6.123234263e-17
v 12.923069 -1.902592897 2.006167173
vn -0.06168162078 -0.99809587 6.111574325e-17
v 13.70890903 -1.887174606 -0.2925071418
vn 0.9932995439 -0.1155683398 6.61589311e-18
v 13.70890903 -1.743709803 -0.2925071418
vn 0.9970073104 0.07730720192 5.189285275e-06
v 13.70890903 -1.743709803 -0.1785150468
vn 0.9967820644 0.0498668626 0.06275996566
v 13.70890903 -1.887174606 -0.1785150468
vn 0.9584378004 -0.1663268805 0.2318024188
v 13.70890903 -1.887174606 0.2305494994
vn 0.9987431169 -0.04995925725 -0.004036563914
v 13.70890903 -1.743709803 0.2305494994
vn 0.9851514697 0.1710042655 -0.01530051604
v 13.70890903 -1.743709803 2.006167173
vn 0.998742938 0.04996274412 0.004036845639
v 13.70890903 -1.887174606 2.006167173
vn 0.9851585031 -0.1709639728 0.01529691089
v 13.70890903 -1.743709803 6.815443516
vn 0.9974808693 0.07093635201 -5.228506909e-18
v 13.70890903 -1.887174606 6.815443516
vn 0.9966731668 -0.0815024823 5.441036491e-18
v 13.70890903 -1.887174606 6.713953972
vn 0.9962698221 -0.04983554035 -0.07044719905
v 13.70890903 -1.743709803 6.713953972
vn 0.9517452717 0.1652129143 -0.2586226165
v 13.70890903 -1.743709803 6.299132824
vn 0.9987433553 0.04996453971 0.003898432711
v 13.70890903 -1.887174606 6.299132824
vn 0.9851663113 -0.1709653288 0.01477150619
v 13.70890903 -1.887174606 4.460406303
vn 0.9987436533 -0.04995928332 -0.003898022696
v 13.70890903 -1.743709803 4.460406303
vn 0.9851557016 0.1710260659 -0.01477675326
v 13.62427044 -1.902592897 -0.2925071418
vn 0 -1 6.123234263e-17
v 13.69378471 -1.902592897 -0.2925071418
vn 0.1400901973 -0.9901387691 5.994267541e-17
v 13.69378471 -1.902592897 -0.1785150468
vn 0.05499364063 -0.5487266779 0.8341910243
v 13.62458038 -1.902592897 -0.1785150468
vn 0.1930145621 -0.9806523919 0.03265374154
v 13.62458038 -1.902592897 0.2305494994
vn 0.08117122948 -0.9966061711 -0.01369011868
v 13.69378471 -1.902592897 0.2305494994
vn 0.2949276268 -0.9511907697 -0.09085073322
v 13.69378471 -1.902592897 2.006167173
vn 0.099452205 -0.9903352261 0.09667163342
v 13.62458038 -1.902592897 2.006167173
vn 0.06388747692 -0.9978978038 0.01088164095
v 13.69378471 -1.902592897 6.815443516
vn 0.11754103 -0.9930680394 6.134713545e-17
v 13.69378471 -1.902592897 6.713953972
vn 0.1572389752 -0.5071219206 -0.8474097252
v 13.69378471 -1.902592897 4.460406303
vn 0.1795967817 -0.9822887182 -0.05342204496
v 13.69378471 -1.902592897 6.299132824
vn 0.1773346663 -0.9699162841 0.1667777598
v 13.55139637 -1.728295445 6.815826416
vn 0.7944591045 0.02813391387 -0.6066656709
v 13.62507343 -1.728420377 6.815443516
vn -0.0002106463653 0.9999999404 -0.0001484599052
v 13.62507343 -1.728420377 6.713953972
vn 0.6534731984 0.7491744161 -0.1082150042
v 13.55100632 -1.728295445 6.713953972
vn 0.001685924246 0.9999985695 -0.0002151170193
v 13.55175781 -1.728407264 6.299132824
vn 0.000844670285 0.9999996424 -2.354681237e-05
v 13.62506962 -1.728448391 6.299132824
vn 0.4429890811 0.8934905529 0.07372428477
v 13.62506962 -1.728448391 4.460406303
vn 0.1195458546 0.9926214218 -0.02028612979
v 13.55039692 -1.728373885 4.460406303
vn 0.0009977645241 0.9999995232 -1.936650733e-05
v 13.69378471 -1.728295445 -0.2925071418
vn 0.1335453093 0.991042614 0.0004269082856
v 13.69378471 -1.728326201 -0.1785150468
vn 0.1702486724 0.5497204065 0.8178158998
v 13.69378471 -1.728312731 0.2305494994
vn 0.09939396381 0.9902408123 -0.09769325703
v 13.62539005 -1.728387237 0.2305494994
vn 0.218542546 0.975132525 -0.03681982309
v 13.62539005 -1.728387237 2.006167173
vn 0.252070874 0.9667579532 0.04288709536
v 13.69378471 -1.728312731 2.006167173
vn 0.296110183 0.9508285522 0.09079553187
v 12.923069 -1.902592897 2.412475824
vn -0.1054475009 -0.9944248796 6.089096188e-17
v 13.69378471 -1.72832346 6.299132824
vn 0.1788332909 0.9824253917 0.05346960202
v 13.69378471 -1.728295445 7.073710442
vn 0.1017012 0.994814992 -0.0001374765707
v 13.69378471 -1.728306174 6.984532356
vn 0.09187892079 0.9957701564 -0.000250343699
v 13.58823395 -1.7283566 6.984532356
vn 0.0003850849462 0.9999998808 -0.0002991420624
v 13.55139637 -1.728295445 7.073710442
vn 0.9994695783 0.03256637231 -2.695953981e-06
v 13.69378471 -1.728316665 6.713953972
vn 0.0499233976 0.5014972091 -0.8637176752
v 13.60523033 -1.902592897 6.984532356
vn -0.1959564835 -0.879519999 0.4336422384
v 13.24502945 -1.902592897 6.984532356
vn 0.03778573126 -0.9515249729 0.305241704
v 13.70890903 -1.743709803 6.984532356
vn 0.9936999679 0.1120731905 -4.591043307e-06
v 13.70890903 -1.887174606 6.984532356
vn 0.9909926057 -0.1339164823 7.728577592e-18
v 13.69378471 -1.902592897 6.984532356
vn 0.1193139404 -0.9928565621 6.079492952e-17
v 13.69378471 -1.728316665 6.815443516
vn 0.2962030768 0.9551249743 -3.119286339e-05
v 13.69378471 -1.72832346 4.460406303
vn 0.176551789 0.9698919654 -0.1677470058
v 13.54972172 -1.728387237 0.2305494994
vn 0 1 -2.219954149e-05
v 13.54972172 -1.728387237 2.006167173
vn -2.323728378e-20 1 4.720946163e-05
v 13.54940128 -1.728448391 2.412475824
vn 0 1 1.655866436e-05
v 13.54940128 -1.728448391 4.054118633
vn 0.0001633595675 1 -3.042451863e-05
v 12.923069 -1.728295445 -0.9121694565
vn -0.03930788487 0.0001224850275 -0.9992271662
v 12.923069 -0.886826098 -0.9121694565
vn -0.1550782472 0.0481437631 -0.9867283702
v 13.24502945 -0.886826098 -0.9121694565
vn -8.457180957e-05 0.02008040622 -0.9997983575
v 13.61069965 -1.775594115 -0.5218213797
vn -0.323797375 -0.9323156476 -0.1610678583
v 13.24502945 -1.775594115 -0.5218213797
vn 0.274726063 -0.7910237312 -0.5466324687
v 13.24502945 -1.775594115 -0.8893772364
vn 0.323797375 -0.9323156476 0.1610678583
v 13.61069965 -1.775594115 -0.8893772364
vn -0.274726063 -0.7910237312 0.5466324687
v 12.923069 -1.902592897 4.054118633
vn -0.04191973805 -0.9991210103 6.117851633e-17
v 12.923069 -1.902592897 7.073710442
vn -0.08204129338 -0.9966288805 -0.0003010307846
v 13.24502945 -1.902592897 7.073710442
vn 0.2637474835 -0.9645917416 5.90642096e-17
v 12.923069 -1.902592897 -0.9121694565
vn -0.03496597335 -0.1330134422 -0.9904972315
v 12.923069 -1.902592897 6.815443516
vn -0.06161305308 -0.9981001019 6.059995974e-17
v 12.923069 -1.902592897 6.713953972
vn -0.03786728159 -0.9992827773 6.118842265e-17
v 12.923069 -1.902592897 6.299132824
vn -0.04112992063 -0.9991537929 6.118052804e-17
v 12.923069 -1.902592897 4.460406303
vn -0.09165664762 -0.9957906604 6.086736407e-17
v 12.923069 -1.902592897 6.984532356
vn -0.08112895489 -0.9967036247 6.103049732e-17
v 13.62247658 -1.775594115 7.073710442
vn -0.2085912675 -0.9778608084 0.01666963845
v 13.24502945 -1.775594115 7.073710442
vn 0.5347490907 -0.8450108767 5.174199358e-17
v 13.24502945 -1.775594115 6.984532356
vn 0.2720374763 -0.7900384068 0.5493950844
v 13.60523033 -1.775594115 6.984532356
vn -0.1136187166 -0.3222513199 0.9398110509
v 13.62247658 -1.775594115 7.326976299
vn -0.4955193698 -0.800531745 -0.3370601237
v 13.24502945 -1.775594115 7.326976299
vn 0.1291010976 -0.9139249921 -0.3848038316
v 13.55139637 -0.04150504991 -0.5240878463
vn 0.9999854565 -0.005391421728 -0.000263193273
v 13.55139637 -0.04150504991 -0.9121694565
vn 0.7856561542 -0.01206910331 -0.618545711
v 13.24502945 -0.03765042126 -0.9121694565
vn -4.029548654e-05 -0.009934111498 -0.9999506474
v 13.55139637 -0.0376636833 -0.2925071418
vn 1 0 0
v 13.55139637 -0.06141881272 -0.2925071418
vn 1 0 0
v 13.55139637 -0.06141881272 -0.5042430758
vn 0.9965741634 -0.003235369222 -0.08264054358
v 12.923069 -0.03765042126 -0.9121694565
vn -0.05572536588 -0.01055632439 -0.998390317
v 13.55139637 -0.8829717636 -0.5240663886
vn 0.9999697804 0.00774744153 -0.0006032184465
v 13.55139637 -0.8829717636 -0.9121694565
vn 0.7899199724 0.0500254482 -0.6111660004
v 13.55139637 -0.8835183382 -0.2925071418
vn 1 0 0
v 13.55139637 -0.8630578518 -0.2925071418
vn 1 0 0
v 13.55139637 -0.8630578518 -0.5042430758
vn 0.9966554046 0.001013972913 -0.0817130059
v 13.24502945 -0.8630578518 -0.8884834647
vn -1.933133499e-19 0.997975409 -0.06360118091
v 12.923069 -0.8630578518 -0.8884834647
vn 0 0.997975409 -0.06360118091
v 12.923069 -0.8630578518 -0.5392184854
vn 0.0003703885304 0.9993313551 -0.03656069934
v 13.24502945 -0.8630578518 -0.5392184854
vn 0.0001706986222 0.9993735552 -0.03539049253
v 13.24502945 -0.06141881272 -0.8884834647
vn -0.0002719431359 -0.9981073141 -0.06149560586
v 13.53186035 -0.06141881272 -0.8884834647
vn 0.06095185131 -0.996900022 -0.04975150526
v 13.53186035 -0.06141881272 -0.5370798707
vn 0.0707571879 -0.9968531728 -0.03573778272
v 13.24502945 -0.06141881272 -0.5392184854
vn 8.147435437e-05 -0.9993711114 -0.03545869142
v 12.923069 -0.06141881272 -0.8884834647
vn -0.0489547886 -0.9968948364 -0.0616770722
v 12.923069 -0.06141881272 -0.5392184854
vn -0.05510187894 -0.9977741838 -0.03755651787
v 13.53186035 -0.8630578518 -0.8884834647
vn 0.03105785884 0.997808218 -0.05843126029
v 13.53186035 -0.8630578518 -0.5370798707
vn 0.1262646765 0.9914560914 -0.03274243325
v 13.53186035 -0.07426450402 -0.5242580175
vn 0.073586151 -0.008163196966 -0.9972554445
v 13.53186035 -0.8502121568 -0.5242580175
vn 0.07444527745 0.03237080202 -0.9966995716
v 13.24502945 -0.8502121568 -0.5264392495
vn 0.004827389028 0.01682314277 -0.9998468161
v 13.24502945 -0.07426450402 -0.5264392495
vn 0.002382100094 -0.01561380178 -0.9998752475
v 12.923069 -0.8502121568 -0.5264392495
vn -0.05396901816 0.009144940414 -0.9985007048
v 12.923069 -0.07426450402 -0.5264392495
vn -0.1448627263 -0.03028147668 -0.9889882803
v 12.90227318 6.529394627 7.35176897
vn -0.9977745414 0.04432241991 0.04981449619
v 12.90227318 6.351728916 7.128232479
vn -1 0 0
v 12.90227318 6.185533047 7.128232479
vn -1 0 0
v 12.90227318 6.357738495 7.354195118
vn -0.9963284135 2.515425331e-05 0.08561347425
v 12.90227318 6.523275852 -0.894697547
vn -0.9930468202 0.02482391335 -0.1150731146
v 12.90227318 6.351728916 -0.7740658522
vn -1 0 0
v 12.90227318 6.351728916 -0.7523271441
vn -1 0 0
v 12.90227318 6.526939869 -0.874576211
vn -0.9942509532 0.1070734039 -0.0005207193899
v 12.90227318 6.526939869 6.959825039
vn -0.9943220615 0.1064127907 -5.742397827e-18
v 12.90227318 6.351728916 6.755600929
vn -1 0 0
v 12.90227318 6.351728916 6.840640068
vn -1 0 0
v 12.90227318 6.526939869 7.048566818
vn -0.994184792 0.1076866388 -0.000381144695
v 12.90227318 5.524517536 -0.901858747
vn -0.9865579605 0.001065042918 -0.1634083688
v 12.90227318 5.52328825 -0.7740658522
vn -1 0 0
v 12.90227318 6.185533047 -0.7740658522
vn -1 0 0
v 12.90227318 6.3450284 -0.8910264969
vn -0.9889019132 0.0009069634252 -0.1485671997
v 12.90227318 6.526939869 4.44836092
vn -0.9942291975 0.1072769836 -6.494522966e-18
v 12.90227318 6.351728916 4.348786831
vn -1 0 0
v 12.90227318 6.351728916 6.102016926
vn -1 0 0
v 12.90227318 6.526939869 6.277851582
vn -0.9943696856 0.1059668139 -6.156437706e-18
v 12.90227318 6.526939869 2.410720348
vn -0.9942317605 0.1072529033 -6.567346293e-18
v 12.90227318 6.351728916 2.396057606
vn -1 0 0
v 12.90227318 6.351728916 3.961375713
vn -1 0 0
v 12.90227318 6.526939869 4.044126987
vn -0.9943647981 0.1060126945 -6.491405323e-18
v 12.90227318 6.526939869 0.2397003025
vn -0.9942302108 0.1072676331 -6.680585665e-18
v 12.90227318 6.351728916 0.3155352771
vn -1 0 0
v 12.90227318 6.351728916 2.008625031
vn -1 0 0
v 12.90227318 6.526939869 2.006411791
vn -0.9943687916 0.1059750468 -6.48909997e-18
v 12.90227318 6.526939869 -0.2807069123
vn -0.9943255782 0.1063795835 -6.513870721e-18
v 12.90227318 6.351728916 -0.1832184494
vn -1 0 0
v 12.90227318 6.351728916 -0.07451449335
vn -1 0 0
v 12.90227318 6.526939869 -0.1672575176
vn -0.9942347407 0.1072253063 -7.042786962e-18
v 12.90227318 6.351728916 6.497610569
vn -1 0 0
v 12.90227318 6.526939869 6.690619469
vn -0.9943652153 0.1060084552 -6.103921664e-18
v 12.90227318 6.351728916 6.59437561
vn -1 0 0
v 12.90227318 6.526939869 6.791597843
vn -0.994260788 0.106983453 -6.732654203e-18
v 12.90227318 6.351728916 -0.4018598795
vn -1 0 0
v 12.90227318 6.526939869 -0.5088612437
vn -0.9943118095 0.1065085083 -6.521764919e-18
v 12.90227318 2.322772264 7.128232479
vn -1 0 0
v 12.90227318 2.322772264 7.354195118
vn -0.9963758588 5.168394039e-18 0.08505975455
v 12.90227318 -1.712193608 7.354195118
vn -0.9964687824 -4.650042683e-05 0.08396423608
v 12.90227318 -1.539989829 7.128232479
vn -1 0 0
v 12.90227318 -1.706184506 7.128232479
vn -1 0 0
v 12.90227318 -1.883849621 7.35176897
vn -0.9966023564 -0.07934136689 0.02210716344
v 12.90227318 -1.88139534 -0.874576211
vn -0.994484961 -0.1048750207 -0.0009400378331
v 12.90227318 -1.706184506 -0.7523271441
vn -1 0 0
v 12.90227318 -1.706184506 -0.7740658522
vn -1 0 0
v 12.90227318 -1.877732635 -0.894697547
vn -0.9897831082 -0.006577610504 -0.1424294859
v 12.90227318 -1.88139534 7.048566818
vn -0.9942868948 -0.1067390889 -0.0005444799317
v 12.90227318 -1.706184506 6.840640068
vn -1 0 0
v 12.90227318 -1.706184506 6.755600929
vn -1 0 0
v 12.90227318 -1.88139534 6.959825039
vn -0.9942554832 -0.1070327163 5.612728581e-18
v 12.90227318 -1.699483514 -0.8910264969
vn -0.9865853786 0.002011236036 -0.1632338911
v 12.90227318 -1.539989829 -0.7740658522
vn -1 0 0
v 12.90227318 -0.8874248266 -0.7740658522
vn -1 0 0
v 12.90227318 -0.8849160671 -0.8720969558
vn -0.988848567 0.003459891304 -0.1488844901
v 12.90227318 -1.88139534 6.277851582
vn -0.9942296743 -0.1072725877 6.440829846e-18
v 12.90227318 -1.706184506 6.102016926
vn -1 0 0
v 12.90227318 -1.706184506 4.348786831
vn -1 0 0
v 12.90227318 -1.88139534 4.44836092
vn -0.9943705201 -0.1059585437 6.293073881e-18
v 12.90227318 -1.88139534 4.044126987
vn -0.9942317605 -0.1072527766 6.567338435e-18
v 12.90227318 -1.706184506 3.961375713
vn -1 0 0
v 12.90227318 -1.706184506 2.396057606
vn -1 0 0
v 12.90227318 -1.88139534 2.410720348
vn -0.9943647981 -0.1060124859 6.491392501e-18
v 12.90227318 -1.88139534 2.006411791
vn -0.994230032 -0.1072688177 6.568320712e-18
v 12.90227318 -1.706184506 2.008625031
vn -1 0 0
v 12.90227318 -1.706184506 0.3155352771
vn -1 0 0
v 12.90227318 -1.88139534 0.2397003025
vn -0.994368434 -0.1059784964 6.671614064e-18
v 12.90227318 -1.88139534 -0.1672575176
vn -0.9943586588 -0.1060701683 6.778811294e-18
v 12.90227318 -1.706184506 -0.07451449335
vn -1 0 0
v 12.90227318 -1.706184506 -0.1832184494
vn -1 0 0
v 12.90227318 -1.88139534 -0.2807069123
vn -0.9942530394 -0.1070555672 6.533042699e-18
v 12.90227318 -1.88139534 6.690619469
vn -0.9942321777 -0.1072491333 6.56711551e-18
v 12.90227318 -1.706184506 6.497610569
vn -1 0 0
v 12.90227318 -1.88139534 6.791597843
vn -0.9943140745 -0.1064873561 5.444288552e-18
v 12.90227318 -1.706184506 6.59437561
vn -1 0 0
v 12.90227318 -1.88139534 -0.5088612437
vn -0.9942625165 -0.10696733 6.842068277e-18
v 12.90227318 -1.706184506 -0.4018598795
vn -1 0 0
v 12.90227318 2.322772264 -0.8910264969
vn -0.6985730529 -4.350413164e-17 -0.7155387402
v 12.90227318 4.66838789 -0.8935376406
vn -0.6735176444 0.01437233947 -0.7390313745
v 12.90227318 4.69055891 -0.8682026863
vn -0.6402381063 0.7678368688 -0.02283961698
v 12.90227318 4.689869881 -0.5206084251
vn -0.6602817178 0.7492640615 -0.05129710212
v 12.90227318 4.703213215 -0.5085101724
vn -0.7990255952 0.01199843176 -0.6011772752
v 12.90227318 5.450967312 -0.4899317026
vn -0.8646210432 -0.00827128347 -0.5023564696
v 12.90227318 5.471039295 -0.5085846782
vn 0.148911804 -0.6731514335 -0.7243565321
v 12.90227318 -0.02284418046 -0.8935376406
vn -0.6924058795 -0.003482794156 -0.7214998007
v 12.90227318 -0.04432732984 -0.5206084251
vn -0.634773016 -0.7725755572 -0.01379119605
v 12.90227318 -0.04501233622 -0.8682026863
vn -0.6627881527 -0.7439802289 -0.08488392085
v 12.90227318 -0.8054222465 -0.4899317026
vn -0.7940689325 2.933502583e-05 -0.607827723
v 12.90227318 -0.05766789243 -0.5085101724
vn -0.6716143489 -0.04153538868 -0.7397357821
v 12.90227318 -0.8254956007 -0.5085846782
vn 0.1959546506 0.6771963835 -0.7092297673
v 13.45292759 2.322772264 6.815986156
vn 0 1.314389647e-05 -1
v 13.45292759 6.373838902 6.815826416
vn 0 -3.943169941e-05 -1
v 13.45292759 -1.728295445 6.815826416
vn 0 3.943168485e-05 -1
v 13.72784901 -1.584051013 7.336882591
vn 0.9776545763 0.02281317487 -0.2089763135
v 13.72784901 -1.905562639 7.404588699
vn 0.9963527918 -0.07096271962 0.04738582671
v 13.72784901 -1.674765468 7.307174206
vn 0.9408568144 0.242049709 -0.2370661199
v 13.45996952 -1.923549294 7.334020615
vn 0.02485144511 -0.9744613171 -0.2231759727
v 13.18780231 -1.923549294 7.404588699
vn -0.09258547425 -0.9943368435 0.05217495933
v 13.37097549 -1.923549294 7.304290771
vn 0.2780553699 -0.9226711988 -0.2671387792
v 13.72784901 -1.317427278 7.403183937
vn 0.9925947785 0.04628702253 0.1123083159
v 13.71020603 -1.300841451 7.404588699
vn 0.06074007228 0.997527957 0.03533640504
v 13.71020603 -1.318827987 7.422517776
vn 0.03464751318 0.05657221377 0.9977971315
v 13.71020603 -1.905562639 7.422517776
vn 0.03449225426 -0.01672420837 0.9992650151
v 13.71229935 -1.923549294 7.402460575
vn 0.05114451051 -0.9925417304 0.1106578782
v 13.71020603 -1.923549294 6.93146801
vn 0.1216892675 -0.9901965261 -0.06857481599
v 13.71020603 -1.905562639 6.913527966
vn 0.03222190589 -0.05661149323 -0.9978761673
v 13.72784901 -1.905562639 6.93146801
vn 0.9929525256 -0.04515988007 -0.1095710173
v 13.18780231 -1.300841451 7.404588699
vn -0.01691554673 0.9991868734 0.03659909219
v 13.17015648 -1.318827987 7.404588699
vn -0.9978457689 0.05557712913 0.03485761955
v 13.18780231 -1.318827987 7.422517776
vn -0.03317694366 0.01503805257 0.9993363619
v 13.18780231 -1.905562639 7.422517776
vn -0.03207852691 -0.05997140333 0.9976845384
v 13.17015648 -1.905562639 7.404588699
vn -0.999245584 -0.01479873899 0.03590685502
v 13.72784901 -1.318827987 6.93146801
vn 0.9917930365 0.1081975102 -0.06811641902
v 13.71020603 -1.318827987 6.913527966
vn 0.03319747001 0.01504728943 -0.9993355274
v 13.71020603 -1.300841451 6.93146801
vn 0.01691558585 0.9991868734 -0.03659827262
v 13.18780231 -1.300841451 6.93146801
vn -0.06323170662 0.9973702431 -0.03541681543
v 13.18780231 -1.318827987 6.913527966
vn -0.03222176805 0.05661137775 -0.9978762269
v 13.17015648 -1.318827987 6.93146801
vn -0.999245584 0.01479873993 -0.03590605035
v 13.18780231 -1.923549294 6.93146801
vn -0.0563515462 -0.9909387827 -0.1219215244
v 13.17015648 -1.905562639 6.93146801
vn -0.9978458285 -0.05557655171 -0.03485685959
v 13.18780231 -1.905562639 6.913527966
vn -0.033197321 -0.01504728943 -0.9993355274
v 13.72784901 -1.710215926 7.23952198
vn 0.9236702919 0.3814536333 -0.03641875461
v 13.72784901 -1.457890391 7.087692261
vn 0.9809550047 -0.1933561414 0.01845874079
v 13.72784901 -1.493336678 7.020050049
vn 0.9138237834 -0.2901249528 0.2841717601
v 13.72784901 -1.584051013 6.990341663
vn 0.9730915427 -0.02500507236 0.2290581018
v 13.72784901 -1.674765468 7.020050049
vn 0.9269058704 0.1897076964 0.323815614
v 13.72784901 -1.710215926 7.087692261
vn 0.9935866594 0.1097757742 0.02710842714
v 13.72784901 -1.493340492 7.307174206
vn 0.906457901 -0.2134854496 -0.3643597364
v 13.33619499 -1.923549294 7.236638546
vn 0.4705835283 -0.8812534809 -0.0440841876
v 13.45996952 -1.923549294 6.987479687
vn -0.02893095464 -0.9651733637 0.2600065172
v 13.37097549 -1.923549294 7.017188072
vn 0.2223627567 -0.9010551572 0.3723633289
v 13.33619499 -1.923549294 7.084829807
vn 0.1450585127 -0.9887986183 0.03514693677
v 13.58374691 -1.923549294 7.084829807
vn -0.2146804929 -0.9764772654 0.02011076547
v 13.54896832 -1.923549294 7.017188072
vn -0.3122852743 -0.9013407826 0.3001045585
v 13.54896832 -1.923549294 7.304290771
vn -0.2249205261 -0.8986980915 -0.3765003681
v 13.67365456 -1.674765468 7.307174206
vn -0.9258604646 0.1846131533 -0.3296974003
v 13.68507195 -1.879062414 7.379072666
vn -0.2685777843 0.1805114299 -0.9461932182
v 13.67365456 -1.584051013 7.336882591
vn -0.9863131046 -0.03816070035 -0.160406515
v 13.37097549 -1.86830771 7.304290771
vn 0.2127033174 0.9022443891 -0.3751164973
v 13.21318817 -1.881439447 7.376965523
vn 0.8534018397 0.2201296836 -0.472491473
v 13.45996952 -1.86830771 7.334020615
vn -0.04259949923 0.985850215 -0.1621252149
v 13.67365456 -1.710215926 7.23952198
vn -0.952039957 0.2958876789 -0.07791307569
v 13.67365456 -1.493336678 7.020050049
vn -0.8772675395 -0.2378975153 0.4169009626
v 13.67365456 -1.457890391 7.087692261
vn -0.9901252389 -0.131765604 0.04785176367
v 13.6807127 -1.342951179 6.954908848
vn -0.1393677145 -0.6135830879 0.777233839
v 13.67365456 -1.584051013 6.990341663
vn -0.9770966172 0.03441476077 0.2099947482
v 13.68305683 -1.878664851 6.954525948
vn -0.4073357582 0.2642889023 0.8742018938
v 13.67365456 -1.674765468 7.020050049
vn -0.9308776855 0.265733391 0.2507039011
v 13.67365456 -1.710215926 7.087692261
vn -0.9928446412 0.1182178259 0.01685294136
v 13.68260002 -1.342617393 7.378880978
vn -0.3360553682 -0.5842970014 -0.7386906147
v 13.67365456 -1.493340492 7.307174206
vn -0.905636847 -0.3081701696 -0.2912954092
v 13.33619499 -1.86830771 7.236638546
vn 0.3752913773 0.9217214584 -0.09790758044
v 13.45996952 -1.86830771 6.987479687
vn 0.04940729216 0.9686965942 0.2432813644
v 13.21146679 -1.876116514 6.955525875
vn 0.4012385011 0.162525773 0.9014394283
v 13.37097549 -1.86830771 7.017188072
vn 0.3234971762 0.8968297243 0.3017382324
v 13.33619499 -1.86830771 7.084829807
vn 0.1645236462 0.9859943986 0.0273317676
v 13.54896832 -1.86830771 7.017188072
vn -0.2498280555 0.8649441004 0.435267359
v 13.58374691 -1.86830771 7.084829807
vn -0.1301629841 0.990220964 0.05020052195
v 13.54896832 -1.86830771 7.304290771
vn -0.322261095 0.8989754319 -0.2966326475
v 13.72784901 -1.457890391 7.23952198
vn 0.9161356091 -0.3891795874 -0.09609782696
v 13.58374691 -1.923549294 7.236638546
vn -0.4207606018 -0.9014264941 -0.1019354984
v 13.67365456 -1.457890391 7.23952198
vn -0.8564172983 -0.5142817497 -0.04542765766
v 13.58374691 -1.86830771 7.236638546
vn -0.5545506477 0.8308060765 -0.04727445915
v 13.2132082 -1.342951179 7.37698698
vn 0.3379229307 -0.5809341669 -0.740488708
v 13.21495056 -1.344726801 6.955525875
vn 0.8183116317 -0.3580799997 0.4496051967
v 13.72784901 6.229597569 7.336882591
vn 0.9776545763 -0.02281313762 -0.2089762241
v 13.72784901 6.320311069 7.307174206
vn 0.9408573508 -0.2420524657 -0.2370613813
v 13.72784901 6.551107407 7.404588699
vn 0.9963527918 0.07096268982 0.04738580436
v 13.45996952 6.569093704 7.334020615
vn 0.02485144511 0.9744613171 -0.2231759727
v 13.37097549 6.569093704 7.304290771
vn 0.2780553699 0.9226711988 -0.2671387792
v 13.18780231 6.569093704 7.404588699
vn -0.09258396178 0.9943370223 0.05217410251
v 13.72784901 5.962971687 7.403183937
vn 0.9925948381 -0.0462866649 0.1123075336
v 13.71020603 5.964371204 7.422517776
vn 0.03464768827 -0.05657245219 0.9977971315
v 13.71020603 5.946386814 7.404588699
vn 0.06073489785 -0.9975283742 0.03533238918
v 13.71020603 6.551107407 7.422517776
vn 0.03449222445 0.01672417112 0.9992650151
v 13.71229935 6.569093704 7.402460575
vn 0.05114367604 0.9925419688 0.1106560752
v 13.71020603 6.569093704 6.93146801
vn 0.1216872931 0.9901968837 -0.0685736984
v 13.72784901 6.551107407 6.93146801
vn 0.9929525256 0.04515983164 -0.109571144
v 13.71020603 6.551107407 6.913527966
vn 0.03222192079 0.05661141127 -0.9978761673
v 13.18780231 5.946386814 7.404588699
vn -0.01691358723 -0.9991870522 0.03659485653
v 13.18780231 5.964371204 7.422517776
vn -0.03317694366 -0.0150380414 0.9993363619
v 13.17015648 5.964371204 7.404588699
vn -0.9978457093 -0.05557736009 0.03485772759
v 13.18780231 6.551107407 7.422517776
vn -0.03207854554 0.05997131392 0.9976845384
v 13.17015648 6.551107407 7.404588699
vn -0.999245584 0.01479870547 0.03590685502
v 13.72784901 5.964371204 6.93146801
vn 0.9917930961 -0.1081973314 -0.06811610609
v 13.71020603 5.946386814 6.93146801
vn 0.01691362634 -0.9991870522 -0.03659403324
v 13.71020603 5.964371204 6.913527966
vn 0.03319747001 -0.01504727826 -0.9993355274
v 13.18780231 5.946386814 6.93146801
vn -0.06322440505 -0.9973708391 -0.03541272879
v 13.17015648 5.964371204 6.93146801
vn -0.999245584 -0.01479872875 -0.03590605035
v 13.18780231 5.964371204 6.913527966
vn -0.03222186863 -0.05661161616 -0.9978761673
v 13.18780231 6.569093704 6.93146801
vn -0.05635062978 0.9909390807 -0.1219195426
v 13.18780231 6.551107407 6.913527966
vn -0.033197321 0.0150472559 -0.9993355274
v 13.17015648 6.551107407 6.93146801
vn -0.9978458285 0.05557647347 -0.03485687822
v 13.72784901 6.355759621 7.23952198
vn 0.9236701131 -0.3814541996 -0.03641666472
v 13.72784901 6.138881207 7.020050049
vn 0.9138255119 0.2901245654 0.2841666639
v 13.72784901 6.103437424 7.087692261
vn 0.9809556603 0.1933529973 0.01845719665
v 13.72784901 6.320311069 7.020050049
vn 0.9269062281 -0.1897097528 0.323813349
v 13.72784901 6.229597569 6.990341663
vn 0.9730910659 0.02500498109 0.229060024
v 13.72784901 6.355759621 7.087692261
vn 0.993586719 -0.1097753942 0.02710673772
v 13.72784901 6.138885021 7.307174206
vn 0.9064567685 0.2134853899 -0.3643626273
v 13.33619499 6.569093704 7.236638546
vn 0.4705835283 0.8812534809 -0.0440841876
v 13.45996952 6.569093704 6.987479687
vn -0.02893095464 0.9651733637 0.2600065172
v 13.37097549 6.569093704 7.017188072
vn 0.2223627567 0.9010551572 0.3723633289
v 13.33619499 6.569093704 7.084829807
vn 0.1450585127 0.9887986183 0.03514693677
v 13.54896832 6.569093704 7.017188072
vn -0.3122852743 0.9013407826 0.3001045585
v 13.58374691 6.569093704 7.084829807
vn -0.2146804929 0.9764772654 0.02011076547
v 13.54896832 6.569093704 7.304290771
vn -0.2249205261 0.8986980915 -0.3765003681
v 13.67365456 6.320311069 7.307174206
vn -0.9258601665 -0.1846159399 -0.3296967447
v 13.67365456 6.229597569 7.336882591
vn -0.9863123298 0.03816082329 -0.1604112685
v 13.68507195 6.524605751 7.379072666
vn -0.2685781717 -0.180511564 -0.946193099
v 13.37097549 6.513852119 7.304290771
vn 0.2127042413 -0.9022437334 -0.3751175702
v 13.45996952 6.513852119 7.334020615
vn -0.04260090366 -0.9858483672 -0.1621363163
v 13.21318817 6.526983738 7.376965523
vn 0.8534017205 -0.2201292068 -0.4724919498
v 13.67365456 6.355759621 7.23952198
vn -0.9520395398 -0.295890063 -0.07790911943
v 13.67365456 6.138881207 7.020050049
vn -0.8772670031 0.2378963679 0.4169027507
v 13.6807127 5.988494396 6.954908848
vn -0.1393718272 0.6135832667 0.777232945
v 13.67365456 6.103437424 7.087692261
vn -0.9901256561 0.1317638904 0.04784848541
v 13.67365456 6.229597569 6.990341663
vn -0.977096796 -0.03441466764 0.2099940181
v 13.67365456 6.320311069 7.020050049
vn -0.930878222 -0.2657364905 0.2506986558
v 13.68305683 6.524209499 6.954525948
vn -0.4073352516 -0.2642883658 0.874202311
v 13.67365456 6.355759621 7.087692261
vn -0.9928446412 -0.1182178706 0.01685224287
v 13.68260002 5.988163948 7.378880978
vn -0.3360611498 0.5842957497 -0.7386889458
v 13.67365456 6.138885021 7.307174206
vn -0.9056367874 0.3081730306 -0.2912926972
v 13.33619499 6.513852119 7.236638546
vn 0.3752929866 -0.9217208028 -0.09790780395
v 13.45996952 6.513852119 6.987479687
vn 0.04940825701 -0.9686953425 0.2432861775
v 13.21146679 6.521660328 6.955525875
vn 0.4012386203 -0.1625254154 0.9014394283
v 13.37097549 6.513852119 7.017188072
vn 0.3234989047 -0.8968283534 0.3017406166
v 13.33619499 6.513852119 7.084829807
vn 0.1645270437 -0.9859938025 0.02733241953
v 13.54896832 6.513852119 7.017188072
vn -0.2498280555 -0.8649441004 0.435267359
v 13.58374691 6.513852119 7.084829807
vn -0.1301677376 -0.9902204275 0.05019879714
v 13.54896832 6.513852119 7.304290771
vn -0.3222647011 -0.8989725113 -0.2966375649
v 13.72784901 6.103437424 7.23952198
vn 0.9161367416 0.3891786337 -0.09609112889
v 13.58374691 6.569093704 7.236638546
vn -0.4207606018 0.9014264941 -0.1019354984
v 13.2132082 5.988494396 7.37698698
vn 0.3379214406 0.5809342265 -0.7404893637
v 13.21495056 5.990270138 6.955525875
vn 0.8183118105 0.3580795825 0.4496051669
v 13.67365456 6.103437424 7.23952198
vn -0.8564154506 0.5142851472 -0.04542490095
v 13.58374691 6.513852119 7.236638546
vn -0.5545561314 -0.8308023214 -0.04727551341
v -5.60767746 6.531475544 7.324295044
vn 5.32288359e-05 0.9985631108 0.05358814076
v 12.91778851 6.531192303 7.341958523
vn -2.893599776e-05 0.9989247918 0.0463601537
v 12.91777229 6.529436588 7.038681984
vn 8.538345719e-05 0.7423509955 -0.6700111628
v -5.607693672 6.533222675 7.038575649
vn 0.0001530318987 0.7295722365 -0.6839037538
v 12.91779232 6.514588356 7.358621597
vn -0.0009509654483 0.06256704032 0.9980403185
v -5.60767746 6.514674187 7.340958118
vn -0.0009513014229 0.06252382696 0.9980430007
v -5.60767746 6.265489578 7.340958118
vn -0.0008134848904 -0.5174556375 0.855709672
v 12.91779232 6.265575409 7.358621597
vn -0.000257182779 -0.9284349084 0.3714949787
v -5.607699394 6.263640881 7.038575649
vn 8.319115295e-05 -0.7603569031 -0.649505496
v 12.91777229 6.267426968 7.038681984
vn 0.0001613226195 -0.7714782357 -0.6362556815
v 3.812522888 6.248495102 7.073710442
vn -0.05332041159 0.9985774755 -6.11680343e-17
v 3.812522888 6.248495102 -0.3224921525
vn -0.05332041159 0.9985774755 -6.11452372e-17
v 3.499938726 6.248495102 -0.3224921525
vn 0.05332051963 0.9985774755 -6.11224401e-17
v 3.499938726 6.248495102 7.073710442
vn 0.05332051963 0.9985774755 -6.114523058e-17
v 12.69645405 6.248495102 7.073710442
vn -0.03475070745 0.9993960261 -6.119535773e-17
v 12.69645405 6.248495102 -0.3224921525
vn -0.03475070745 0.9993960261 -6.119535773e-17
v 12.25222778 6.248495102 -0.3224921525
vn 0.03475053608 0.9993960261 -6.119535773e-17
v 12.25222778 6.248495102 7.073710442
vn 0.03475053608 0.9993960261 -6.119535773e-17
v 11.42691231 6.248495102 7.073710442
vn -0.05332050845 0.9985774755 -6.116802768e-17
v 11.42691231 6.248495102 -0.3224921525
vn -0.05332050845 0.9985774755 -6.114523058e-17
v 11.11432457 6.248495102 -0.3224921525
vn 0.05332013965 0.9985774755 -6.11224401e-17
v 11.11432457 6.248495102 7.073710442
vn 0.05332013965 0.9985774755 -6.11452372e-17
v 10.33913994 6.248495102 7.073710442
vn -0.05332023278 0.9985774755 -6.11452372e-17
v 10.33913994 6.248495102 -0.3224921525
vn -0.05332023278 0.9985774755 -6.11452372e-17
v 10.02655411 6.248495102 -0.3224921525
vn 0.05332097039 0.9985774159 -6.114523058e-17
v 10.02655411 6.248495102 7.073710442
vn 0.05332097039 0.9985774159 -6.114523058e-17
v 9.251373291 6.248495102 7.073710442
vn -0.05332041532 0.9985774755 -6.11452372e-17
v 9.251373291 6.248495102 -0.3224921525
vn -0.05332041532 0.9985774755 -6.11452372e-17
v 8.938786507 6.248495102 -0.3224921525
vn 0.05332023278 0.9985774755 -6.11224401e-17
v 8.938786507 6.248495102 7.073710442
vn 0.05332023278 0.9985774755 -6.11452372e-17
v 8.163602829 6.248495102 7.073710442
vn -0.05332018435 0.9985774755 -6.116802768e-17
v 8.163602829 6.248495102 -0.3224921525
vn -0.05332018435 0.9985774755 -6.11452372e-17
v 7.851015091 6.248495102 -0.3224921525
vn 0.05332046375 0.9985774755 -6.116802768e-17
v 7.851015091 6.248495102 7.073710442
vn 0.05332046375 0.9985774755 -6.11452372e-17
v 7.075834274 6.248495102 7.073710442
vn -0.05332041532 0.9985774755 -6.11224401e-17
v 7.075834274 6.248495102 -0.3224921525
vn -0.05332041532 0.9985774755 -6.11452372e-17
v 6.763246536 6.248495102 -0.3224921525
vn 0.05332050845 0.9985774755 -6.11224401e-17
v 6.763246536 6.248495102 7.073710442
vn 0.05332050845 0.9985774755 -6.114523058e-17
v 5.988064289 6.248495102 7.073710442
vn -0.0533205308 0.9985774755 -6.116802768e-17
v 5.988064289 6.248495102 -0.3224921525
vn -0.0533205308 0.9985774755 -6.114523058e-17
v 5.675478935 6.248495102 -0.3224921525
vn 0.05332000181 0.9985774755 -6.11224401e-17
v 5.675478935 6.248495102 7.073710442
vn 0.05332000181 0.9985774755 -6.11452372e-17
v 4.90029335 6.248495102 7.073710442
vn -0.05332043767 0.9985774755 -6.11452372e-17
v 4.90029335 6.248495102 -0.3224921525
vn -0.05332043767 0.9985774755 -6.11452372e-17
v 4.58770895 6.248495102 -0.3224921525
vn 0.05332037061 0.9985774755 -6.11452372e-17
v 4.58770895 6.248495102 7.073710442
vn 0.05332037061 0.9985774755 -6.11452372e-17
v -5.383990765 6.248495102 -0.3224921525
vn 0.03475059941 0.9993960261 -6.119535773e-17
v -5.383990765 6.248495102 7.073710442
vn 0.03475070745 0.9993960261 -6.119535773e-17
v -4.939766407 6.248495102 7.073710442
vn -0.03475059941 0.9993960261 -1.400243566e-08
v -4.939763546 6.248495102 -0.3224921525
vn -0.03475049138 0.9993960261 -1.400239125e-08
v -4.114448071 6.248495102 -0.3224921525
vn 0.05332032219 0.9985774755 -6.11452372e-17
v -4.114448071 6.248495102 7.073710442
vn 0.05332032219 0.9985774755 -6.11452372e-17
v -3.801861286 6.248495102 7.073710442
vn -0.05332050845 0.9985774755 -6.11224401e-17
v -3.801861286 6.248495102 -0.3224921525
vn -0.05332050845 0.9985774755 -6.114523058e-17
v -3.026679039 6.248495102 -0.3224921525
vn 0.05332050845 0.9985774755 -6.114523058e-17
v -3.026679039 6.248495102 7.073710442
vn 0.05332050845 0.9985774755 -6.114523058e-17
v -2.714092731 6.248495102 7.073710442
vn -0.05332032219 0.9985774755 -6.116802768e-17
v -2.714092731 6.248495102 -0.3224921525
vn -0.05332032219 0.9985774755 -6.11452372e-17
v -1.938910484 6.248495102 -0.3224921525
vn 0.05332023278 0.9985774755 -6.11452372e-17
v -1.938910484 6.248495102 7.073710442
vn 0.05332023278 0.9985774755 -6.11452372e-17
v -1.626322985 6.248495102 7.073710442
vn -0.05332041532 0.9985774755 -6.11224401e-17
v -1.626322985 6.248495102 -0.3224921525
vn -0.05332041532 0.9985774755 -6.11452372e-17
v -0.8511404991 6.248495102 -0.3224921525
vn 0.05332046375 0.9985774755 -6.11452372e-17
v -0.8511404991 6.248495102 7.073710442
vn 0.05332046375 0.9985774755 -6.11452372e-17
v -0.5385537744 6.248495102 7.073710442
vn -0.05332046375 0.9985774755 -6.11452372e-17
v -0.5385537744 6.248495102 -0.3224921525
vn -0.05332046375 0.9985774755 -6.11452372e-17
v 0.2366295755 6.248495102 -0.3224921525
vn 0.05332046375 0.9985774755 -6.11224401e-17
v 0.2366295755 6.248495102 7.073710442
vn 0.05332046375 0.9985774755 -6.11452372e-17
v 0.5492153764 6.248495102 7.073710442
vn -0.05332046375 0.9985774755 -6.116802768e-17
v 0.5492153764 6.248495102 -0.3224921525
vn -0.05332046375 0.9985774755 -6.11452372e-17
v 1.324400783 6.248495102 -0.3224921525
vn 0.05332046375 0.9985774755 -6.11452372e-17
v 1.324400783 6.248495102 7.073710442
vn 0.05332046375 0.9985774755 -6.11452372e-17
v 1.636985183 6.248495102 7.073710442
vn -0.05332043767 0.9985774755 -6.11452372e-17
v 1.636985183 6.248495102 -0.3224921525
vn -0.05332043767 0.9985774755 -6.11452372e-17
v 2.412170887 6.248495102 -0.3224921525
vn 0.0533205308 0.9985774755 -6.11680343e-17
v 2.412170887 6.248495102 7.073710442
vn 0.0533205308 0.9985774755 -6.114523058e-17
v 2.724753141 6.248495102 7.073710442
vn -0.0533204861 0.9985774755 -6.11680343e-17
v 2.724753141 6.248495102 -0.3224921525
vn -0.0533204861 0.9985774755 -6.11452372e-17
v 11.60339069 6.486727715 7.073710442
vn -0.02096023038 0.9997802973 1.689146489e-09
v 12.02561569 6.486727715 7.073710442
vn 0.06773409992 0.997703433 -6.109171531e-17
v 12.02561569 6.486727715 -0.3224921525
vn 0.01892320812 0.9998209476 -6.122137752e-17
v 11.60338974 6.486727715 -0.3224921525
vn -0.07554671168 0.9971422553 2.73967693e-08
v 10.51562309 6.486727715 7.073710442
vn -0.02096024342 0.9997802973 -6.121888936e-17
v 10.93784523 6.486727715 7.073710442
vn 0.07554633915 0.9971423149 -6.105735753e-17
v 10.93784523 6.486727715 -0.3224921525
vn 0.02096028626 0.9997802973 -6.121888936e-17
v 10.51562309 6.486727715 -0.3224921525
vn -0.07554578781 0.9971423149 -6.105735753e-17
v 9.427852631 6.486727715 7.073710442
vn -0.0209601447 0.9997802973 1.013483786e-08
v 9.850078583 6.486727715 7.073710442
vn 0.07554633915 0.9971423149 -2.130849275e-08
v 9.850074768 6.486727715 -0.3224921525
vn 0.02096010186 0.9997802973 -1.182395248e-08
v 9.427848816 6.486727715 -0.3224921525
vn -0.07554662228 0.9971422553 2.739673555e-08
v 8.340082169 6.486727715 7.073710442
vn -0.02096021548 0.9997802973 -6.120096932e-17
v 8.762306213 6.486727715 7.073710442
vn 0.07554601878 0.9971423149 -6.105735753e-17
v 8.762306213 6.486727715 -0.3224921525
vn 0.02096018754 0.9997802973 -6.121888936e-17
v 8.340082169 6.486727715 -0.3224921525
vn -0.07554639131 0.9971423149 -6.102505779e-17
v 7.252314568 6.486727715 7.073710442
vn -0.02096020244 0.9997802973 9.290292979e-09
v 7.674536228 6.486727715 7.073710442
vn 0.07554675639 0.9971422553 -9.132262058e-09
v 7.674536228 6.486727715 -0.3224921525
vn 0.02096027322 0.9997802973 -6.121888936e-17
v 7.25231123 6.486727715 -0.3224921525
vn -0.07554610819 0.9971423149 1.674233729e-08
v 6.164541721 6.486727715 7.073710442
vn -0.0209602192 0.9997802973 -6.121888936e-17
v 6.58676672 6.486727715 7.073710442
vn 0.07554595172 0.9971423149 -6.105735753e-17
v 6.58676672 6.486727715 -0.3224921525
vn 0.0209601447 0.9997802973 -6.121888936e-17
v 6.164541721 6.486727715 -0.3224921525
vn -0.0755469203 0.9971422553 -6.105735092e-17
v 5.076773167 6.486727715 7.073710442
vn -0.0209602043 0.9997802973 -6.120096932e-17
v 5.498998165 6.486727715 7.073710442
vn 0.07554694265 0.9971422553 -6.105735092e-17
v 5.498998165 6.486727715 -0.3224921525
vn 0.02096022666 0.9997802973 -6.121888936e-17
v 5.076773167 6.486727715 -0.3224921525
vn -0.07554666698 0.9971422553 -6.102505779e-17
v 3.98900342 6.486727715 7.073710442
vn -0.02096018381 0.9997802973 -6.121888936e-17
v 4.411228657 6.486727715 7.073710442
vn 0.07554587722 0.9971423149 -6.099276465e-17
v 4.411228657 6.486727715 -0.3224921525
vn 0.02096013352 0.9997802973 -6.118304266e-17
v 3.98900342 6.486727715 -0.3224921525
vn -0.07554653287 0.9971422553 -6.105735753e-17
v -4.290925026 6.486727715 -0.3224921525
vn 0.02096018754 0.9997802973 1.182400133e-08
v -4.713151455 6.486727715 -0.3224921525
vn -0.06773385406 0.997703433 -2.729273518e-08
v -4.713154793 6.486727715 7.073710442
vn -0.01892320812 0.9998209476 -9.149919933e-09
v -4.290929317 6.486727715 7.073710442
vn 0.07554671168 0.9971422553 3.652902336e-08
v -3.203155279 6.486727715 -0.3224921525
vn 0.02096020244 0.9997802973 1.013486539e-08
v -3.62538147 6.486727715 -0.3224921525
vn -0.07554662228 0.9971422553 -3.652898073e-08
v -3.625385046 6.486727715 7.073710442
vn -0.0209601596 0.9997802973 -1.013484408e-08
v -3.203158855 6.486727715 7.073710442
vn 0.07554698735 0.9971422553 3.04409653e-08
v -2.11538744 6.486727715 -0.3224921525
vn 0.02096017264 0.9997802973 8.445709021e-09
v -2.5376122 6.486727715 -0.3224921525
vn -0.07554662228 0.9971422553 -1.826449036e-08
v -2.537615776 6.486727715 7.073710442
vn -0.02096023038 0.9997802973 -1.013487871e-08
v -2.115390301 6.486727715 7.073710442
vn 0.07554587722 0.9971423149 1.522025883e-08
v -1.027617335 6.486727715 -0.3224921525
vn 0.02096023038 0.9997802973 9.290305414e-09
v -1.449842572 6.486727715 -0.3224921525
vn -0.07554592937 0.9971423149 -1.522026949e-08
v -1.449845552 6.486727715 7.073710442
vn -0.02096018009 0.9997802973 -8.445712574e-09
v -1.027620554 6.486727715 7.073710442
vn 0.07554657012 0.9971422553 1.674243855e-08
v 0.0601509735 6.486727715 -0.3224921525
vn 0.02096027322 0.9997802973 5.067449571e-09
v -0.3620733917 6.486727715 -0.3224921525
vn -0.07554629445 0.9971423149 -1.674237815e-08
v -0.3620733917 6.486727715 7.073710442
vn -0.02096020244 0.9997802973 -6.12368094e-17
v 0.06014918536 6.486727715 7.073710442
vn 0.07554671168 0.9971422553 9.13225584e-09
v 1.147920728 6.486727715 -0.3224921525
vn 0.02096020244 0.9997802973 -6.120096932e-17
v 0.7256957889 6.486727715 -0.3224921525
vn -0.07554597408 0.9971423149 -6.105735753e-17
v 0.7256957889 6.486727715 7.073710442
vn -0.02096015215 0.9997802973 -6.121888936e-17
v 1.147920728 6.486727715 7.073710442
vn 0.07554662228 0.9971422553 -6.102505779e-17
v 2.235690355 6.486727715 -0.3224921525
vn 0.02096022666 0.9997802973 -6.121888936e-17
v 1.813465357 6.486727715 -0.3224921525
vn -0.07554604113 0.9971423149 -1.598130694e-08
v 1.813465357 6.486727715 7.073710442
vn -0.02096011862 0.9997802973 -6.121888936e-17
v 2.235690355 6.486727715 7.073710442
vn 0.07554694265 0.9971422553 -6.105735092e-17
v 3.32345891 6.486727715 -0.3224921525
vn 0.02096018381 0.9997802973 -6.121888936e-17
v 2.901233673 6.486727715 -0.3224921525
vn -0.07554698735 0.9971422553 -6.102505779e-17
v 2.901233673 6.486727715 7.073710442
vn -0.0209602192 0.9997802973 -6.120096932e-17
v 3.32345891 6.486727715 7.073710442
vn 0.07554654032 0.9971422553 -6.105735753e-17
v 3.354649544 6.468369961 -0.3224921525
vn 0.8343136311 0.5512900949 -3.451931568e-17
v 3.354649544 6.468369961 7.073710442
vn 0.8343136311 0.5512900949 -3.375678089e-17
v 3.468746662 6.266851425 7.073710442
vn 0.8343097568 0.5512959361 -3.448989783e-17
v 3.468746662 6.266851425 -0.3224921525
vn 0.8343097568 0.5512959361 -3.522265081e-17
v 3.957812786 6.468369961 7.073710442
vn -0.8343135715 0.5512901545 -3.299425271e-17
v 3.957812786 6.468369961 -0.3224921525
vn -0.8343135715 0.5512901545 -3.37567875e-17
v 3.843715668 6.266851425 -0.3224921525
vn -0.8343085051 0.5512978435 -3.302450436e-17
v 3.843715668 6.266851425 7.073710442
vn -0.8343085051 0.5512978435 -3.229174807e-17
v 12.05931759 6.470107079 -0.3224921525
vn 0.7542683482 0.6565662622 -4.173648968e-17
v 12.05931759 6.470107079 7.073710442
vn 0.7542683482 0.6565662622 -4.020308874e-17
v 12.21852398 6.265113354 7.073710442
vn 0.7542612553 0.6565743685 -4.17369893e-17
v 12.21852398 6.265113354 -0.3224921525
vn 0.7542612553 0.6565743685 -4.327039025e-17
v 12.8893671 6.470107079 7.073710442
vn -0.7897825241 0.613386929 -3.75591184e-17
v 12.8893671 6.470107079 -0.3224921525
vn -0.7897825241 0.613386929 -3.75591184e-17
v 12.73015594 6.265113354 -0.3224921525
vn -0.7542572618 0.6565790176 -4.020386959e-17
v 12.73015594 6.265113354 7.073710442
vn -0.7542572618 0.6565790176 -4.020386959e-17
v 10.96903801 6.468369961 -0.3224921525
vn 0.8343119621 0.5512925982 -3.37569364e-17
v 10.96903801 6.468369961 7.073710442
vn 0.8343119621 0.5512925982 -3.37569364e-17
v 11.0831337 6.266851425 7.073710442
vn 0.8343136907 0.5512899756 -3.372699577e-17
v 11.0831337 6.266851425 -0.3224921525
vn 0.8343136907 0.5512899756 -3.369721726e-17
v 11.57220268 6.468369961 7.073710442
vn -0.8343114257 0.5512933731 2.717492862e-07
v 11.57219791 6.468369961 -0.3224921525
vn -0.8343119621 0.5512925982 5.378853416e-07
v 11.45810127 6.266851425 -0.3224921525
vn -0.8343116045 0.5512931347 2.464896909e-07
v 11.45810127 6.266851425 7.073710442
vn -0.8343074918 0.5512993932 -3.381690699e-17
v 9.881267548 6.468369961 -0.3224921525
vn 0.8343104124 0.5512949824 -1.964741969e-08
v 9.881267548 6.468369961 7.073710442
vn 0.8343140483 0.5512894392 -3.375674118e-17
v 9.995366096 6.266851425 7.073710442
vn 0.8343147635 0.5512883663 -3.375667832e-17
v 9.995366096 6.266851425 -0.3224921525
vn 0.8343147635 0.5512883663 -3.375667832e-17
v 10.48442841 6.468369961 7.073710442
vn -0.8343077898 0.5512989163 -3.451985169e-17
v 10.48442841 6.468369961 -0.3224921525
vn -0.8343077898 0.5512989163 -3.375732352e-17
v 10.37033176 6.266851425 -0.3224921525
vn -0.8343105912 0.5512946844 -3.451959692e-17
v 10.37033176 6.266851425 7.073710442
vn -0.8343105912 0.5512946844 -3.528213171e-17
v 8.793498993 6.468369961 -0.3224921525
vn 0.8343109488 0.5512942076 -3.299450086e-17
v 8.793498993 6.468369961 7.073710442
vn 0.8343109488 0.5512942076 -3.375703235e-17
v 8.907595634 6.266851425 7.073710442
vn 0.8343126774 0.5512915254 -3.296455362e-17
v 8.907595634 6.266851425 -0.3224921525
vn 0.8343126774 0.5512915254 -3.217224032e-17
v 9.396661758 6.468369961 7.073710442
vn -0.8343140483 0.5512894392 1.176944764e-07
v 9.396659851 6.468369961 -0.3224921525
vn -0.8343171477 0.5512847304 2.01708275e-07
v 9.28256321 6.266851425 -0.3224921525
vn -0.8343132138 0.5512907505 9.243380106e-08
v 9.28256321 6.266851425 7.073710442
vn -0.8343116045 0.5512931347 -3.528204569e-17
v 7.7057271 6.468369961 -0.3224921525
vn 0.834309876 0.5512957573 -1.008532564e-07
v 7.705729008 6.468369961 7.073710442
vn 0.834309876 0.5512957573 -2.017065128e-07
v 7.819826126 6.266851425 7.073710442
vn 0.8343132138 0.5512907505 -9.243380106e-08
v 7.819826126 6.266851425 -0.3224921525
vn 0.8343116045 0.5512931347 -3.381652318e-17
v 8.308890343 6.468369961 7.073710442
vn -0.8343124986 0.5512918234 -3.296457678e-17
v 8.308890343 6.468369961 -0.3224921525
vn -0.8343124986 0.5512918234 -3.375688676e-17
v 8.194793701 6.266851425 -0.3224921525
vn -0.8343126774 0.5512915254 -3.302411062e-17
v 8.194793701 6.266851425 7.073710442
vn -0.8343126774 0.5512915254 -3.229135433e-17
v 6.617959499 6.468369961 -0.3224921525
vn 0.8343077898 0.5512989163 -3.375732352e-17
v 6.617959499 6.468369961 7.073710442
vn 0.8343077898 0.5512989163 -3.375732352e-17
v 6.732058048 6.266851425 7.073710442
vn 0.8343132138 0.5512907505 -3.37270454e-17
v 6.732058048 6.266851425 -0.3224921525
vn 0.8343132138 0.5512907505 -3.36972669e-17
v 7.221120834 6.468369961 7.073710442
vn -0.8343106508 0.5512945652 1.543726391e-08
v 7.221120834 6.468369961 -0.3224921525
vn -0.8343135118 0.5512902141 -3.375679081e-17
v 7.107023716 6.266851425 -0.3224921525
vn -0.8343142271 0.5512892008 -3.372694944e-17
v 7.107023716 6.266851425 7.073710442
vn -0.8343142271 0.5512892008 -3.369717094e-17
v 5.530187607 6.468369961 -0.3224921525
vn 0.834315598 0.5512871146 -3.375659891e-17
v 5.530187607 6.468369961 7.073710442
vn 0.834315598 0.5512871146 -3.375659891e-17
v 5.644284725 6.266851425 7.073710442
vn 0.8343059421 0.5513017774 -3.372771707e-17
v 5.644284725 6.266851425 -0.3224921525
vn 0.8343059421 0.5513017774 -3.369793526e-17
v 6.13335228 6.468369961 7.073710442
vn -0.834315598 0.5512871146 -3.375659891e-17
v 6.13335228 6.468369961 -0.3224921525
vn -0.834315598 0.5512871146 -3.375659891e-17
v 6.019255161 6.266851425 -0.3224921525
vn -0.8343119025 0.5512927175 -3.378672152e-17
v 6.019255161 6.266851425 7.073710442
vn -0.8343119025 0.5512927175 -3.381650002e-17
v 4.442421436 6.468369961 -0.3224921525
vn 0.8343140483 0.5512894392 -3.369718087e-17
v 4.442421436 6.468369961 7.073710442
vn 0.8343140483 0.5512894392 -3.375674118e-17
v 4.556516171 6.266851425 7.073710442
vn 0.8343126774 0.5512915254 -3.375687022e-17
v 4.556516171 6.266851425 -0.3224921525
vn 0.8343126774 0.5512915254 -3.375687022e-17
v 5.045582771 6.468369961 7.073710442
vn -0.8343140483 0.5512894392 -3.372696268e-17
v 5.045582771 6.468369961 -0.3224921525
vn -0.8343140483 0.5512894392 -3.375674118e-17
v 4.931485653 6.266851425 -0.3224921525
vn -0.8343092799 0.5512966514 -3.375718455e-17
v 4.931485653 6.266851425 7.073710442
vn -0.8343092799 0.5512966514 -3.375718455e-17
v -5.576901913 6.470107079 -0.3224921525
vn 0.78978616 0.6133822799 1.121779576e-07
v -5.576903343 6.470107079 7.073710442
vn 0.7897825241 0.613386929 1.909413783e-07
v -5.417694092 6.265113354 7.073710442
vn 0.7542587519 0.6565772891 8.433929821e-08
v -5.417694092 6.265113354 -0.3224921525
vn 0.754260242 0.6565755606 -4.020365784e-17
v -4.746856689 6.470107079 7.073710442
vn -0.7542678714 0.6565668583 -2.758121411e-07
v -4.746854305 6.470107079 -0.3224921525
vn -0.7542673349 0.6565673947 -2.431400787e-07
v -4.906059742 6.265113354 -0.3224921525
vn -0.754262805 0.6565726399 -2.758100095e-07
v -4.90606308 6.265113354 7.073710442
vn -0.7542622685 0.656573236 -3.039230592e-07
v -4.259735584 6.468369961 -0.3224921525
vn 0.8343124986 0.5512918234 1.877367453e-07
v -4.259738922 6.468369961 7.073710442
vn 0.8343088627 0.551297307 3.361770951e-07
v -4.145638943 6.266851425 7.073710442
vn 0.8343100548 0.5512954593 1.54055769e-07
v -4.145638943 6.266851425 -0.3224921525
vn 0.8343126774 0.5512915254 -3.375687022e-17
v -3.656574965 6.468369961 7.073710442
vn -0.8343119621 0.5512925982 -2.185476831e-07
v -3.656571388 6.468369961 -0.3224921525
vn -0.8343088627 0.551297307 -4.034125141e-07
v -3.770672083 6.266851425 -0.3224921525
vn -0.8343116045 0.5512931347 -1.848672611e-07
v -3.770672083 6.266851425 7.073710442
vn -0.8343147635 0.5512883663 -3.369712131e-17
v -3.171967268 6.468369961 -0.3224921525
vn 0.834313035 0.5512910485 1.513122072e-07
v -3.171969652 6.468369961 7.073710442
vn 0.834309876 0.5512957573 2.689420171e-07
v -3.057868958 6.266851425 7.073710442
vn 0.8343095779 0.5512962341 1.232445328e-07
v -3.057868958 6.266851425 -0.3224921525
vn 0.8343116045 0.5512931347 -3.223189328e-17
v -2.568804502 6.468369961 7.073710442
vn -0.8343140483 0.5512894392 -1.684071904e-08
v -2.568804502 6.468369961 -0.3224921525
vn -0.8343109488 0.5512942076 -3.375703235e-17
v -2.682901621 6.266851425 -0.3224921525
vn -0.8343116045 0.5512931347 -3.378674799e-17
v -2.682901621 6.266851425 7.073710442
vn -0.8343116045 0.5512931347 -3.381652649e-17
v -2.084196329 6.468369961 -0.3224921525
vn 0.8343135118 0.5512902141 1.403392513e-08
v -2.084196329 6.468369961 7.073710442
vn 0.8343109488 0.5512942076 -3.375703235e-17
v -1.970100999 6.266851425 7.073710442
vn 0.8343157768 0.5512868166 -3.375658236e-17
v -1.970100999 6.266851425 -0.3224921525
vn 0.8343157768 0.5512868166 -3.375658236e-17
v -1.481036663 6.468369961 7.073710442
vn -0.8343104124 0.5512949824 -1.403387184e-08
v -1.481036663 6.468369961 -0.3224921525
vn -0.8343077898 0.5512989163 -3.375732352e-17
v -1.595133662 6.266851425 -0.3224921525
vn -0.8343147635 0.5512883663 -3.372689981e-17
v -1.595133662 6.266851425 7.073710442
vn -0.8343147635 0.5512883663 -3.369712131e-17
v -0.9964282513 6.468369961 -0.3224921525
vn 0.8343122602 0.551292181 1.543729233e-08
v -0.9964282513 6.468369961 7.073710442
vn 0.8343093991 0.5512965322 -3.375717462e-17
v -0.8823304176 6.266851425 7.073710442
vn 0.8343121409 0.5512923002 -3.375691985e-17
v -0.8823304176 6.266851425 -0.3224921525
vn 0.8343121409 0.5512923002 -3.375691985e-17
v -0.3932668865 6.468369961 7.073710442
vn -0.8343088627 0.551297307 -1.848974023e-07
v -0.3932636082 6.468369961 -0.3224921525
vn -0.8343088627 0.551297307 -3.697948046e-07
v -0.5073638558 6.266851425 -0.3224921525
vn -0.8343108296 0.5512942672 -1.694615008e-07
v -0.5073638558 6.266851425 7.073710442
vn -0.8343136907 0.5512899756 -3.375677427e-17
v 0.09134148806 6.468369961 -0.3224921525
vn 0.8343119621 0.5512925982 8.420338204e-09
v 0.09134148806 6.468369961 7.073710442
vn 0.8343104124 0.5512949824 -3.375708198e-17
v 0.2054387778 6.266851425 7.073710442
vn 0.8343116045 0.5512931347 -3.372719098e-17
v 0.2054387778 6.266851425 -0.3224921525
vn 0.8343116045 0.5512931347 -3.369741248e-17
v 0.6945031881 6.468369961 7.073710442
vn -0.8343104124 0.5512949824 -3.375708198e-17
v 0.6945031881 6.468369961 -0.3224921525
vn -0.8343104124 0.5512949824 -3.375708198e-17
v 0.580406189 6.266851425 -0.3224921525
vn -0.8343121409 0.5512923002 -3.378669835e-17
v 0.580406189 6.266851425 7.073710442
vn -0.8343121409 0.5512923002 -3.381647686e-17
v 1.179111242 6.468369961 -0.3224921525
vn 0.8343135118 0.5512902141 -3.372701231e-17
v 1.179111242 6.468369961 7.073710442
vn 0.8343135118 0.5512902141 -3.375679081e-17
v 1.29320848 6.266851425 7.073710442
vn 0.8343090415 0.5512970686 -3.375720771e-17
v 1.29320848 6.266851425 -0.3224921525
vn 0.8343090415 0.5512970686 -3.375720771e-17
v 1.782271504 6.468369961 7.073710442
vn -0.8343135118 0.5512902141 -1.764939697e-07
v 1.782274604 6.468369961 -0.3224921525
vn -0.8343135118 0.5512902141 -3.529879393e-07
v 1.668177605 6.266851425 -0.3224921525
vn -0.8343120217 0.5512925386 -1.617589334e-07
v 1.668177605 6.266851425 7.073710442
vn -0.8343147635 0.5512883663 -3.223160873e-17
v 2.266879797 6.468369961 -0.3224921525
vn 0.834315598 0.5512871146 -3.375659891e-17
v 2.266879797 6.468369961 7.073710442
vn 0.834315598 0.5512871146 -3.375659891e-17
v 2.380976915 6.266851425 7.073710442
vn 0.8343064189 0.5513010025 -3.378723106e-17
v 2.380976915 6.266851425 -0.3224921525
vn 0.8343064189 0.5513010025 -3.381701287e-17
v 2.87004447 6.468369961 7.073710442
vn -0.8343161345 0.5512862802 -3.372677077e-17
v 2.87004447 6.468369961 -0.3224921525
vn -0.8343161345 0.5512862802 -3.375654928e-17
v 2.755947351 6.266851425 -0.3224921525
vn -0.8343059421 0.5513017774 -3.378727738e-17
v 2.755947351 6.266851425 7.073710442
vn -0.8343059421 0.5513017774 -3.381705919e-17
v -5.58980751 6.486727715 -0.3224921525
vn 0.7898453474 0.6133060455 4.455653198e-07
v -5.589811325 6.486727715 7.073710442
vn 0.7898179293 0.6133413911 3.182498745e-07
v 12.90227318 6.486727715 7.073710442
vn -0.7898316383 0.6133236885 -3.755524389e-17
v 12.90227318 6.486727715 -0.3224921525
vn -0.7898316383 0.6133236885 -3.755524389e-17
vt 0.1873999983 0.6707999706
vt 0.1873999983 0.6829000115
vt 0.1472000033 0.6829000115
vt 0.1472000033 0.6707999706
vt 0.4257000089 0.682099998
vt 0.4257000089 0.6707999706
vt 0.4659000039 0.6707999706
vt 0.4659000039 0.682099998
vt 0.4772999883 0.2949000001
vt 0.5741999745 0.2949000001
vt 0.5741999745 0.3073000014
vt 0.4772999883 0.3073000014
vt 0.8828999996 0.06190000102
vt 0.7860000134 0.06190000102
vt 0.7860000134 0.04830000177
vt 0.8828999996 0.04830000177
vt 0.3052000105 0.6707999706
vt 0.3052000105 0.6829000115
vt 0.2928000093 0.6829000115
vt 0.2928000093 0.6707999706
vt 0.08869999647 0.6829000115
vt 0.08869999647 0.6707999706
vt 0.1023000032 0.6707999706
vt 0.1023000032 0.6829000115
vt 0.3106999993 0.682099998
vt 0.3106999993 0.6707999706
vt 0.3244000077 0.6707999706
vt 0.3244000077 0.682099998
vt 0.5273000002 0.6707999706
vt 0.5273000002 0.682099998
vt 0.5148000121 0.682099998
vt 0.5148000121 0.6707999706
vt 0.6486999989 0.7811999917
vt 0.6622999907 0.7811999917
vt 0.6622999907 0.7821999788
vt 0.6486999989 0.7821999788
vt 0.7475000024 0.7811999917
vt 0.7475000024 0.7821999788
vt 0.7073000073 0.7821999788
vt 0.7073000073 0.7811999917
vt 0.8528000116 0.7811999917
vt 0.8651999831 0.7811999917
vt 0.8651999831 0.7821999788
vt 0.8528000116 0.7821999788
vt 0.4923999906 0.6211000085
vt 0.4803000093 0.6207000017
vt 0.4803000093 0.6201000214
vt 0.4923999906 0.6201000214
vt 0.8657000065 0.6890000105
vt 0.8532999754 0.6890000105
vt 0.8532999754 0.6883999705
vt 0.8657000065 0.6883999705
vt 0.7641000152 0.6894000173
vt 0.7641000152 0.6883999705
vt 0.8043000102 0.6883999705
vt 0.8043000102 0.6894000173
vt 0.662800014 0.6890000105
vt 0.6492000222 0.6890000105
vt 0.6492000222 0.6883999705
vt 0.662800014 0.6883999705
vt 0.8529999852 0.5491999984
vt 0.8409000039 0.5496000051
vt 0.8409000039 0.548600018
vt 0.8529999852 0.548600018
vt 0.4747999907 0.6211000085
vt 0.4623999894 0.6211000085
vt 0.4623999894 0.6201000214
vt 0.4747999907 0.6201000214
vt 0.3731999993 0.6211000085
vt 0.3731999993 0.6201000214
vt 0.4133999944 0.6201000214
vt 0.4133999944 0.6211000085
vt 0.2718999982 0.6211000085
vt 0.2581999898 0.6211000085
vt 0.2581999898 0.6201000214
vt 0.2718999982 0.6201000214
vt 0.6941000223 0.8851000071
vt 0.6829000115 0.8845999837
vt 0.6829000115 0.8841000199
vt 0.6941000223 0.8841000199
vt 0.5986999869 0.753099978
vt 0.6123999953 0.753099978
vt 0.6123999953 0.7536000013
vt 0.5986999869 0.7536000013
vt 0.6974999905 0.7526000142
vt 0.6974999905 0.7536000013
vt 0.6572999954 0.7536000013
vt 0.6572999954 0.7526000142
vt 0.8029000163 0.753099978
vt 0.8152999878 0.753099978
vt 0.8152999878 0.7536000013
vt 0.8029000163 0.7536000013
vt 0.8528000116 0.7990000248
vt 0.8414999843 0.799399972
vt 0.8414999843 0.7985000014
vt 0.8528000116 0.7985000014
vt 0.002400000114 0.004600000102
vt 0.2310000062 0.004600000102
vt 0.2310000062 0.09939999878
vt 0.002400000114 0.09939999878
vt 0.2924000025 0.6707999706
vt 0.2924000025 0.6829000115
vt 0.2599000037 0.6829000115
vt 0.2599000037 0.6707999706
vt 0.2437999994 0.6707999706
vt 0.2437999994 0.6829000115
vt 0.2036000043 0.6829000115
vt 0.2036000043 0.6707999706
vt 0.1027000025 0.6829000115
vt 0.1027000025 0.6707999706
vt 0.1312000006 0.6707999706
vt 0.1312000006 0.6829000115
vt 0.3246999979 0.682099998
vt 0.3246999979 0.6707999706
vt 0.3531999886 0.6707999706
vt 0.3531999886 0.682099998
vt 0.3693000078 0.682099998
vt 0.3693000078 0.6707999706
vt 0.4095000029 0.6707999706
vt 0.4095000029 0.682099998
vt 0.5144000053 0.6707999706
vt 0.5144000053 0.682099998
vt 0.4819000065 0.682099998
vt 0.4819000065 0.6707999706
vt 0.8524000049 0.7811999917
vt 0.8524000049 0.7821999788
vt 0.8198999763 0.7821999788
vt 0.8198999763 0.7811999917
vt 0.8037999868 0.7811999917
vt 0.8037999868 0.7821999788
vt 0.7635999918 0.7821999788
vt 0.7635999918 0.7811999917
vt 0.6626999974 0.7821999788
vt 0.6626999974 0.7811999917
vt 0.6912000179 0.7811999917
vt 0.6912000179 0.7821999788
vt 0.6632000208 0.6890000105
vt 0.6632000208 0.6883999705
vt 0.6916999817 0.6883999705
vt 0.6916999817 0.6894000173
vt 0.7077000141 0.6894000173
vt 0.7077000141 0.6883999705
vt 0.7479000092 0.6883999705
vt 0.7479000092 0.6894000173
vt 0.8529000282 0.6883999705
vt 0.8529000282 0.6890000105
vt 0.8203999996 0.6894000173
vt 0.8203999996 0.6883999705
vt 0.2721999884 0.6211000085
vt 0.2721999884 0.6201000214
vt 0.3007000089 0.6201000214
vt 0.3007000089 0.6211000085
vt 0.3167999983 0.6211000085
vt 0.3167999983 0.6201000214
vt 0.3569999933 0.6201000214
vt 0.3569999933 0.6211000085
vt 0.4618999958 0.6201000214
vt 0.4618999958 0.6211000085
vt 0.429399997 0.6211000085
vt 0.429399997 0.6201000214
vt 0.8025000095 0.753000021
vt 0.8025000095 0.7536000013
vt 0.7699999809 0.7536000013
vt 0.7699999809 0.7526999712
vt 0.7538999915 0.7526000142
vt 0.7538999915 0.7536000013
vt 0.7136999965 0.7536000013
vt 0.7136999965 0.7526000142
vt 0.6126999855 0.7536000013
vt 0.6126999855 0.753000021
vt 0.6413000226 0.7526999712
vt 0.6413000226 0.7536000013
vt 0.7010999918 0.3517000079
vt 0.7979999781 0.3517000079
vt 0.7979999781 0.3797999918
vt 0.7010999918 0.3797999918
vt 0.7860000134 0.002600000007
vt 0.8828999996 0.002600000007
vt 0.8828999996 0.0428000018
vt 0.7860000134 0.0428000018
vt 0.6978999972 0.2849000096
vt 0.601000011 0.2849000096
vt 0.601000011 0.2526000142
vt 0.6978999972 0.2526000142
vt 0.2442999929 0.6707999706
vt 0.2594999969 0.6707999706
vt 0.2594999969 0.6829000115
vt 0.2442999929 0.6829000115
vt 0.1879000068 0.6707999706
vt 0.2030999959 0.6707999706
vt 0.2030999959 0.6829000115
vt 0.1879000068 0.6829000115
vt 0.1466999948 0.6829000115
vt 0.1316000074 0.6829000115
vt 0.1316000074 0.6707999706
vt 0.1466999948 0.6707999706
vt 0.3688000143 0.682099998
vt 0.3535999954 0.682099998
vt 0.3535999954 0.6707999706
vt 0.3688000143 0.6707999706
vt 0.4250999987 0.682099998
vt 0.4099999964 0.682099998
vt 0.4099999964 0.6707999706
vt 0.4250999987 0.6707999706
vt 0.4663999975 0.6707999706
vt 0.4814999998 0.6707999706
vt 0.4814999998 0.682099998
vt 0.4663999975 0.682099998
vt 0.8043000102 0.7811999917
vt 0.8195000291 0.7811999917
vt 0.8195000291 0.7821999788
vt 0.8043000102 0.7821999788
vt 0.7480000257 0.7811999917
vt 0.763100028 0.7811999917
vt 0.763100028 0.7821999788
vt 0.7480000257 0.7821999788
vt 0.706700027 0.7821999788
vt 0.6916000247 0.7821999788
vt 0.6916000247 0.7811999917
vt 0.706700027 0.7811999917
vt 0.7071999907 0.6894000173
vt 0.6919999719 0.6894000173
vt 0.6919999719 0.6883999705
vt 0.7071999907 0.6883999705
vt 0.7635999918 0.6894000173
vt 0.7483999729 0.6894000173
vt 0.7483999729 0.6883999705
vt 0.7635999918 0.6883999705
vt 0.804799974 0.6883999705
vt 0.8199999928 0.6883999705
vt 0.8199999928 0.6894000173
vt 0.804799974 0.6894000173
vt 0.3163000047 0.6211000085
vt 0.3010999858 0.6211000085
vt 0.3010999858 0.6201000214
vt 0.3163000047 0.6201000214
vt 0.3725999892 0.6211000085
vt 0.3574999869 0.6211000085
vt 0.3574999869 0.6201000214
vt 0.3725999892 0.6201000214
vt 0.4138999879 0.6201000214
vt 0.4289999902 0.6201000214
vt 0.4289999902 0.6211000085
vt 0.4138999879 0.6211000085
vt 0.7544000149 0.7526000142
vt 0.7695000172 0.7526000142
vt 0.7695000172 0.7536000013
vt 0.7544000149 0.7536000013
vt 0.6980000138 0.7526000142
vt 0.7131999731 0.7526000142
vt 0.7131999731 0.7536000013
vt 0.6980000138 0.7536000013
vt 0.6567999721 0.7536000013
vt 0.6416000128 0.7536000013
vt 0.6416000128 0.7526000142
vt 0.6567999721 0.7526000142
vt 0.7034000158 0.282099992
vt 0.7034000158 0.2725000083
vt 0.8004000187 0.2725000083
vt 0.8004000187 0.282099992
vt 0.08869999647 0.8015999794
vt 0.08869999647 0.7919999957
vt 0.1855999976 0.7919999957
vt 0.1855999976 0.8015999794
vt 0.8608999848 0.1339000016
vt 0.8608999848 0.1433999985
vt 0.763899982 0.1433999985
vt 0.763899982 0.1339000016
vt 0.7651000023 0.7055000067
vt 0.8619999886 0.7055000067
vt 0.8619999886 0.7089999914
vt 0.7651000023 0.7089999914
vt 0.6444000006 0.7488999963
vt 0.6539999843 0.7488999963
vt 0.7651000023 0.7386999726
vt 0.8619999886 0.7386999726
vt 0.8619999886 0.742299974
vt 0.7651000023 0.742299974
vt 0.704400003 0.6931999922
vt 0.6948000193 0.6931999922
vt 0.7285000086 0.3384000063
vt 0.8253999949 0.3384000063
vt 0.8253999949 0.341899991
vt 0.7285000086 0.341899991
vt 0.7008000016 0.7488999963
vt 0.7103999853 0.7488999963
vt 0.7655000091 0.7171999812
vt 0.8625000119 0.7171999812
vt 0.8625000119 0.7207999825
vt 0.7655000091 0.7207999825
vt 0.760800004 0.6931999922
vt 0.7512000203 0.6931999922
vt 0.7655000091 0.7285000086
vt 0.8625000119 0.7285000086
vt 0.8625000119 0.7319999933
vt 0.7655000091 0.7319999933
vt 0.8172000051 0.6931999922
vt 0.8076000214 0.6931999922
vt 0.7646999955 0.6578000188
vt 0.8615999818 0.6578000188
vt 0.8615999818 0.6613000035
vt 0.7646999955 0.6613000035
vt 0.7572000027 0.7488999963
vt 0.7667000294 0.7488999963
vt 0.8529000282 0.689899981
vt 0.8205000162 0.689899981
vt 0.779399991 0.4963000119
vt 0.8762999773 0.4963000119
vt 0.8762999773 0.4972000122
vt 0.779399991 0.4972000122
vt 0.7700999975 0.7522000074
vt 0.8025000095 0.7522000074
vt 0.7667000294 0.7483999729
vt 0.7695000172 0.7518000007
vt 0.7572000027 0.7483999729
vt 0.7544000149 0.7518000007
vt 0.7136999965 0.7522000074
vt 0.7538999915 0.7522000074
vt 0.7103999853 0.7483999729
vt 0.7131999731 0.7518000007
vt 0.7008000016 0.7483999729
vt 0.6980000138 0.7519000173
vt 0.6572999954 0.7522000074
vt 0.6974999905 0.7522000074
vt 0.6539999843 0.7483999729
vt 0.6567999721 0.7519000173
vt 0.6444000006 0.7483999729
vt 0.6416000128 0.7519000173
vt 0.6126999855 0.7522000074
vt 0.6409000158 0.7522000074
vt 0.7860000134 0.06750000268
vt 0.8828999996 0.06750000268
vt 0.8828999996 0.06830000132
vt 0.7860000134 0.06830000132
vt 0.6912999749 0.689899981
vt 0.6632000208 0.689899981
vt 0.6948000193 0.693599999
vt 0.6919999719 0.6901000142
vt 0.704400003 0.693599999
vt 0.7071999907 0.6901000142
vt 0.7479000092 0.689899981
vt 0.7077000141 0.689899981
vt 0.7512000203 0.693599999
vt 0.7483999729 0.6901000142
vt 0.760800004 0.693599999
vt 0.7635999918 0.6901999712
vt 0.8043000102 0.689899981
vt 0.7641000152 0.689899981
vt 0.8076000214 0.693599999
vt 0.804799974 0.6901999712
vt 0.8172000051 0.693599999
vt 0.8199999928 0.6901999712
vt 0.7285000086 0.3380999863
vt 0.8253999949 0.3380999863
vt 0.7655000091 0.7282000184
vt 0.8625000119 0.7282000184
vt 0.6978999972 0.2854000032
vt 0.601000011 0.2854000032
vt 0.7646999955 0.6575000286
vt 0.8615999818 0.6575000286
vt 0.8532999754 0.689899981
vt 0.8029000163 0.7522000074
vt 0.7651000023 0.7052000165
vt 0.8619999886 0.7052000165
vt 0.7655000091 0.7170000076
vt 0.8625000119 0.7170000076
vt 0.7010999918 0.3513000011
vt 0.7979999781 0.3513000011
vt 0.7651000023 0.738499999
vt 0.8619999886 0.738499999
vt 0.6123999953 0.7522000074
vt 0.662800014 0.689899981
vt 0.131099999 0.7821999788
vt 0.1319999993 0.7821999788
vt 0.1319999993 0.7828000188
vt 0.1462000012 0.7821999788
vt 0.1472000033 0.7821999788
vt 0.1462000012 0.7828000188
vt 0.1928000003 0.3646000028
vt 0.1994999945 0.3646000028
vt 0.1994999945 0.3871000111
vt 0.1928000003 0.3871000111
vt 0.2036000043 0.6996999979
vt 0.2036000043 0.6883999705
vt 0.2437999994 0.6883999705
vt 0.2437999994 0.6996999979
vt 0.763899982 0.1159000024
vt 0.8608999848 0.1159000024
vt 0.8608999848 0.1282999963
vt 0.763899982 0.1282999963
vt 0.6751000285 0.1855999976
vt 0.5781000257 0.1855999976
vt 0.5781000257 0.1720000058
vt 0.6751000285 0.1720000058
vt 0.1928000003 0.2987999916
vt 0.1994999945 0.2987999916
vt 0.1994999945 0.3057000041
vt 0.1928000003 0.3057000041
vt 0.1994999945 0.4198000133
vt 0.1928000003 0.4198000133
vt 0.1928000003 0.4122000039
vt 0.1994999945 0.4122000039
vt 0.08869999647 0.6996999979
vt 0.08869999647 0.6883999705
vt 0.1023000032 0.6883999705
vt 0.1023000032 0.6996999979
vt 0.3052000105 0.6883999705
vt 0.3052000105 0.6996999979
vt 0.2928000093 0.6996999979
vt 0.2928000093 0.6883999705
vt 0.5662999749 0.7919999957
vt 0.5799999833 0.7919999957
vt 0.5799999833 0.7929000258
vt 0.5662999749 0.7929000258
vt 0.6650999784 0.7919999957
vt 0.6650999784 0.7929000258
vt 0.6248000264 0.7929000258
vt 0.6248000264 0.7919999957
vt 0.7705000043 0.7919999957
vt 0.7828999758 0.7919999957
vt 0.7828999758 0.7929000258
vt 0.7705000043 0.7929000258
vt 0.7990000248 0.7713000178
vt 0.7868999839 0.7709000111
vt 0.7868999839 0.7703999877
vt 0.7990000248 0.7703999877
vt 0.3052000105 0.7817999721
vt 0.2928000093 0.7817999721
vt 0.2928000093 0.7811999917
vt 0.3052000105 0.7811999917
vt 0.2036000043 0.7821999788
vt 0.2036000043 0.7811999917
vt 0.2437999994 0.7811999917
vt 0.2437999994 0.7821999788
vt 0.1023000032 0.7817999721
vt 0.08869999647 0.7817999721
vt 0.08869999647 0.7811999917
vt 0.1023000032 0.7811999917
vt 0.882799983 0.7817999721
vt 0.8708000183 0.7821999788
vt 0.8708000183 0.7811999917
vt 0.882799983 0.7811999917
vt 0.7814000249 0.7713000178
vt 0.7689999938 0.7713000178
vt 0.7689999938 0.7703999877
vt 0.7814000249 0.7703999877
vt 0.679700017 0.7713000178
vt 0.679700017 0.7703999877
vt 0.7200000286 0.7703999877
vt 0.7200000286 0.7713000178
vt 0.5784999728 0.7713000178
vt 0.564800024 0.7713000178
vt 0.564800024 0.7703999877
vt 0.5784999728 0.7703999877
vt 0.7996000051 0.7929000258
vt 0.7883999944 0.7925000191
vt 0.7883999944 0.7919999957
vt 0.7996000051 0.7919999957
vt 0.3427999914 0.7749999762
vt 0.356400013 0.7749999762
vt 0.356400013 0.7756000161
vt 0.3427999914 0.7756000161
vt 0.4415999949 0.774600029
vt 0.4415999949 0.7756000161
vt 0.4013000131 0.7756000161
vt 0.4013000131 0.774600029
vt 0.5468999743 0.7749999762
vt 0.5593000054 0.7749999762
vt 0.5593000054 0.7756000161
vt 0.5468999743 0.7756000161
vt 0.1988999993 0.2894000113
vt 0.1991000026 0.2957000136
vt 0.1985999942 0.2957000136
vt 0.1985999942 0.2894000113
vt 0.2389000058 0.003800000064
vt 0.4648000002 0.003800000064
vt 0.4648000002 0.09759999812
vt 0.2389000058 0.09759999812
vt 0.1994999945 0.3240999877
vt 0.1928000003 0.3240999877
vt 0.1928000003 0.3330999911
vt 0.1994999945 0.3330999911
vt 0.1994999945 0.3555999994
vt 0.1928000003 0.3555999994
vt 0.1928000003 0.3961000144
vt 0.1994999945 0.3961000144
vt 0.131099999 0.6883999705
vt 0.131099999 0.6996999979
vt 0.1472000033 0.6996999979
vt 0.1472000033 0.6883999705
vt 0.1875 0.6883999705
vt 0.1875 0.6996999979
vt 0.2599999905 0.6996999979
vt 0.2599999905 0.6883999705
vt 0.7376000285 0.7929000258
vt 0.7376000285 0.7919999957
vt 0.7214999795 0.7919999957
vt 0.7214999795 0.7929000258
vt 0.6812000275 0.7929000258
vt 0.6812000275 0.7919999957
vt 0.6086999774 0.7919999957
vt 0.6086999774 0.7929000258
vt 0.131099999 0.7811999917
vt 0.1472000033 0.7811999917
vt 0.1875 0.7811999917
vt 0.1875 0.7821999788
vt 0.2599999905 0.7821999788
vt 0.2599999905 0.7811999917
vt 0.6072000265 0.7703999877
vt 0.6072000265 0.7713000178
vt 0.6233000159 0.7713000178
vt 0.6233000159 0.7703999877
vt 0.6636000276 0.7703999877
vt 0.6636000276 0.7713000178
vt 0.736100018 0.7713000178
vt 0.736100018 0.7703999877
vt 0.5141000152 0.7756000161
vt 0.5141000152 0.774600029
vt 0.4979000092 0.774600029
vt 0.4979000092 0.7756000161
vt 0.4577000141 0.7756000161
vt 0.4577000141 0.774600029
vt 0.3851999938 0.774600029
vt 0.3851999938 0.7756000161
vt 0.2759000063 0.4147999883
vt 0.2114000022 0.4147999883
vt 0.2114000022 0.3957000077
vt 0.2759000063 0.3957000077
vt 0.2759000063 0.3849000037
vt 0.2114000022 0.3849000037
vt 0.2114000022 0.358099997
vt 0.2759000063 0.358099997
vt 0.2110999972 0.3125999868
vt 0.2755999863 0.3125999868
vt 0.2755999863 0.3343999982
vt 0.2110999972 0.3343999982
vt 0.1928000003 0.3325000107
vt 0.1928000003 0.3246000111
vt 0.1994999945 0.3246000111
vt 0.1994999945 0.3325000107
vt 0.1928000003 0.3641000092
vt 0.1928000003 0.356099993
vt 0.1994999945 0.356099993
vt 0.1994999945 0.3641000092
vt 0.1994999945 0.3876000047
vt 0.1994999945 0.3955999911
vt 0.1928000003 0.3955999911
vt 0.1928000003 0.3876000047
vt 0.1462000012 0.6996999979
vt 0.1319999993 0.6996999979
vt 0.1319999993 0.6883999705
vt 0.1462000012 0.6883999705
vt 0.2026000023 0.6996999979
vt 0.1884000003 0.6996999979
vt 0.1884000003 0.6883999705
vt 0.2026000023 0.6883999705
vt 0.2448000014 0.6883999705
vt 0.2590000033 0.6883999705
vt 0.2590000033 0.6996999979
vt 0.2448000014 0.6996999979
vt 0.7224000096 0.7919999957
vt 0.7365999818 0.7919999957
vt 0.7365999818 0.7929000258
vt 0.7224000096 0.7929000258
vt 0.6661000252 0.7919999957
vt 0.6802999973 0.7919999957
vt 0.6802999973 0.7929000258
vt 0.6661000252 0.7929000258
vt 0.6238999963 0.7929000258
vt 0.6097000241 0.7929000258
vt 0.6097000241 0.7919999957
vt 0.6238999963 0.7919999957
vt 0.1319999993 0.7811999917
vt 0.1462000012 0.7811999917
vt 0.2026000023 0.7825000286
vt 0.1884000003 0.7825000286
vt 0.1884000003 0.7811999917
vt 0.2026000023 0.7811999917
vt 0.2448000014 0.7811999917
vt 0.2590000033 0.7811999917
vt 0.2590000033 0.7825000286
vt 0.2448000014 0.7825000286
vt 0.6223999858 0.7713000178
vt 0.6082000136 0.7713000178
vt 0.6082000136 0.7703999877
vt 0.6223999858 0.7703999877
vt 0.6787999868 0.7713000178
vt 0.6646000147 0.7713000178
vt 0.6646000147 0.7703999877
vt 0.6787999868 0.7703999877
vt 0.7210000157 0.7703999877
vt 0.7351999879 0.7703999877
vt 0.7351999879 0.7713000178
vt 0.7210000157 0.7713000178
vt 0.4988999963 0.774600029
vt 0.513100028 0.774600029
vt 0.513100028 0.7756000161
vt 0.4988999963 0.7756000161
vt 0.4424999952 0.774600029
vt 0.4566999972 0.774600029
vt 0.4566999972 0.7756000161
vt 0.4424999952 0.7756000161
vt 0.4002999961 0.7756000161
vt 0.3860999942 0.7756000161
vt 0.3860999942 0.774600029
vt 0.4002999961 0.774600029
vt 0.2759000063 0.3871000111
vt 0.2759000063 0.3935000002
vt 0.2114000022 0.3935000002
vt 0.2114000022 0.3871000111
vt 0.2759000063 0.3495999873
vt 0.2759000063 0.3558999896
vt 0.2114000022 0.3558999896
vt 0.2114000022 0.3495999873
vt 0.2110999972 0.3429999948
vt 0.2110999972 0.3366000056
vt 0.2755999863 0.3366000056
vt 0.2755999863 0.3429999948
vt 0.2114000022 0.3855000138
vt 0.2759000063 0.3855000138
vt 0.388500005 0.7707999945
vt 0.3980000019 0.7707999945
vt 0.2759000063 0.3950999975
vt 0.2114000022 0.3950999975
vt 0.143900007 0.7860000134
vt 0.1342999935 0.7860000134
vt 0.2114000022 0.34799999
vt 0.2759000063 0.34799999
vt 0.4447999895 0.7707999945
vt 0.454400003 0.7707999945
vt 0.2759000063 0.3576000035
vt 0.2114000022 0.3576000035
vt 0.2002999932 0.7860000134
vt 0.1906999946 0.7860000134
vt 0.2755999863 0.344599992
vt 0.2110999972 0.344599992
vt 0.2567000091 0.7860000134
vt 0.2470999956 0.7860000134
vt 0.2110999972 0.3350000083
vt 0.2755999863 0.3350000083
vt 0.5012000203 0.7707999945
vt 0.510800004 0.7707999945
vt 0.2928000093 0.7827000022
vt 0.2599999905 0.7827000022
vt 0.5781000257 0.1911000013
vt 0.6751000285 0.1911000013
vt 0.6751000285 0.1920000017
vt 0.5781000257 0.1920000017
vt 0.5141000152 0.7742000222
vt 0.5468999743 0.7742000222
vt 0.510800004 0.7703999877
vt 0.513199985 0.7736999989
vt 0.5012000203 0.7703999877
vt 0.4988000095 0.7736999989
vt 0.4577000141 0.7742000222
vt 0.4979000092 0.7742000222
vt 0.454400003 0.7703999877
vt 0.4568000138 0.7736999989
vt 0.4447999895 0.7703999877
vt 0.4424000084 0.7736999989
vt 0.4013000131 0.7742000222
vt 0.4415999949 0.7742000222
vt 0.3980000019 0.7703999877
vt 0.4004999995 0.7736999989
vt 0.388500005 0.7703999877
vt 0.3860000074 0.7736999989
vt 0.356400013 0.7742000222
vt 0.3851999938 0.7742000222
vt 0.779399991 0.5274999738
vt 0.8762999773 0.5274999738
vt 0.8762999773 0.5284000039
vt 0.779399991 0.5284000039
vt 0.131099999 0.7827000022
vt 0.1023000032 0.7827000022
vt 0.1342999935 0.7864999771
vt 0.1318999976 0.7832000256
vt 0.143900007 0.7864999771
vt 0.1464000046 0.7832000256
vt 0.1875 0.7827000022
vt 0.1472000033 0.7827000022
vt 0.1906999946 0.7864999771
vt 0.1882999986 0.7832000256
vt 0.2002999932 0.7864999771
vt 0.202700004 0.7832000256
vt 0.2437999994 0.7827000022
vt 0.2036000043 0.7827000022
vt 0.2470999956 0.7864999771
vt 0.2446999997 0.7832000256
vt 0.2567000091 0.7864999771
vt 0.2590999901 0.7832000256
vt 0.2114000022 0.3474000096
vt 0.2759000063 0.3474000096
vt 0.2755999863 0.3452000022
vt 0.2110999972 0.3452000022
vt 0.6266999841 0.002600000007
vt 0.6266999841 0.1207000017
vt 0.6220999956 0.1207000017
vt 0.6220999956 0.002600000007
vt 0.8075000048 0.1074000001
vt 0.6894000173 0.1074000001
vt 0.6894000173 0.1008000001
vt 0.8075000048 0.1008000001
vt 0.8075000048 0.08860000223
vt 0.6894000173 0.08860000223
vt 0.6894000173 0.08399999887
vt 0.8075000048 0.08399999887
vt 0.5953999758 0.2894000113
vt 0.4772999883 0.2894000113
vt 0.4772999883 0.284799993
vt 0.5953999758 0.284799993
vt 0.5953999758 0.2732999921
vt 0.4772999883 0.2732999921
vt 0.4772999883 0.2687000036
vt 0.5953999758 0.2687000036
vt 0.5953999758 0.2572000027
vt 0.4772999883 0.2572000027
vt 0.4772999883 0.2526000142
vt 0.5953999758 0.2526000142
vt 0.6750000119 0.002600000007
vt 0.6750000119 0.1207000017
vt 0.6704000235 0.1207000017
vt 0.6704000235 0.002600000007
vt 0.6589000225 0.002600000007
vt 0.6589000225 0.1207000017
vt 0.6542999744 0.1207000017
vt 0.6542999744 0.002600000007
vt 0.6427999735 0.002600000007
vt 0.6427999735 0.1207000017
vt 0.638199985 0.1207000017
vt 0.638199985 0.002600000007
vt 0.4907999933 0.1207000017
vt 0.4907999933 0.002600000007
vt 0.497299999 0.002600000007
vt 0.497299999 0.1207000017
vt 0.5095000267 0.1207000017
vt 0.5095000267 0.002600000007
vt 0.5141000152 0.002600000007
vt 0.5141000152 0.1207000017
vt 0.5256000161 0.1207000017
vt 0.5256000161 0.002600000007
vt 0.5302000046 0.002600000007
vt 0.5302000046 0.1207000017
vt 0.5417000055 0.1207000017
vt 0.5417000055 0.002600000007
vt 0.546299994 0.002600000007
vt 0.546299994 0.1207000017
vt 0.5577999949 0.1207000017
vt 0.5577999949 0.002600000007
vt 0.5623999834 0.002600000007
vt 0.5623999834 0.1207000017
vt 0.5738999844 0.1207000017
vt 0.5738999844 0.002600000007
vt 0.5784999728 0.002600000007
vt 0.5784999728 0.1207000017
vt 0.5899999738 0.1207000017
vt 0.5899999738 0.002600000007
vt 0.5946000218 0.002600000007
vt 0.5946000218 0.1207000017
vt 0.6061000228 0.1207000017
vt 0.6061000228 0.002600000007
vt 0.6105999947 0.002600000007
vt 0.6105999947 0.1207000017
vt 0.8075000048 0.09120000154
vt 0.8075000048 0.09740000218
vt 0.6894000173 0.09740000218
vt 0.6894000173 0.09120000154
vt 0.8075000048 0.07509999722
vt 0.8075000048 0.08129999787
vt 0.6894000173 0.08129999787
vt 0.6894000173 0.07509999722
vt 0.5953999758 0.2759000063
vt 0.5953999758 0.282099992
vt 0.4772999883 0.282099992
vt 0.4772999883 0.2759000063
vt 0.5953999758 0.2597999871
vt 0.5953999758 0.2660000026
vt 0.4772999883 0.2660000026
vt 0.4772999883 0.2597999871
vt 0.6776000261 0.002600000007
vt 0.6837999821 0.002600000007
vt 0.6837999821 0.1207000017
vt 0.6776000261 0.1207000017
vt 0.6615999937 0.002600000007
vt 0.6678000093 0.002600000007
vt 0.6678000093 0.1207000017
vt 0.6615999937 0.1207000017
vt 0.6455000043 0.002600000007
vt 0.6517000198 0.002600000007
vt 0.6517000198 0.1207000017
vt 0.6455000043 0.1207000017
vt 0.6294000149 0.002600000007
vt 0.6355999708 0.002600000007
vt 0.6355999708 0.1207000017
vt 0.6294000149 0.1207000017
vt 0.5069000125 0.1207000017
vt 0.5006999969 0.1207000017
vt 0.5006999969 0.002600000007
vt 0.5069000125 0.002600000007
vt 0.5230000019 0.1207000017
vt 0.5167999864 0.1207000017
vt 0.5167999864 0.002600000007
vt 0.5230000019 0.002600000007
vt 0.5390999913 0.1207000017
vt 0.5328999758 0.1207000017
vt 0.5328999758 0.002600000007
vt 0.5390999913 0.002600000007
vt 0.5551999807 0.1207000017
vt 0.5489000082 0.1207000017
vt 0.5489000082 0.002600000007
vt 0.5551999807 0.002600000007
vt 0.5712000132 0.1207000017
vt 0.5649999976 0.1207000017
vt 0.5649999976 0.002600000007
vt 0.5712000132 0.002600000007
vt 0.5873000026 0.1207000017
vt 0.581099987 0.1207000017
vt 0.581099987 0.002600000007
vt 0.5873000026 0.002600000007
vt 0.603399992 0.1207000017
vt 0.5971999764 0.1207000017
vt 0.5971999764 0.002600000007
vt 0.603399992 0.002600000007
vt 0.6194999814 0.1207000017
vt 0.6133000255 0.1207000017
vt 0.6133000255 0.002600000007
vt 0.6194999814 0.002600000007
vt 0.6288999915 0.002600000007
vt 0.6288999915 0.1207000017
vt 0.6272000074 0.1207000017
vt 0.6272000074 0.002600000007
vt 0.6200000048 0.1207000017
vt 0.6200000048 0.002600000007
vt 0.6216999888 0.002600000007
vt 0.6216999888 0.1207000017
vt 0.8075000048 0.1102000028
vt 0.6894000173 0.1102000028
vt 0.6894000173 0.1079000011
vt 0.8075000048 0.1079000011
vt 0.6894000173 0.09799999744
vt 0.8075000048 0.09799999744
vt 0.8075000048 0.1002999991
vt 0.6894000173 0.1002999991
vt 0.8075000048 0.09070000052
vt 0.6894000173 0.09070000052
vt 0.6894000173 0.08910000324
vt 0.8075000048 0.08910000324
vt 0.6894000173 0.08179999888
vt 0.8075000048 0.08179999888
vt 0.8075000048 0.08349999785
vt 0.6894000173 0.08349999785
vt 0.7646999955 0.643599987
vt 0.882799983 0.643599987
vt 0.882799983 0.6464999914
vt 0.7646999955 0.6464999914
vt 0.4772999883 0.2825999856
vt 0.5953999758 0.2825999856
vt 0.5953999758 0.2842999995
vt 0.4772999883 0.2842999995
vt 0.5953999758 0.2754000127
vt 0.4772999883 0.2754000127
vt 0.4772999883 0.2737999856
vt 0.5953999758 0.2737999856
vt 0.4772999883 0.2664999962
vt 0.5953999758 0.2664999962
vt 0.5953999758 0.2682000101
vt 0.4772999883 0.2682000101
vt 0.5953999758 0.2594000101
vt 0.4772999883 0.2594000101
vt 0.4772999883 0.2576999962
vt 0.5953999758 0.2576999962
vt 0.2960999906 0.3059999943
vt 0.4142999947 0.3059999943
vt 0.4142999947 0.3088999987
vt 0.2960999906 0.3088999987
vt 0.6772000194 0.002600000007
vt 0.6772000194 0.1207000017
vt 0.6754999757 0.1207000017
vt 0.6754999757 0.002600000007
vt 0.668200016 0.1207000017
vt 0.668200016 0.002600000007
vt 0.6699000001 0.002600000007
vt 0.6699000001 0.1207000017
vt 0.6610999703 0.002600000007
vt 0.6610999703 0.1207000017
vt 0.6593999863 0.1207000017
vt 0.6593999863 0.002600000007
vt 0.6521999836 0.1207000017
vt 0.6521999836 0.002600000007
vt 0.6538000107 0.002600000007
vt 0.6538000107 0.1207000017
vt 0.6449999809 0.002600000007
vt 0.6449999809 0.1207000017
vt 0.6432999969 0.1207000017
vt 0.6432999969 0.002600000007
vt 0.6360999942 0.1207000017
vt 0.6360999942 0.002600000007
vt 0.6377000213 0.002600000007
vt 0.6377000213 0.1207000017
vt 0.4878999889 0.1207000017
vt 0.4878999889 0.002600000007
vt 0.4902000129 0.002600000007
vt 0.4902000129 0.1207000017
vt 0.5001999736 0.002600000007
vt 0.5001999736 0.1207000017
vt 0.4977999926 0.1207000017
vt 0.4977999926 0.002600000007
vt 0.5163000226 0.002600000007
vt 0.5163000226 0.1207000017
vt 0.5145999789 0.1207000017
vt 0.5145999789 0.002600000007
vt 0.5073999763 0.1207000017
vt 0.5073999763 0.002600000007
vt 0.5090000033 0.002600000007
vt 0.5090000033 0.1207000017
vt 0.532400012 0.002600000007
vt 0.532400012 0.1207000017
vt 0.5307000279 0.1207000017
vt 0.5307000279 0.002600000007
vt 0.5235000253 0.1207000017
vt 0.5235000253 0.002600000007
vt 0.5250999928 0.002600000007
vt 0.5250999928 0.1207000017
vt 0.5485000014 0.002600000007
vt 0.5485000014 0.1207000017
vt 0.5468000174 0.1207000017
vt 0.5468000174 0.002600000007
vt 0.5396000147 0.1207000017
vt 0.5396000147 0.002600000007
vt 0.5411999822 0.002600000007
vt 0.5411999822 0.1207000017
vt 0.5644999743 0.002600000007
vt 0.5644999743 0.1207000017
vt 0.5629000068 0.1207000017
vt 0.5629000068 0.002600000007
vt 0.5555999875 0.1207000017
vt 0.5555999875 0.002600000007
vt 0.5572999716 0.002600000007
vt 0.5572999716 0.1207000017
vt 0.5806000233 0.002600000007
vt 0.5806000233 0.1207000017
vt 0.5789999962 0.1207000017
vt 0.5789999962 0.002600000007
vt 0.5716999769 0.1207000017
vt 0.5716999769 0.002600000007
vt 0.5734000206 0.002600000007
vt 0.5734000206 0.1207000017
vt 0.5967000127 0.002600000007
vt 0.5967000127 0.1207000017
vt 0.5950000286 0.1207000017
vt 0.5950000286 0.002600000007
vt 0.5878000259 0.1207000017
vt 0.5878000259 0.002600000007
vt 0.58950001 0.002600000007
vt 0.58950001 0.1207000017
vt 0.6128000021 0.002600000007
vt 0.6128000021 0.1207000017
vt 0.611100018 0.1207000017
vt 0.611100018 0.002600000007
vt 0.6039000154 0.1207000017
vt 0.6039000154 0.002600000007
vt 0.6055999994 0.002600000007
vt 0.6055999994 0.1207000017
vt 0.4876999855 0.1207000017
vt 0.4876999855 0.002600000007
vt 0.8075000048 0.1103999987
vt 0.6894000173 0.1103999987
vt 0.7646999955 0.6432999969
vt 0.882799983 0.6432999969
vt 0.2960999906 0.3057000041
vt 0.4142999947 0.3057000041
vt 0.7646999955 0.6467999816
vt 0.882799983 0.6467999816
vt 0.2960999906 0.3091999888
vt 0.4142999947 0.3091999888
vt 0.4887000024 0.961499989
vt 0.4887000024 0.9635999799
vt 0.3820999861 0.9635999799
vt 0.3820999861 0.961499989
vt 0.3820999861 0.9025999904
vt 0.3820999861 0.9004999995
vt 0.4887000024 0.9004999995
vt 0.4887000024 0.9025999904
vt 0.3817000091 0.9613000154
vt 0.3799000084 0.9613000154
vt 0.3799000084 0.9028000236
vt 0.3817000091 0.9028000236
vt 0.489199996 0.9028000236
vt 0.4909999967 0.9028000236
vt 0.4909999967 0.9613000154
vt 0.489199996 0.9613000154
vt 0.3817000091 0.961499989
vt 0.3817000091 0.9635999799
vt 0.3799000084 0.9635999799
vt 0.3799000084 0.961499989
vt 0.489199996 0.9635999799
vt 0.489199996 0.961499989
vt 0.4909999967 0.961499989
vt 0.4909999967 0.9635999799
vt 0.489199996 0.9025999904
vt 0.489199996 0.9004999995
vt 0.4909999967 0.9004999995
vt 0.4909999967 0.9025999904
vt 0.3817000091 0.9004999995
vt 0.3817000091 0.9025999904
vt 0.3799000084 0.9025999904
vt 0.3799000084 0.9004999995
vt 0.2563000023 0.9092000127
vt 0.3628999889 0.9092000127
vt 0.3628999889 0.9113000035
vt 0.2563000023 0.9113000035
vt 0.3628999889 0.972299993
vt 0.2563000023 0.972299993
vt 0.2563000023 0.9703000188
vt 0.3628999889 0.9703000188
vt 0.2540000081 0.9700000286
vt 0.2540000081 0.9115999937
vt 0.2558000088 0.9115999937
vt 0.2558000088 0.9700000286
vt 0.3650999963 0.9115999937
vt 0.3650999963 0.9700000286
vt 0.3632999957 0.9700000286
vt 0.3632999957 0.9115999937
vt 0.2540000081 0.9092000127
vt 0.2558000088 0.9092000127
vt 0.2558000088 0.9113000035
vt 0.2540000081 0.9113000035
vt 0.3650999963 0.9113000035
vt 0.3632999957 0.9113000035
vt 0.3632999957 0.9092000127
vt 0.3650999963 0.9092000127
vt 0.3650999963 0.972299993
vt 0.3632999957 0.972299993
vt 0.3632999957 0.9703000188
vt 0.3650999963 0.9703000188
vt 0.2540000081 0.9703000188
vt 0.2558000088 0.9703000188
vt 0.2558000088 0.972299993
vt 0.2540000081 0.972299993
vt 0.1303000003 0.9771000147
vt 0.2369000018 0.9771000147
vt 0.2369000018 0.9782000184
vt 0.1303000003 0.9782000184
vt 0.2387000024 0.9703000188
vt 0.132100001 0.9703000188
vt 0.132100001 0.9692000151
vt 0.2387000024 0.9692000151
vt 0.3707999885 0.9898999929
vt 0.2640999854 0.9898999929
vt 0.2640999854 0.9887999892
vt 0.3707999885 0.9887999892
vt 0.265899986 0.9808999896
vt 0.3725999892 0.9808999896
vt 0.3725999892 0.9818999767
vt 0.265899986 0.9818999767
vt 0.5644000173 0.9563000202
vt 0.5059999824 0.9563000202
vt 0.5059999824 0.9552000165
vt 0.5644000173 0.9552000165
vt 0.1985000074 0.9577999711
vt 0.1401000023 0.9577999711
vt 0.1401000023 0.956700027
vt 0.1985000074 0.956700027
vt 0.5644000173 0.959100008
vt 0.5059999824 0.959100008
vt 0.5059999824 0.9580000043
vt 0.5644000173 0.9580000043
vt 0.1985000074 0.9521999955
vt 0.1401000023 0.9521999955
vt 0.1401000023 0.9512000084
vt 0.1985000074 0.9512000084
vt 0.2008000016 0.9577999711
vt 0.1987999976 0.9577999711
vt 0.1987999976 0.956700027
vt 0.2008000016 0.956700027
vt 0.1316999942 0.9703000188
vt 0.1298999935 0.9703000188
vt 0.1298999935 0.9692000151
vt 0.1316999942 0.9692000151
vt 0.1397999972 0.9521999955
vt 0.1377999932 0.9521999955
vt 0.1377999932 0.9512000084
vt 0.1397999972 0.9512000084
vt 0.2409999967 0.9703000188
vt 0.239199996 0.9703000188
vt 0.239199996 0.9692000151
vt 0.2409999967 0.9692000151
vt 0.2008000016 0.9521999955
vt 0.1987999976 0.9521999955
vt 0.1987999976 0.9512000084
vt 0.2008000016 0.9512000084
vt 0.3729999959 0.9808999896
vt 0.3747999966 0.9808999896
vt 0.3747999966 0.9818999767
vt 0.3729999959 0.9818999767
vt 0.1397999972 0.9577999711
vt 0.1377999932 0.9577999711
vt 0.1377999932 0.956700027
vt 0.1397999972 0.956700027
vt 0.2637000084 0.9808999896
vt 0.2655000091 0.9808999896
vt 0.2655000091 0.9818999767
vt 0.2637000084 0.9818999767
vt 0.5647000074 0.9563000202
vt 0.5647000074 0.9552000165
vt 0.5056999922 0.9563000202
vt 0.5056999922 0.9552000165
vt 0.5647000074 0.959100008
vt 0.5647000074 0.9580000043
vt 0.5056999922 0.959100008
vt 0.5056999922 0.9580000043
vt 0.1298999935 0.9771000147
vt 0.1298999935 0.9782000184
vt 0.2373999953 0.9771000147
vt 0.2373999953 0.9782000184
vt 0.3711999953 0.9898999929
vt 0.3711999953 0.9887999892
vt 0.2637000084 0.9898999929
vt 0.2637000084 0.9887999892
vt 0.3170000017 0.6286000013
vt 0.3170000017 0.6377999783
vt 0.1928000003 0.6377999783
vt 0.1928000003 0.6286000013
vt 0.7610999942 0.6819999814
vt 0.7610999942 0.6829000115
vt 0.6369000077 0.6829000115
vt 0.6369000077 0.6819999814
vt 0.545599997 0.4972000122
vt 0.545599997 0.4963000119
vt 0.6697000265 0.4963000119
vt 0.6697000265 0.4972000122
vt 0.5728999972 0.7594000101
vt 0.5728999972 0.7627000213
vt 0.4487999976 0.7627000213
vt 0.4487999976 0.7594000101
vt 0.5307999849 0.6509000063
vt 0.5307999849 0.6475999951
vt 0.6549999714 0.6475999951
vt 0.6549999714 0.6509000063
vt 0.6549999714 0.6286000013
vt 0.6549999714 0.6373000145
vt 0.5307999849 0.6373000145
vt 0.5307999849 0.6286000013
vt 0.6119999886 0.6208000183
vt 0.6119999886 0.6130999923
vt 0.736100018 0.6130999923
vt 0.736100018 0.6208000183
vt 0.4210999906 0.6286000013
vt 0.4210999906 0.6377999783
vt 0.3334999979 0.6377999783
vt 0.3334999979 0.6286000013
vt 0.08869999647 0.6377999783
vt 0.08869999647 0.6286000013
vt 0.1763000041 0.6286000013
vt 0.1763000041 0.6377999783
vt 0.8651999831 0.6819999814
vt 0.8651999831 0.6829000115
vt 0.7775999904 0.6829000115
vt 0.7775999904 0.6819999814
vt 0.5328000188 0.6829000115
vt 0.5328000188 0.6819999814
vt 0.6204000115 0.6819999814
vt 0.6204000115 0.6829000115
vt 0.4413999915 0.4972000122
vt 0.4413999915 0.4963000119
vt 0.5289999843 0.4963000119
vt 0.5289999843 0.4972000122
vt 0.7738999724 0.4963000119
vt 0.7738999724 0.4972000122
vt 0.6862000227 0.4972000122
vt 0.6862000227 0.4963000119
vt 0.6771000028 0.7594000101
vt 0.6771000028 0.7627000213
vt 0.58950001 0.7627000213
vt 0.58950001 0.7594000101
vt 0.344599992 0.7627000213
vt 0.344599992 0.7594000101
vt 0.4323000014 0.7594000101
vt 0.4323000014 0.7627000213
vt 0.426699996 0.6509000063
vt 0.426699996 0.6475999951
vt 0.5142999887 0.6475999951
vt 0.5142999887 0.6509000063
vt 0.7591000199 0.6475999951
vt 0.7591000199 0.6509000063
vt 0.6715000272 0.6509000063
vt 0.6715000272 0.6475999951
vt 0.7591000199 0.6286000013
vt 0.7591000199 0.6373000145
vt 0.6715000272 0.6373000145
vt 0.6715000272 0.6286000013
vt 0.426699996 0.6373000145
vt 0.426699996 0.6286000013
vt 0.5142999887 0.6286000013
vt 0.5142999887 0.6373000145
vt 0.507799983 0.6208000183
vt 0.507799983 0.6130999923
vt 0.5953999758 0.6130999923
vt 0.5953999758 0.6208000183
vt 0.8403000236 0.6130999923
vt 0.8403000236 0.6208000183
vt 0.7526999712 0.6208000183
vt 0.7526999712 0.6130999923
vt 0.07379999757 0.8600999713
vt 0.08299999684 0.8600999713
vt 0.08250000328 0.8603000045
vt 0.07429999858 0.8603000045
vt 0.3330999911 0.6291000247
vt 0.3174999952 0.6291000247
vt 0.8847000003 0.1020999998
vt 0.8755000234 0.1020999998
vt 0.8759999871 0.1018000022
vt 0.8842999935 0.1018000022
vt 0.6554999948 0.647300005
vt 0.6710000038 0.647300005
vt 0.8840000033 0.393599987
vt 0.8748000264 0.393599987
vt 0.8752999902 0.3932999969
vt 0.88349998 0.3932999969
vt 0.5148000121 0.647300005
vt 0.5303999782 0.647300005
vt 0.8151000142 0.8650000095
vt 0.8242999911 0.8650000095
vt 0.8238000274 0.8651999831
vt 0.815599978 0.8651999831
vt 0.1923999935 0.6291000247
vt 0.1767999977 0.6291000247
vt 0.08250000328 0.8643000126
vt 0.07429999858 0.8643000126
vt 0.8676000237 0.738499999
vt 0.8831999898 0.738499999
vt 0.8831999898 0.7425000072
vt 0.8676000237 0.7425000072
vt 0.8759999871 0.0978000015
vt 0.8842999935 0.0978000015
vt 0.6554999948 0.6432999969
vt 0.6710000038 0.6432999969
vt 0.8752999902 0.3892999887
vt 0.88349998 0.3892999887
vt 0.5148000121 0.6432999969
vt 0.5303999782 0.6432999969
vt 0.8238000274 0.8691999912
vt 0.815599978 0.8691999912
vt 0.4876999855 0.1887000054
vt 0.5033000112 0.1887000054
vt 0.5033000112 0.1926999986
vt 0.4876999855 0.1926999986
vt 0.5142999887 0.6638000011
vt 0.426699996 0.6638000011
vt 0.426699996 0.6575000286
vt 0.5142999887 0.6575000286
vt 0.6549999714 0.6638000011
vt 0.5307999849 0.6638000011
vt 0.5307999849 0.6575000286
vt 0.6549999714 0.6575000286
vt 0.7591000199 0.6638000011
vt 0.6715000272 0.6638000011
vt 0.6715000272 0.6575000286
vt 0.7591000199 0.6575000286
vt 0.8820000291 0.1339000016
vt 0.8820000291 0.1421000063
vt 0.8664000034 0.1421000063
vt 0.8664000034 0.1339000016
vt 0.8019999862 0.1894000024
vt 0.8019999862 0.1811999977
vt 0.8176000118 0.1811999977
vt 0.8176000118 0.1894000024
vt 0.3282999992 0.1591999978
vt 0.3282999992 0.2673000097
vt 0.3235999942 0.2673000097
vt 0.3235999942 0.1591999978
vt 0.4600000083 0.1591999978
vt 0.4600000083 0.2673000097
vt 0.4535000026 0.2673000097
vt 0.4535000026 0.1591999978
vt 0.4411999881 0.1591999978
vt 0.4411999881 0.2673000097
vt 0.4365999997 0.2673000097
vt 0.4365999997 0.1591999978
vt 0.4250999987 0.1591999978
vt 0.4250999987 0.2673000097
vt 0.4203999937 0.2673000097
vt 0.4203999937 0.1591999978
vt 0.4088999927 0.1591999978
vt 0.4088999927 0.2673000097
vt 0.4043000042 0.2673000097
vt 0.4043000042 0.1591999978
vt 0.3928000033 0.1591999978
vt 0.3928000033 0.2673000097
vt 0.3882000148 0.2673000097
vt 0.3882000148 0.1591999978
vt 0.3767000139 0.1591999978
vt 0.3767000139 0.2673000097
vt 0.3720000088 0.2673000097
vt 0.3720000088 0.1591999978
vt 0.3605000079 0.1591999978
vt 0.3605000079 0.2673000097
vt 0.3558999896 0.2673000097
vt 0.3558999896 0.1591999978
vt 0.3443999887 0.1591999978
vt 0.3443999887 0.2673000097
vt 0.3398000002 0.2673000097
vt 0.3398000002 0.1591999978
vt 0.1919 0.2673000097
vt 0.1919 0.1591999978
vt 0.1985000074 0.1591999978
vt 0.1985000074 0.2673000097
vt 0.2107000053 0.2673000097
vt 0.2107000053 0.1591999978
vt 0.2152999938 0.1591999978
vt 0.2152999938 0.2673000097
vt 0.2267999947 0.2673000097
vt 0.2267999947 0.1591999978
vt 0.2314999998 0.1591999978
vt 0.2314999998 0.2673000097
vt 0.2430000007 0.2673000097
vt 0.2430000007 0.1591999978
vt 0.2476000041 0.1591999978
vt 0.2476000041 0.2673000097
vt 0.2590999901 0.2673000097
vt 0.2590999901 0.1591999978
vt 0.2637000084 0.1591999978
vt 0.2637000084 0.2673000097
vt 0.2752000093 0.2673000097
vt 0.2752000093 0.1591999978
vt 0.2799000144 0.1591999978
vt 0.2799000144 0.2673000097
vt 0.2913999856 0.2673000097
vt 0.2913999856 0.1591999978
vt 0.2960000038 0.1591999978
vt 0.2960000038 0.2673000097
vt 0.3075000048 0.2673000097
vt 0.3075000048 0.1591999978
vt 0.3120999932 0.1591999978
vt 0.3120999932 0.2673000097
vt 0.4438000023 0.1591999978
vt 0.4501000047 0.1591999978
vt 0.4501000047 0.2673000097
vt 0.4438000023 0.2673000097
vt 0.4277000129 0.1591999978
vt 0.4339999855 0.1591999978
vt 0.4339999855 0.2673000097
vt 0.4277000129 0.2673000097
vt 0.4115999937 0.1591999978
vt 0.4178000093 0.1591999978
vt 0.4178000093 0.2673000097
vt 0.4115999937 0.2673000097
vt 0.3953999877 0.1591999978
vt 0.40169999 0.1591999978
vt 0.40169999 0.2673000097
vt 0.3953999877 0.2673000097
vt 0.3792999983 0.1591999978
vt 0.3856000006 0.1591999978
vt 0.3856000006 0.2673000097
vt 0.3792999983 0.2673000097
vt 0.3632000089 0.1591999978
vt 0.3693999946 0.1591999978
vt 0.3693999946 0.2673000097
vt 0.3632000089 0.2673000097
vt 0.3470000029 0.1591999978
vt 0.3533000052 0.1591999978
vt 0.3533000052 0.2673000097
vt 0.3470000029 0.2673000097
vt 0.3309000134 0.1591999978
vt 0.337199986 0.1591999978
vt 0.337199986 0.2673000097
vt 0.3309000134 0.2673000097
vt 0.208100006 0.2673000097
vt 0.2018000036 0.2673000097
vt 0.2018000036 0.1591999978
vt 0.208100006 0.1591999978
vt 0.2241999954 0.2673000097
vt 0.2179999948 0.2673000097
vt 0.2179999948 0.1591999978
vt 0.2241999954 0.1591999978
vt 0.2404000014 0.2673000097
vt 0.2340999991 0.2673000097
vt 0.2340999991 0.1591999978
vt 0.2404000014 0.1591999978
vt 0.2565000057 0.2673000097
vt 0.2502000034 0.2673000097
vt 0.2502000034 0.1591999978
vt 0.2565000057 0.1591999978
vt 0.2725999951 0.2673000097
vt 0.2664000094 0.2673000097
vt 0.2664000094 0.1591999978
vt 0.2725999951 0.1591999978
vt 0.2888000011 0.2673000097
vt 0.2824999988 0.2673000097
vt 0.2824999988 0.1591999978
vt 0.2888000011 0.1591999978
vt 0.3048999906 0.2673000097
vt 0.2985999882 0.2673000097
vt 0.2985999882 0.1591999978
vt 0.3048999906 0.1591999978
vt 0.3210000098 0.2673000097
vt 0.3147999942 0.2673000097
vt 0.3147999942 0.1591999978
vt 0.3210000098 0.1591999978
vt 0.3215000033 0.2673000097
vt 0.3215000033 0.1591999978
vt 0.3231999874 0.1591999978
vt 0.3231999874 0.2673000097
vt 0.3303999901 0.1591999978
vt 0.3303999901 0.2673000097
vt 0.328700006 0.2673000097
vt 0.328700006 0.1591999978
vt 0.4505999982 0.2673000097
vt 0.4505999982 0.1591999978
vt 0.4530000091 0.1591999978
vt 0.4530000091 0.2673000097
vt 0.4629000127 0.1591999978
vt 0.4629000127 0.2673000097
vt 0.4605000019 0.2673000097
vt 0.4605000019 0.1591999978
vt 0.4343999922 0.2673000097
vt 0.4343999922 0.1591999978
vt 0.4361000061 0.1591999978
vt 0.4361000061 0.2673000097
vt 0.4433999956 0.1591999978
vt 0.4433999956 0.2673000097
vt 0.4417000115 0.2673000097
vt 0.4417000115 0.1591999978
vt 0.4183000028 0.2673000097
vt 0.4183000028 0.1591999978
vt 0.4199999869 0.1591999978
vt 0.4199999869 0.2673000097
vt 0.4271999896 0.1591999978
vt 0.4271999896 0.2673000097
vt 0.4255000055 0.2673000097
vt 0.4255000055 0.1591999978
vt 0.4022000134 0.2673000097
vt 0.4022000134 0.1591999978
vt 0.4038000107 0.1591999978
vt 0.4038000107 0.2673000097
vt 0.4111000001 0.1591999978
vt 0.4111000001 0.2673000097
vt 0.4093999863 0.2673000097
vt 0.4093999863 0.1591999978
vt 0.3860000074 0.2673000097
vt 0.3860000074 0.1591999978
vt 0.3876999915 0.1591999978
vt 0.3876999915 0.2673000097
vt 0.3950000107 0.1591999978
vt 0.3950000107 0.2673000097
vt 0.3932999969 0.2673000097
vt 0.3932999969 0.1591999978
vt 0.3698999882 0.2673000097
vt 0.3698999882 0.1591999978
vt 0.3716000021 0.1591999978
vt 0.3716000021 0.2673000097
vt 0.3788000047 0.1591999978
vt 0.3788000047 0.2673000097
vt 0.3770999908 0.2673000097
vt 0.3770999908 0.1591999978
vt 0.3537999988 0.2673000097
vt 0.3537999988 0.1591999978
vt 0.355399996 0.1591999978
vt 0.355399996 0.2673000097
vt 0.3626999855 0.1591999978
vt 0.3626999855 0.2673000097
vt 0.3610000014 0.2673000097
vt 0.3610000014 0.1591999978
vt 0.3375999928 0.2673000097
vt 0.3375999928 0.1591999978
vt 0.3393000066 0.1591999978
vt 0.3393000066 0.2673000097
vt 0.3465999961 0.1591999978
vt 0.3465999961 0.2673000097
vt 0.344900012 0.2673000097
vt 0.344900012 0.1591999978
vt 0.1889999956 0.2673000097
vt 0.1889999956 0.1591999978
vt 0.1914000064 0.1591999978
vt 0.1914000064 0.2673000097
vt 0.2012999952 0.1591999978
vt 0.2012999952 0.2673000097
vt 0.199000001 0.2673000097
vt 0.199000001 0.1591999978
vt 0.2085999995 0.2673000097
vt 0.2085999995 0.1591999978
vt 0.2101999968 0.1591999978
vt 0.2101999968 0.2673000097
vt 0.2175000012 0.1591999978
vt 0.2175000012 0.2673000097
vt 0.2158000022 0.2673000097
vt 0.2158000022 0.1591999978
vt 0.2247000039 0.2673000097
vt 0.2247000039 0.1591999978
vt 0.2264000028 0.1591999978
vt 0.2264000028 0.2673000097
vt 0.2336000055 0.1591999978
vt 0.2336000055 0.2673000097
vt 0.2319000065 0.2673000097
vt 0.2319000065 0.1591999978
vt 0.2407999933 0.2673000097
vt 0.2407999933 0.1591999978
vt 0.2425000072 0.1591999978
vt 0.2425000072 0.2673000097
vt 0.2497999966 0.1591999978
vt 0.2497999966 0.2673000097
vt 0.2480999976 0.2673000097
vt 0.2480999976 0.1591999978
vt 0.2569999993 0.2673000097
vt 0.2569999993 0.1591999978
vt 0.2585999966 0.1591999978
vt 0.2585999966 0.2673000097
vt 0.265899986 0.1591999978
vt 0.265899986 0.2673000097
vt 0.264200002 0.2673000097
vt 0.264200002 0.1591999978
vt 0.2730999887 0.2673000097
vt 0.2730999887 0.1591999978
vt 0.2748000026 0.1591999978
vt 0.2748000026 0.2673000097
vt 0.2820000052 0.1591999978
vt 0.2820000052 0.2673000097
vt 0.2802999914 0.2673000097
vt 0.2802999914 0.1591999978
vt 0.2892000079 0.2673000097
vt 0.2892000079 0.1591999978
vt 0.290899992 0.1591999978
vt 0.290899992 0.2673000097
vt 0.2982000113 0.1591999978
vt 0.2982000113 0.2673000097
vt 0.2964999974 0.2673000097
vt 0.2964999974 0.1591999978
vt 0.3054000139 0.2673000097
vt 0.3054000139 0.1591999978
vt 0.3070000112 0.1591999978
vt 0.3070000112 0.2673000097
vt 0.3143000007 0.1591999978
vt 0.3143000007 0.2673000097
vt 0.3125999868 0.2673000097
vt 0.3125999868 0.1591999978
vt 0.1888000071 0.2673000097
vt 0.1888000071 0.1591999978
vt 0.4630999863 0.1591999978
vt 0.4630999863 0.2673000097
vt 0.856400013 0.3734999895
vt 0.861199975 0.3720000088
vt 0.8731999993 0.3770999908
vt 0.3143999875 0.8436999917
vt 0.3192000091 0.8421999812
vt 0.3289000094 0.8474000096
vt 0.8424999714 0.3770000041
vt 0.842599988 0.3779999912
vt 0.8416000009 0.3770999908
vt 0.8731999993 0.3779999912
vt 0.8741999865 0.3770000041
vt 0.8741999865 0.3522999883
vt 0.8731999993 0.3522999883
vt 0.8731999993 0.3513000011
vt 0.1212000027 0.8661999702
vt 0.1203000024 0.8671000004
vt 0.1203000024 0.8661999702
vt 0.08959999681 0.8671000004
vt 0.08869999647 0.8661999702
vt 0.08959999681 0.8661999702
vt 0.842599988 0.3522999883
vt 0.8416000009 0.3522999883
vt 0.842599988 0.3513000011
vt 0.1212000027 0.8414000273
vt 0.1203000024 0.8414000273
vt 0.1203000024 0.8403999805
vt 0.08869999647 0.8414000273
vt 0.08959999681 0.8403999805
vt 0.08959999681 0.8414000273
vt 0.8629999757 0.3684000075
vt 0.8517000079 0.3569000065
vt 0.8497999907 0.3605000079
vt 0.861199975 0.3569000065
vt 0.856400013 0.355399996
vt 0.8629999757 0.3605000079
vt 0.8517000079 0.3720000088
vt 0.3210000098 0.8385999799
vt 0.300999999 0.847299993
vt 0.3289000094 0.8226000071
vt 0.3143999875 0.825600028
vt 0.3010999858 0.8226000071
vt 0.3192000091 0.8270999789
vt 0.3210000098 0.8306999803
vt 0.3097000122 0.8270999789
vt 0.3077999949 0.8306999803
vt 0.3097000122 0.8421999812
vt 0.4120000005 0.8382999897
vt 0.4167999923 0.8398000002
vt 0.4013999999 0.8420000076
vt 0.3765000105 0.8406999707
vt 0.3811999857 0.8421999812
vt 0.3680999875 0.8445000052
vt 0.4101999998 0.8346999884
vt 0.4214999974 0.8231999874
vt 0.429399997 0.8198000193
vt 0.4234000146 0.8267999887
vt 0.4167999923 0.8216000199
vt 0.4120000005 0.8231999874
vt 0.4013999999 0.8198000193
vt 0.4101999998 0.8267999887
vt 0.429399997 0.8420000076
vt 0.4214999974 0.8382999897
vt 0.3747000098 0.837100029
vt 0.3932000101 0.8446000218
vt 0.3811999857 0.824000001
vt 0.3680000007 0.8223999739
vt 0.3930999935 0.8223000169
vt 0.3765000105 0.825600028
vt 0.3747000098 0.8291000128
vt 0.3860000074 0.825600028
vt 0.3878000081 0.8291000128
vt 0.3860000074 0.8406999707
vt 0.8352000117 0.3513999879
vt 0.8352000117 0.3792999983
vt 0.8044999838 0.3792999983
vt 0.8044999838 0.3513999879
vt 0.3623000085 0.8529999852
vt 0.3623000085 0.8777999878
vt 0.3345000148 0.8777999878
vt 0.3345000148 0.8529999852
vt 0.7954999804 0.1489000022
vt 0.7954999804 0.1767999977
vt 0.7649000287 0.1767999977
vt 0.7649000287 0.1489000022
vt 0.8360999823 0.3513000011
vt 0.8360999823 0.3792999983
vt 0.8036000133 0.3792999983
vt 0.8036000133 0.3513999879
vt 0.763899982 0.1767999977
vt 0.763899982 0.1489000022
vt 0.7965000272 0.1489000022
vt 0.7965000272 0.1767999977
vt 0.8497999907 0.3684000075
vt 0.3077999949 0.8385999799
vt 0.2574000061 0.8799999952
vt 0.2292000055 0.8799999952
vt 0.2293000072 0.8549000025
vt 0.2574000061 0.8550000191
vt 0.4966000021 0.8693000078
vt 0.4684999883 0.8693000078
vt 0.4686000049 0.8471999764
vt 0.4963000119 0.8471999764
vt 0.5608000159 0.8141000271
vt 0.5357999802 0.8141999841
vt 0.5358999968 0.7919999957
vt 0.5606999993 0.7919999957
vt 0.2951999903 0.8784000278
vt 0.2673999965 0.8781999946
vt 0.2673000097 0.853399992
vt 0.2953000069 0.8532999754
vt 0.4234000146 0.8346999884
vt 0.3878000081 0.837100029
vt 0.8453000188 0.2975000143
vt 0.8453000188 0.3003999889
vt 0.8436999917 0.3003999889
vt 0.8436999917 0.2975000143
vt 0.2048999965 0.2915000021
vt 0.2062000036 0.2915000021
vt 0.2062000036 0.2922999859
vt 0.2048999965 0.2922999859
vt 0.8488000035 0.2975000143
vt 0.8488000035 0.3003999889
vt 0.8572000265 0.4070000052
vt 0.8572000265 0.4041000009
vt 0.8607000113 0.4041000009
vt 0.8607000113 0.4070000052
vt 0.861899972 0.2975000143
vt 0.861899972 0.3003999889
vt 0.8603000045 0.3003999889
vt 0.8603000045 0.2975000143
vt 0.8622999787 0.4041000009
vt 0.8622999787 0.4070000052
vt 0.8492000103 0.4070000052
vt 0.8492000103 0.4041000009
vt 0.8568000197 0.3003999889
vt 0.8568000197 0.2975000143
vt 0.845600009 0.4070000052
vt 0.845600009 0.4041000009
vt 0.8440999985 0.4070000052
vt 0.8440999985 0.4041000009
vt 0.2048999965 0.2897999883
vt 0.2062000036 0.2897999883
vt 0.2048999965 0.2860000134
vt 0.2062000036 0.2860000134
vt 0.2048999965 0.2834999859
vt 0.2062000036 0.2834999859
vt 0.2062000036 0.2842999995
vt 0.2048999965 0.2842999995
vt 0.8379999995 0.8112000227
vt 0.8379999995 0.8083000183
vt 0.8458999991 0.8083000183
vt 0.8458999991 0.8112000227
vt 0.8495000005 0.8083000183
vt 0.8495000005 0.8112000227
vt 0.851000011 0.8083000183
vt 0.851000011 0.8112000227
vt 0.8343999982 0.8112000227
vt 0.8343999982 0.8083000183
vt 0.8328999877 0.8112000227
vt 0.8328999877 0.8083000183
vt 0.0727000013 0.2754999995
vt 0.0727000013 0.4201999903
vt 0.06440000236 0.4201999903
vt 0.06440000236 0.2754999995
vt 0.1525000036 0.2754999995
vt 0.1525000036 0.4201999903
vt 0.1410000026 0.4201999903
vt 0.1410000026 0.2754999995
vt 0.1230000034 0.2754999995
vt 0.1230000034 0.4201999903
vt 0.1147999987 0.4201999903
vt 0.1147999987 0.2754999995
vt 0.0978000015 0.2754999995
vt 0.0978000015 0.4201999903
vt 0.08959999681 0.4201999903
vt 0.08959999681 0.2754999995
vt 0.009700000286 0.4201999903
vt 0.009700000286 0.2754999995
vt 0.02129999921 0.2754999995
vt 0.02129999921 0.4201999903
vt 0.03929999843 0.4201999903
vt 0.03929999843 0.2754999995
vt 0.0474999994 0.2754999995
vt 0.0474999994 0.4201999903
vt 0.1264999956 0.2754999995
vt 0.1363999993 0.2754999995
vt 0.1363999993 0.4201999903
vt 0.1264999956 0.4201999903
vt 0.1013000011 0.2754999995
vt 0.1112999991 0.2754999995
vt 0.1112999991 0.4201999903
vt 0.1013000011 0.4201999903
vt 0.07620000094 0.2754999995
vt 0.08609999716 0.2754999995
vt 0.08609999716 0.4201999903
vt 0.07620000094 0.4201999903
vt 0.03579999879 0.4201999903
vt 0.02580000088 0.4201999903
vt 0.02580000088 0.2754999995
vt 0.03579999879 0.2754999995
vt 0.06089999899 0.4201999903
vt 0.05099999905 0.4201999903
vt 0.05099999905 0.2754999995
vt 0.06089999899 0.2754999995
vt 0.0615000017 0.4201999903
vt 0.0615000017 0.2754999995
vt 0.06379999965 0.2754999995
vt 0.06379999965 0.4201999903
vt 0.07559999824 0.2754999995
vt 0.07559999824 0.4201999903
vt 0.07329999655 0.4201999903
vt 0.07329999655 0.2754999995
vt 0.1370999962 0.4201999903
vt 0.1370999962 0.2754999995
vt 0.1403000057 0.2754999995
vt 0.1403000057 0.4201999903
vt 0.1569000036 0.2754999995
vt 0.1569000036 0.4201999903
vt 0.1532000005 0.4201999903
vt 0.1532000005 0.2754999995
vt 0.1119000018 0.4201999903
vt 0.1119000018 0.2754999995
vt 0.1142000034 0.2754999995
vt 0.1142000034 0.4201999903
vt 0.1259000003 0.2754999995
vt 0.1259000003 0.4201999903
vt 0.1235999987 0.4201999903
vt 0.1235999987 0.2754999995
vt 0.08669999987 0.4201999903
vt 0.08669999987 0.2754999995
vt 0.08900000155 0.2754999995
vt 0.08900000155 0.4201999903
vt 0.1006999984 0.2754999995
vt 0.1006999984 0.4201999903
vt 0.09839999676 0.4201999903
vt 0.09839999676 0.2754999995
vt 0.02520000003 0.2754999995
vt 0.02520000003 0.4201999903
vt 0.02199999988 0.4201999903
vt 0.02199999988 0.2754999995
vt 0.004699999932 0.4201999903
vt 0.004699999932 0.2754999995
vt 0.008999999613 0.2754999995
vt 0.008999999613 0.4201999903
vt 0.0364000015 0.4201999903
vt 0.0364000015 0.2754999995
vt 0.03869999945 0.2754999995
vt 0.03869999945 0.4201999903
vt 0.05040000007 0.2754999995
vt 0.05040000007 0.4201999903
vt 0.04809999838 0.4201999903
vt 0.04809999838 0.2754999995
vt 0.1571999937 0.2754999995
vt 0.1571999937 0.4201999903
vt 0.004399999976 0.4201999903
vt 0.004399999976 0.2754999995
vt 0.4295000136 0.4264000058
vt 0.4429999888 0.4264000058
vt 0.4440000057 0.4273999929
vt 0.002300000051 0.4273999929
vt 0.003299999982 0.4264000058
vt 0.01620000042 0.4264000058
vt 0.6951000094 0.3513000011
vt 0.6955999732 0.3833000064
vt 0.2813000083 0.3833000064
vt 0.2818000019 0.3513000011
vt 0.4295000136 0.4600000083
vt 0.01620000042 0.4600000083
vt 0.709100008 0.3131999969
vt 0.709100008 0.3458000124
vt 0.2958000004 0.3458000124
vt 0.2958000004 0.3131999969
vt 0.002300000051 0.4654999971
vt 0.01720000058 0.4654999971
vt 0.01720000058 0.4981000125
vt 0.002300000051 0.4981000125
vt 0.8830999732 0.4589999914
vt 0.8506000042 0.4589999914
vt 0.8506000042 0.4264000058
vt 0.8830999732 0.4264000058
vt 0.4359000027 0.4654999971
vt 0.4359000027 0.4981000125
vt 0.4034000039 0.4981000125
vt 0.4034000039 0.4654999971
vt 0.4643999934 0.4589999914
vt 0.4643999934 0.4264000058
vt 0.421600014 0.5487999916
vt 0.4210999906 0.53549999
vt 0.8353999853 0.53549999
vt 0.8349000216 0.5487999916
vt 0.4494999945 0.4589999914
vt 0.4494999945 0.4264000058
vt 0.002300000051 0.5799000263
vt 0.03480000049 0.5799000263
vt 0.03429999948 0.5922999978
vt 0.002300000051 0.5928000212
vt 0.03480000049 0.5723999739
vt 0.002300000051 0.5723999739
vt 0.002300000051 0.5588999987
vt 0.03429999948 0.559400022
vt 0.4440000057 0.4600000083
vt 0.002300000051 0.4600000083
vt 0.72299999 0.3131999969
vt 0.72299999 0.3458000124
vt 0.2813000083 0.3458000124
vt 0.2813000083 0.3131999969
vt 0.4210000038 0.5723999739
vt 0.4214999974 0.559400022
vt 0.4210000038 0.5799000263
vt 0.4214999974 0.5922999978
vt 0.4348999858 0.5723999739
vt 0.4348999858 0.5588999987
vt 0.4348999858 0.5799000263
vt 0.4348999858 0.5928000212
vt 0.002300000051 0.5350000262
vt 0.4156000018 0.5350000262
vt 0.4156000018 0.5533999801
vt 0.002300000051 0.5533999801
vt 0.2813000083 0.3892999887
vt 0.6945999861 0.3892999887
vt 0.6945999861 0.407799989
vt 0.2813000083 0.407799989
vt 0.4772999883 0.1984000057
vt 0.863499999 0.1984000057
vt 0.863499999 0.2168000042
vt 0.4772999883 0.2168000042
vt 0.8276000023 0.5220000148
vt 0.4413999915 0.5220000148
vt 0.4413999915 0.5036000013
vt 0.8276000023 0.5036000013
vt 0.4424000084 0.4898000062
vt 0.4424000084 0.4758999944
vt 0.4535000026 0.4654999971
vt 0.4535000026 0.478700012
vt 0.4348999858 0.5045999885
vt 0.4348999858 0.5191000104
vt 0.4241000116 0.529399991
vt 0.4241000116 0.5156999826
vt 0.8740000129 0.4896999896
vt 0.8592000008 0.4898000062
vt 0.8492000103 0.478700012
vt 0.8633000255 0.478700012
vt 0.003299999982 0.5045999885
vt 0.03559999913 0.5045999885
vt 0.04500000179 0.5156999826
vt 0.01429999992 0.5156999826
vt 0.4747000039 0.4898000062
vt 0.4842000008 0.478700012
vt 0.4201000035 0.5045999885
vt 0.410100013 0.5156999826
vt 0.4422999918 0.5598999858
vt 0.8536999822 0.5598999858
vt 0.8432999849 0.570900023
vt 0.4526999891 0.570900023
vt 0.003299999982 0.5191000104
vt 0.01429999992 0.529399991
vt 0.8536999822 0.5896000266
vt 0.4424000084 0.5896000266
vt 0.4526999891 0.5788999796
vt 0.8432999849 0.5788999796
vt 0.8740000129 0.4758999944
vt 0.8633000255 0.4654999971
vt 0.4359000027 0.5734000206
vt 0.4359000027 0.5588999987
vt 0.4359000027 0.5788999796
vt 0.4210000038 0.5788999796
vt 0.002300000051 0.5734000206
vt 0.03480000049 0.5734000206
vt 0.4413999915 0.4769000113
vt 0.4413999915 0.4907999933
vt 0.4359000027 0.5181000233
vt 0.4359000027 0.5036000013
vt 0.8600999713 0.4907999933
vt 0.875 0.4907999933
vt 0.03480000049 0.5036000013
vt 0.002300000051 0.5036000013
vt 0.03480000049 0.5788999796
vt 0.002300000051 0.5788999796
vt 0.4210000038 0.5734000206
vt 0.4738999903 0.4907999933
vt 0.4210000038 0.5036000013
vt 0.421600014 0.5497999787
vt 0.8349000216 0.5497999787
vt 0.4359000027 0.5928000212
vt 0.8547000289 0.5588999987
vt 0.4413999915 0.5588999987
vt 0.002300000051 0.5181000233
vt 0.4413999915 0.5906000137
vt 0.8547000289 0.5906000137
vt 0.875 0.4769000113
vt 0.6951000094 0.3838
vt 0.2818000019 0.3838
vt 0.421600014 0.5350000262
vt 0.8349000216 0.5350000262
vt 0.03480000049 0.5588999987
vt 0.4210000038 0.5588999987
vt 0.4210000038 0.5928000212
vt 0.03480000049 0.5928000212
vt 0.2469999939 0.8141999841
vt 0.2301999927 0.8177000284
vt 0.2422000021 0.8126000166
vt 0.1412999928 0.8612999916
vt 0.1268000007 0.8650000095
vt 0.136500001 0.8597999811
vt 0.2608999908 0.8177000284
vt 0.2617999911 0.8177000284
vt 0.260800004 0.8187000155
vt 0.2301999927 0.8187000155
vt 0.2292000055 0.8176000118
vt 0.2292000055 0.7929000258
vt 0.2301999927 0.7919999957
vt 0.2301999927 0.7929000258
vt 0.04030000046 0.8190000057
vt 0.04129999876 0.8190000057
vt 0.04129999876 0.8198999763
vt 0.0719999969 0.8198999763
vt 0.0719999969 0.8190000057
vt 0.07289999723 0.8190000057
vt 0.260800004 0.7929000258
vt 0.260800004 0.7919999957
vt 0.2617999911 0.7929000258
vt 0.04030000046 0.7942000031
vt 0.04129999876 0.793299973
vt 0.04129999876 0.7942000031
vt 0.07289999723 0.7942000031
vt 0.0719999969 0.7942000031
vt 0.0719999969 0.793299973
vt 0.2404000014 0.8090999722
vt 0.2536000013 0.8011000156
vt 0.2517000139 0.7975999713
vt 0.2469999939 0.7960000038
vt 0.2422000021 0.7975999713
vt 0.2404000014 0.8011000156
vt 0.2517000139 0.8126000166
vt 0.1347000003 0.8561999798
vt 0.1546999961 0.8648999929
vt 0.1268000007 0.840200007
vt 0.1545999944 0.840200007
vt 0.1412999928 0.8432000279
vt 0.136500001 0.8446999788
vt 0.1347000003 0.8482999802
vt 0.1477999985 0.8482999802
vt 0.1459999979 0.8446999788
vt 0.1459999979 0.8597999811
vt 0.4187000096 0.8105000257
vt 0.429399997 0.8141999841
vt 0.4140000045 0.8119999766
vt 0.1768999994 0.8575999737
vt 0.1853999943 0.8614000082
vt 0.1721999943 0.8592000008
vt 0.420599997 0.8069000244
vt 0.4092000127 0.7954000235
vt 0.407400012 0.7990000248
vt 0.4013999999 0.7919999957
vt 0.4140000045 0.793900013
vt 0.429399997 0.7919999957
vt 0.4187000096 0.7954000235
vt 0.420599997 0.7990000248
vt 0.4013999999 0.8141999841
vt 0.4092000127 0.8105000257
vt 0.1788000017 0.8540999889
vt 0.1601999998 0.8615000248
vt 0.1721999943 0.8410000205
vt 0.1603000015 0.8392999768
vt 0.1853999943 0.8392999768
vt 0.1768999994 0.842599988
vt 0.1788000017 0.8460999727
vt 0.1675000042 0.842599988
vt 0.1656000018 0.8460999727
vt 0.1675000042 0.8575999737
vt 0.2536000013 0.8090999722
vt 0.1477999985 0.8561999798
vt 0.407400012 0.8069000244
vt 0.1656000018 0.8540999889
vt 0.04030000046 0.8266999722
vt 0.07100000232 0.8266999722
vt 0.07100000232 0.8546000123
vt 0.04030000046 0.8546000123
vt 0.191200003 0.8585000038
vt 0.2189999968 0.8585000038
vt 0.2189999968 0.8833000064
vt 0.191200003 0.8833000064
vt 0.7274000049 0.1622000039
vt 0.7580999732 0.1622000039
vt 0.7580999732 0.1900999993
vt 0.7274000049 0.1900999993
vt 0.1545999944 0.8659999967
vt 0.1268000007 0.8659999967
vt 0.2189999968 0.8841999769
vt 0.191200003 0.8841999769
vt 0.1545999944 0.8392999768
vt 0.1268000007 0.8392999768
vt 0.2189999968 0.8575000167
vt 0.191200003 0.8575000167
vt 0.2953999937 0.7919999957
vt 0.2955000103 0.8169999719
vt 0.2673999965 0.8170999885
vt 0.2673000097 0.7919999957
vt 0.5020999908 0.8141000271
vt 0.502399981 0.7919999957
vt 0.5302000046 0.7919999957
vt 0.5303000212 0.8141000271
vt 0.5020999908 0.8694000244
vt 0.5022000074 0.8474000096
vt 0.52700001 0.847299993
vt 0.5271000266 0.8694999814
vt 0.2673999965 0.8478000164
vt 0.2673000097 0.8226000071
vt 0.2953000069 0.8227999806
vt 0.2951999903 0.8475999832
vt 0.5103999972 0.1915999949
vt 0.5088000298 0.1915999949
vt 0.5088000298 0.1887000054
vt 0.5103999972 0.1887000054
vt 0.8166000247 0.8313999772
vt 0.8151000142 0.8313999772
vt 0.8151000142 0.8284999728
vt 0.8166000247 0.8284999728
vt 0.513899982 0.1915999949
vt 0.513899982 0.1887000054
vt 0.8704000115 0.2876000106
vt 0.8740000129 0.2876000106
vt 0.8740000129 0.2904999852
vt 0.8704000115 0.2904999852
vt 0.52700001 0.1915999949
vt 0.5253999829 0.1915999949
vt 0.5253999829 0.1887000054
vt 0.52700001 0.1887000054
vt 0.8755000234 0.2876000106
vt 0.8755000234 0.2904999852
vt 0.8625000119 0.2876000106
vt 0.8625000119 0.2904999852
vt 0.5218999982 0.1915999949
vt 0.5218999982 0.1887000054
vt 0.8589000106 0.2876000106
vt 0.8589000106 0.2904999852
vt 0.8574000001 0.2876000106
vt 0.8574000001 0.2904999852
vt 0.820200026 0.8313999772
vt 0.820200026 0.8284999728
vt 0.8281999826 0.8313999772
vt 0.8281999826 0.8284999728
vt 0.8332999945 0.8313999772
vt 0.831700027 0.8313999772
vt 0.831700027 0.8284999728
vt 0.8332999945 0.8284999728
vt 0.719900012 0.7985000014
vt 0.7278000116 0.7985000014
vt 0.7278000116 0.8014000058
vt 0.719900012 0.8014000058
vt 0.731400013 0.7985000014
vt 0.731400013 0.8014000058
vt 0.7329000235 0.7985000014
vt 0.7329000235 0.8014000058
vt 0.7163000107 0.7985000014
vt 0.7163000107 0.8014000058
vt 0.7148000002 0.7985000014
vt 0.7148000002 0.8014000058
vt 0.2060000002 0.8475000262
vt 0.2107000053 0.8460000157
vt 0.2228000015 0.8511000276
vt 0.05380000174 0.8812000155
vt 0.05849999934 0.8795999885
vt 0.06830000132 0.8848999739
vt 0.1920000017 0.851000011
vt 0.1921000034 0.8519999981
vt 0.191200003 0.8511000276
vt 0.2228000015 0.8519999981
vt 0.2237000018 0.851000011
vt 0.2237000018 0.826300025
vt 0.2228000015 0.826300025
vt 0.2228000015 0.8252999783
vt 0.03480000049 0.8525000215
vt 0.03390000015 0.853399992
vt 0.03390000015 0.8525000215
vt 0.003199999919 0.853399992
vt 0.002300000051 0.8525000215
vt 0.003199999919 0.8525000215
vt 0.1921000034 0.826300025
vt 0.191200003 0.826300025
vt 0.1921000034 0.8252999783
vt 0.03480000049 0.8277000189
vt 0.03390000015 0.8277000189
vt 0.03390000015 0.8266999722
vt 0.002300000051 0.8277000189
vt 0.003199999919 0.8266999722
vt 0.003199999919 0.8277000189
vt 0.2125999928 0.8424000144
vt 0.2011999935 0.8309000134
vt 0.1993999928 0.8345000148
vt 0.2107000053 0.8309000134
vt 0.2060000002 0.829400003
vt 0.2125999928 0.8345000148
vt 0.2011999935 0.8460000157
vt 0.0604000017 0.8761000037
vt 0.04030000046 0.8848000169
vt 0.06830000132 0.8600999713
vt 0.05380000174 0.8629999757
vt 0.04050000012 0.8600999713
vt 0.05849999934 0.8646000028
vt 0.0604000017 0.8680999875
vt 0.04899999872 0.8646000028
vt 0.04720000178 0.8680999875
vt 0.04899999872 0.8795999885
vt 0.445600003 0.8105000257
vt 0.4503000081 0.8119999766
vt 0.4348999858 0.8141999841
vt 0.4433999956 0.8378999829
vt 0.4481999874 0.83950001
vt 0.4350000024 0.8417999744
vt 0.4436999857 0.8069000244
vt 0.4550999999 0.7954000235
vt 0.4629000127 0.7919999957
vt 0.4569000006 0.7990000248
vt 0.4503000081 0.793900013
vt 0.445600003 0.7954000235
vt 0.4348999858 0.7919999957
vt 0.4436999857 0.7990000248
vt 0.4629999995 0.8141999841
vt 0.4550999999 0.8105000257
vt 0.4415999949 0.8343999982
vt 0.758400023 0.2450000048
vt 0.7451999784 0.2457000017
vt 0.7332000136 0.2451000065
vt 0.3463999927 0.8833000064
vt 0.3596000075 0.8837000132
vt 0.3345000148 0.8838000298
vt 0.4433999956 0.8230000138
vt 0.4348999858 0.8198000193
vt 0.4481999874 0.8213999867
vt 0.4415999949 0.8264999986
vt 0.4528999925 0.8230000138
vt 0.4600000083 0.8198000193
vt 0.4548000097 0.8264999986
vt 0.4600999951 0.8420000076
vt 0.4528999925 0.8379999995
vt 0.03390000015 0.7933999896
vt 0.03390000015 0.8212000132
vt 0.003199999919 0.8212000132
vt 0.003199999919 0.7933999896
vt 0.3287999928 0.8529999852
vt 0.3287999928 0.8777999878
vt 0.300999999 0.8777999878
vt 0.300999999 0.8529999852
vt 0.08959999681 0.8349000216
vt 0.08959999681 0.807099998
vt 0.1203000024 0.807099998
vt 0.1203000024 0.8349000216
vt 0.03480000049 0.793299973
vt 0.03480000049 0.8212000132
vt 0.002300000051 0.8212000132
vt 0.002300000051 0.7933999896
vt 0.1212000027 0.807099998
vt 0.1212000027 0.8349000216
vt 0.08869999647 0.8349000216
vt 0.08869999647 0.807099998
vt 0.1993999928 0.8424000144
vt 0.04720000178 0.8761000037
vt 0.2574000061 0.8493000269
vt 0.2292000055 0.8493000269
vt 0.2293000072 0.8241999745
vt 0.2574000061 0.8242999911
vt 0.4966000021 0.8141000271
vt 0.4684999883 0.8141000271
vt 0.4686000049 0.7919999957
vt 0.4963000119 0.7919999957
vt 0.3930000067 0.8722000122
vt 0.3680000007 0.8723000288
vt 0.3680999875 0.8500999808
vt 0.3928999901 0.8500999808
vt 0.3623999953 0.8170999885
vt 0.3346000016 0.8169000149
vt 0.3345000148 0.7921000123
vt 0.3625000119 0.7919999957
vt 0.4569000006 0.8069000244
vt 0.4548000097 0.8345000148
vt 0.5339999795 0.1887000054
vt 0.5339999795 0.1915999949
vt 0.5325000286 0.1915999949
vt 0.5325000286 0.1887000054
vt 0.8166000247 0.8201000094
vt 0.8166000247 0.8230000138
vt 0.8151000142 0.8230000138
vt 0.8151000142 0.8201000094
vt 0.5375999808 0.1887000054
vt 0.5375999808 0.1915999949
vt 0.869599998 0.8112000227
vt 0.869599998 0.8083000183
vt 0.8731999993 0.8083000183
vt 0.8731999993 0.8112000227
vt 0.5507000089 0.1887000054
vt 0.5507000089 0.1915999949
vt 0.5490999818 0.1915999949
vt 0.5490999818 0.1887000054
vt 0.8747000098 0.8083000183
vt 0.8747000098 0.8112000227
vt 0.8616999984 0.8112000227
vt 0.8616999984 0.8083000183
vt 0.545599997 0.1915999949
vt 0.545599997 0.1887000054
vt 0.858099997 0.8112000227
vt 0.858099997 0.8083000183
vt 0.8565000296 0.8112000227
vt 0.8565000296 0.8083000183
vt 0.820200026 0.8201000094
vt 0.820200026 0.8230000138
vt 0.8281999826 0.8201000094
vt 0.8281999826 0.8230000138
vt 0.8332999945 0.8201000094
vt 0.8332999945 0.8230000138
vt 0.831700027 0.8230000138
vt 0.831700027 0.8201000094
vt 0.8255000114 0.4070000052
vt 0.8255000114 0.4041000009
vt 0.8335000277 0.4041000009
vt 0.8335000277 0.4070000052
vt 0.8370000124 0.4041000009
vt 0.8370000124 0.4070000052
vt 0.8385999799 0.4041000009
vt 0.8385999799 0.4070000052
vt 0.8220000267 0.4070000052
vt 0.8220000267 0.4041000009
vt 0.8203999996 0.4070000052
vt 0.8203999996 0.4041000009
vt 0.8197000027 0.1711000055
vt 0.8029000163 0.1747000068
vt 0.8149999976 0.169599995
vt 0.3490000069 0.8436999917
vt 0.3345000148 0.8474000096
vt 0.3441999853 0.8421999812
vt 0.8337000012 0.1746000051
vt 0.8345000148 0.1747000068
vt 0.8335999846 0.1756000072
vt 0.8029000163 0.1756000072
vt 0.8019999862 0.1746000051
vt 0.8019999862 0.1499000043
vt 0.8029000163 0.1489000022
vt 0.8029000163 0.1499000043
vt 0.1268000007 0.8327999711
vt 0.127700001 0.8327999711
vt 0.127700001 0.8338000178
vt 0.1583999991 0.8338000178
vt 0.1583999991 0.8327999711
vt 0.1592999995 0.8327999711
vt 0.8335999846 0.1499000043
vt 0.8335999846 0.1489000022
vt 0.8345000148 0.1499000043
vt 0.1268000007 0.8080000281
vt 0.127700001 0.807099998
vt 0.127700001 0.8080000281
vt 0.1592999995 0.8080000281
vt 0.1583999991 0.8080000281
vt 0.1583999991 0.807099998
vt 0.8130999804 0.1659999937
vt 0.826300025 0.1580999941
vt 0.8245000243 0.1544999927
vt 0.8197000027 0.1529999971
vt 0.8149999976 0.1544999927
vt 0.8130999804 0.1580999941
vt 0.8245000243 0.169599995
vt 0.3424000144 0.8385999799
vt 0.3623999953 0.847299993
vt 0.3345000148 0.8226000071
vt 0.3623000085 0.8226000071
vt 0.3490000069 0.825600028
vt 0.3441999853 0.8270999789
vt 0.3424000144 0.8306999803
vt 0.3555999994 0.8306999803
vt 0.353700012 0.8270999789
vt 0.353700012 0.8421999812
vt 0.4187000096 0.8659999967
vt 0.429399997 0.8697999716
vt 0.4140000045 0.8676000237
vt 0.5188000202 0.8378000259
vt 0.5273000002 0.8416000009
vt 0.5141000152 0.8392999768
vt 0.420599997 0.8625000119
vt 0.4092000127 0.851000011
vt 0.407400012 0.8544999957
vt 0.4013999999 0.8475999832
vt 0.4140000045 0.8493999839
vt 0.429399997 0.8475000262
vt 0.4187000096 0.851000011
vt 0.420599997 0.8544999957
vt 0.4013999999 0.8697999716
vt 0.4092000127 0.8659999967
vt 0.5206999779 0.8342000246
vt 0.2924000025 0.8845999837
vt 0.2673000097 0.8845000267
vt 0.2793000042 0.8838999867
vt 0.3129000068 0.8838000298
vt 0.300999999 0.8833000064
vt 0.3260999918 0.883400023
vt 0.5188000202 0.8227999806
vt 0.5141000152 0.8213000298
vt 0.5274000168 0.8195999861
vt 0.5206999779 0.826300025
vt 0.5094000101 0.8227999806
vt 0.5074999928 0.826399982
vt 0.5022000074 0.8197000027
vt 0.5020999908 0.8417999744
vt 0.5094000101 0.8378000259
vt 0.826300025 0.1659999937
vt 0.3555999994 0.8385999799
vt 0.407400012 0.8625000119
vt 0.5074999928 0.8342999816
vt 0.6902999878 0.1623000056
vt 0.7210000157 0.1623000056
vt 0.7210000157 0.190200001
vt 0.6902999878 0.190200001
vt 0.3680000007 0.7919999957
vt 0.3957999945 0.7919999957
vt 0.3957999945 0.8167999983
vt 0.3680000007 0.8167999983
vt 0.1921000034 0.7919999957
vt 0.2228000015 0.7919999957
vt 0.2228000015 0.8198000193
vt 0.1921000034 0.8198000193
vt 0.6894000173 0.1622000039
vt 0.6894000173 0.190200001
vt 0.7218999863 0.190200001
vt 0.7218999863 0.1623000056
vt 0.2237000018 0.7919999957
vt 0.2237000018 0.8198000193
vt 0.191200003 0.8198000193
vt 0.191200003 0.7919999957
vt 0.8400999904 0.1740999967
vt 0.8399999738 0.1491000056
vt 0.8680999875 0.1489000022
vt 0.8682000041 0.1740999967
vt 0.4684999883 0.8417000175
vt 0.4688000083 0.8195999861
vt 0.4964999855 0.8195999861
vt 0.4966000021 0.8417000175
vt 0.4348999858 0.869599998
vt 0.4350000024 0.8475000262
vt 0.459800005 0.8475000262
vt 0.4598999918 0.8697000146
vt 0.3010999858 0.8170999885
vt 0.300999999 0.7919999957
vt 0.3289999962 0.7921000123
vt 0.3289000094 0.8169000149
vt 0.8216000199 0.3003999889
vt 0.8199999928 0.3003999889
vt 0.8199999928 0.2975000143
vt 0.8216000199 0.2975000143
vt 0.7400000095 0.8014000058
vt 0.738499999 0.8014000058
vt 0.738499999 0.7985000014
vt 0.7400000095 0.7985000014
vt 0.8251000047 0.3003999889
vt 0.8251000047 0.2975000143
vt 0.8518000245 0.8201000094
vt 0.8554000258 0.8201000094
vt 0.8554000258 0.8230000138
vt 0.8518000245 0.8230000138
vt 0.8381999731 0.3003999889
vt 0.8366000056 0.3003999889
vt 0.8366000056 0.2975000143
vt 0.8381999731 0.2975000143
vt 0.8568999767 0.8201000094
vt 0.8568999767 0.8230000138
vt 0.8439000249 0.8201000094
vt 0.8439000249 0.8230000138
vt 0.8331000209 0.3003999889
vt 0.8331000209 0.2975000143
vt 0.8403000236 0.8201000094
vt 0.8403000236 0.8230000138
vt 0.8388000131 0.8201000094
vt 0.8388000131 0.8230000138
vt 0.7436000109 0.8014000058
vt 0.7436000109 0.7985000014
vt 0.7515000105 0.8014000058
vt 0.7515000105 0.7985000014
vt 0.7566000223 0.8014000058
vt 0.7551000118 0.8014000058
vt 0.7551000118 0.7985000014
vt 0.7566000223 0.7985000014
vt 0.8018000126 0.4041000009
vt 0.8098000288 0.4041000009
vt 0.8098000288 0.4070000052
vt 0.8018000126 0.4070000052
vt 0.8133000135 0.4041000009
vt 0.8133000135 0.4070000052
vt 0.814899981 0.4041000009
vt 0.814899981 0.4070000052
vt 0.7983000278 0.4041000009
vt 0.7983000278 0.4070000052
vt 0.7967000008 0.4041000009
vt 0.7967000008 0.4070000052
vt 0.08869999647 0.7172999978
vt 0.421600014 0.717599988
vt 0.421600014 0.7226999998
vt 0.08869999647 0.7226999998
vt 0.7599999905 0.7324000001
vt 0.4271000028 0.7324000001
vt 0.4271000028 0.7282000184
vt 0.7599999905 0.7282000184
vt 0.426699996 0.7055000067
vt 0.7595999837 0.7052000165
vt 0.7595999837 0.7109000087
vt 0.426699996 0.7109000087
vt 0.4271000028 0.7215999961
vt 0.4271000028 0.7170000076
vt 0.7599999905 0.7170000076
vt 0.7599999905 0.7215999961
vt 0.421600014 0.7172999978
vt 0.08869999647 0.7170000076
vt 0.6693000197 0.8104000092
vt 0.6596000195 0.8083000183
vt 0.6665999889 0.8112000227
vt 0.5746999979 0.8440999985
vt 0.5662999749 0.8420000076
vt 0.5720000267 0.8450000286
vt 0.58950001 0.8398000002
vt 0.5900999904 0.8396999836
vt 0.5900999904 0.8392000198
vt 0.5824000239 0.8414999843
vt 0.5824000239 0.8421000242
vt 0.5828999877 0.8420000076
vt 0.5824000239 0.8562999964
vt 0.5824000239 0.8568000197
vt 0.5828999877 0.8562999964
vt 0.58950001 0.7990000248
vt 0.5900999904 0.7990000248
vt 0.5900999904 0.7985000014
vt 0.6076999903 0.7985000014
vt 0.6076999903 0.7990000248
vt 0.6082999706 0.7990000248
vt 0.58950001 0.8539999723
vt 0.5900999904 0.8546000123
vt 0.5900999904 0.8539999723
vt 0.58950001 0.8133000135
vt 0.5900999904 0.8137999773
vt 0.5900999904 0.8133000135
vt 0.6082999706 0.8133000135
vt 0.6076999903 0.8133000135
vt 0.6076999903 0.8137999773
vt 0.6654999852 0.8133000135
vt 0.6772999763 0.8226000071
vt 0.6730999947 0.817900002
vt 0.6721000075 0.8198999763
vt 0.6596000195 0.8226000071
vt 0.6693000197 0.8208000064
vt 0.6665999889 0.8198999763
vt 0.6654999852 0.817900002
vt 0.6721000075 0.8112000227
vt 0.6773999929 0.8083000183
vt 0.570900023 0.8471000195
vt 0.5662999749 0.8562999964
vt 0.5746999979 0.8546000123
vt 0.5720000267 0.8536999822
vt 0.570900023 0.8517000079
vt 0.5784999728 0.8517000079
vt 0.5774000287 0.8536999822
vt 0.5774000287 0.8450000286
vt 0.8755000234 0.1817999929
vt 0.8816999793 0.1796000004
vt 0.8727999926 0.1808999926
vt 0.5893999934 0.2971000075
vt 0.5942000151 0.2949999869
vt 0.5867000222 0.2962000072
vt 0.8766000271 0.183799997
vt 0.8700000048 0.1905000061
vt 0.8690000176 0.1884000003
vt 0.8654999733 0.1923999935
vt 0.8727999926 0.1914000064
vt 0.8816000223 0.1923999935
vt 0.8755000234 0.1905000061
vt 0.8766000271 0.1884000003
vt 0.8654999733 0.1796000004
vt 0.8700000048 0.1817999929
vt 0.5904999971 0.2991999984
vt 0.5798000097 0.2949000001
vt 0.5867000222 0.3066999912
vt 0.5798000097 0.3077000082
vt 0.5942999721 0.3077000082
vt 0.5893999934 0.3057999909
vt 0.5904999971 0.3037999868
vt 0.5838999748 0.3057999909
vt 0.5828999877 0.3037999868
vt 0.5838999748 0.2971000075
vt 0.6730999947 0.8133000135
vt 0.5784999728 0.8471000195
vt 0.8690000176 0.183799997
vt 0.5828999877 0.2991999984
vt 0.1779000014 0.8676000237
vt 0.1603000015 0.8676000237
vt 0.1603000015 0.8835999966
vt 0.1779000014 0.8835999966
vt 0.6061000228 0.8539999723
vt 0.6061000228 0.8396999836
vt 0.7508999705 0.288199991
vt 0.7332000136 0.288199991
vt 0.7332000136 0.3041999936
vt 0.7508999705 0.3041999936
vt 0.1779000014 0.8671000004
vt 0.1601999998 0.8671000004
vt 0.7508999705 0.2876000106
vt 0.7332000136 0.2876000106
vt 0.5662999749 0.8414999843
vt 0.6061000228 0.8392000198
vt 0.5662999749 0.8568000197
vt 0.6061000228 0.8546000123
vt 0.6299999952 0.8734999895
vt 0.6299999952 0.8590999842
vt 0.6139000058 0.8590000272
vt 0.6137999892 0.8734999895
vt 0.7516999841 0.8083000183
vt 0.7518000007 0.82099998
vt 0.7677999735 0.82099998
vt 0.7678999901 0.8083000183
vt 0.7951999903 0.8083999753
vt 0.7951999903 0.8210999966
vt 0.809499979 0.8210999966
vt 0.8095999956 0.8083000183
vt 0.6988999844 0.8404999971
vt 0.699000001 0.8259999752
vt 0.6829000115 0.8260999918
vt 0.6829000115 0.8403999805
vt 0.8414000273 0.8478999734
vt 0.8422999978 0.8478999734
vt 0.8422999978 0.8463000059
vt 0.8414000273 0.8463000059
vt 0.8822000027 0.1092000008
vt 0.8830999732 0.1092000008
vt 0.8830999732 0.1076000035
vt 0.8822000027 0.1076000035
vt 0.8393999934 0.8478999734
vt 0.8393999934 0.8463000059
vt 0.8417000175 0.8284999728
vt 0.8396999836 0.8284999728
vt 0.8396999836 0.8302000165
vt 0.8417000175 0.8302000165
vt 0.831799984 0.8478999734
vt 0.8327000141 0.8478999734
vt 0.8327000141 0.8463000059
vt 0.831799984 0.8463000059
vt 0.8388000131 0.8284999728
vt 0.8388000131 0.8302000165
vt 0.8463000059 0.8284999728
vt 0.8463000059 0.8302000165
vt 0.834800005 0.8478999734
vt 0.834800005 0.8463000059
vt 0.8483999968 0.8284999728
vt 0.8483999968 0.8302000165
vt 0.8492000103 0.8284999728
vt 0.8492000103 0.8302000165
vt 0.8801000118 0.1092000008
vt 0.8801000118 0.1076000035
vt 0.8755000234 0.1092000008
vt 0.8755000234 0.1076000035
vt 0.8842999935 0.4654999971
vt 0.8816000223 0.4654999971
vt 0.8816000223 0.467200011
vt 0.8842999935 0.467200011
vt 0.8805000186 0.4654999971
vt 0.8805000186 0.467200011
vt 0.8274999857 0.3059000075
vt 0.8230000138 0.3059000075
vt 0.8230000138 0.3075000048
vt 0.8274999857 0.3075000048
vt 0.820900023 0.3059000075
vt 0.820900023 0.3075000048
vt 0.8199999928 0.3059000075
vt 0.8199999928 0.3075000048
vt 0.8295999765 0.3059000075
vt 0.8295999765 0.3075000048
vt 0.8305000067 0.3059000075
vt 0.8305000067 0.3075000048
vt 0.5975999832 0.8621000051
vt 0.600300014 0.8629999757
vt 0.6072000265 0.8600999713
vt 0.621999979 0.82099998
vt 0.6248000264 0.8219000101
vt 0.630400002 0.8187999725
vt 0.7967000008 0.288199991
vt 0.7961999774 0.2876000106
vt 0.7961999774 0.288199991
vt 0.6143000126 0.8183000088
vt 0.6137999892 0.8187999725
vt 0.6143000126 0.8188999891
vt 0.6143000126 0.8331000209
vt 0.6137999892 0.8331000209
vt 0.6143000126 0.8337000012
vt 0.8755999804 0.5041000247
vt 0.8751000166 0.5036000013
vt 0.8751000166 0.5041000247
vt 0.8574000001 0.5036000013
vt 0.8568999767 0.5041000247
vt 0.8574000001 0.5041000247
vt 0.7967000008 0.3025000095
vt 0.7961999774 0.3025000095
vt 0.7961999774 0.3030000031
vt 0.8755999804 0.5184000134
vt 0.8751000166 0.5184000134
vt 0.8751000166 0.5189999938
vt 0.8568999767 0.5184000134
vt 0.8574000001 0.5189999938
vt 0.8574000001 0.5184000134
vt 0.6014000177 0.8651000261
vt 0.5896000266 0.8744000196
vt 0.5947999954 0.8716999888
vt 0.5938000083 0.8697000146
vt 0.6072000265 0.8744000196
vt 0.600300014 0.8716999888
vt 0.5975999832 0.872600019
vt 0.6014000177 0.8697000146
vt 0.58950001 0.8600999713
vt 0.5947999954 0.8629999757
vt 0.6258000135 0.8238999844
vt 0.630400002 0.8331000209
vt 0.621999979 0.8313999772
vt 0.6248000264 0.8305000067
vt 0.6258000135 0.8284999728
vt 0.6193000078 0.8305000067
vt 0.6182000041 0.8284999728
vt 0.6193000078 0.8219000101
vt 0.736100018 0.8105000257
vt 0.7389000058 0.8095999956
vt 0.7300000191 0.8083000183
vt 0.7131999731 0.8306000233
vt 0.7160000205 0.8296999931
vt 0.7084000111 0.8284000158
vt 0.7350999713 0.8125
vt 0.741599977 0.8191999793
vt 0.7461000085 0.8210999966
vt 0.7426999807 0.8170999885
vt 0.7389000058 0.8201000094
vt 0.736100018 0.8191999793
vt 0.7300000191 0.8210999966
vt 0.7350999713 0.8170999885
vt 0.7462000251 0.8083000183
vt 0.741599977 0.8105000257
vt 0.712199986 0.8325999975
vt 0.7228999734 0.8282999992
vt 0.7160000205 0.8400999904
vt 0.7082999945 0.8410999775
vt 0.7228000164 0.8410999775
vt 0.7131999731 0.8392000198
vt 0.712199986 0.837199986
vt 0.7186999917 0.8392000198
vt 0.7197999954 0.837199986
vt 0.7186999917 0.8306000233
vt 0.1648000032 0.8076000214
vt 0.1648000032 0.8237000108
vt 0.1825000048 0.8237000108
vt 0.1825000048 0.8076000214
vt 0.780099988 0.288199991
vt 0.780099988 0.3025000095
vt 0.5357999802 0.8450999856
vt 0.5357999802 0.861199975
vt 0.5534999967 0.861199975
vt 0.5534999967 0.8450999856
vt 0.1825000048 0.807099998
vt 0.1648000032 0.807099998
vt 0.5534999967 0.8446000218
vt 0.5357999802 0.8446000218
vt 0.630400002 0.8183000088
vt 0.780099988 0.2876000106
vt 0.630400002 0.8337000012
vt 0.780099988 0.3030000031
vt 0.5938000083 0.8651000261
vt 0.6182000041 0.8238999844
vt 0.5662999749 0.8769000173
vt 0.5825999975 0.8769000173
vt 0.5824999809 0.8623999953
vt 0.5662999749 0.8623999953
vt 0.6991000175 0.8658000231
vt 0.6829000115 0.8658000231
vt 0.6829000115 0.8786000013
vt 0.6988999844 0.8786000013
vt 0.7226999998 0.8467000127
vt 0.7082999945 0.8467000127
vt 0.7084000111 0.8594999909
vt 0.7226999998 0.8594999909
vt 0.7084000111 0.8227999806
vt 0.7243999839 0.8227000237
vt 0.7245000005 0.8083999753
vt 0.7082999945 0.8083000183
vt 0.7426999807 0.8125
vt 0.7197999954 0.8325999975
vt 0.8532999754 0.3059000075
vt 0.8532999754 0.3075000048
vt 0.8542000055 0.3075000048
vt 0.8542000055 0.3059000075
vt 0.871999979 0.8201000094
vt 0.871999979 0.8217999935
vt 0.8729000092 0.8217999935
vt 0.8729000092 0.8201000094
vt 0.8511999846 0.3059000075
vt 0.8511999846 0.3075000048
vt 0.8687000275 0.8385999799
vt 0.8687000275 0.8368999958
vt 0.866599977 0.8368999958
vt 0.866599977 0.8385999799
vt 0.8436999917 0.3059000075
vt 0.8436999917 0.3075000048
vt 0.8446000218 0.3075000048
vt 0.8446000218 0.3059000075
vt 0.8657000065 0.8368999958
vt 0.8657000065 0.8385999799
vt 0.8733000159 0.8385999799
vt 0.8733000159 0.8368999958
vt 0.8465999961 0.3075000048
vt 0.8465999961 0.3059000075
vt 0.8752999902 0.8385999799
vt 0.8752999902 0.8368999958
vt 0.8762000203 0.8385999799
vt 0.8762000203 0.8368999958
vt 0.8700000048 0.8201000094
vt 0.8700000048 0.8217999935
vt 0.8654000163 0.8201000094
vt 0.8654000163 0.8217999935
vt 0.8625000119 0.8201000094
vt 0.8625000119 0.8217999935
vt 0.8633999825 0.8217999935
vt 0.8633999825 0.8201000094
vt 0.8751000166 0.7069000006
vt 0.8751000166 0.7052000165
vt 0.8705000281 0.7052000165
vt 0.8705000281 0.7069000006
vt 0.8684999943 0.7052000165
vt 0.8684999943 0.7069000006
vt 0.8676000237 0.7052000165
vt 0.8676000237 0.7069000006
vt 0.8770999908 0.7069000006
vt 0.8770999908 0.7052000165
vt 0.878000021 0.7069000006
vt 0.878000021 0.7052000165
vt 0.6119999886 0.5982999802
vt 0.736100018 0.5982999802
vt 0.736100018 0.6075000167
vt 0.6119999886 0.6075000167
vt 0.545599997 0.5274999738
vt 0.6697000265 0.5274999738
vt 0.6697000265 0.5284000039
vt 0.545599997 0.5284000039
vt 0.5389999747 0.7821000218
vt 0.4149000049 0.7821000218
vt 0.4149000049 0.7811999917
vt 0.5389999747 0.7811999917
vt 0.6553999782 0.7418000102
vt 0.5313000083 0.7418000102
vt 0.5313000083 0.738499999
vt 0.6553999782 0.738499999
vt 0.3853999972 0.4133000076
vt 0.5095999837 0.4133000076
vt 0.5095999837 0.4165999889
vt 0.3853999972 0.4165999889
vt 0.3170000017 0.65200001
vt 0.1928000003 0.65200001
vt 0.1928000003 0.6432999969
vt 0.3170000017 0.6432999969
vt 0.1928000003 0.6575000286
vt 0.3170000017 0.6575000286
vt 0.3170000017 0.6653000116
vt 0.1928000003 0.6653000116
vt 0.507799983 0.5982999802
vt 0.5953999758 0.5982999802
vt 0.5953999758 0.6075000167
vt 0.507799983 0.6075000167
vt 0.8403000236 0.6075000167
vt 0.7526999712 0.6075000167
vt 0.7526999712 0.5982999802
vt 0.8403000236 0.5982999802
vt 0.4413999915 0.5274999738
vt 0.5289999843 0.5274999738
vt 0.5289999843 0.5284000039
vt 0.4413999915 0.5284000039
vt 0.7738999724 0.5284000039
vt 0.6862000227 0.5284000039
vt 0.6862000227 0.5274999738
vt 0.7738999724 0.5274999738
vt 0.6431999803 0.7821000218
vt 0.5555999875 0.7821000218
vt 0.5555999875 0.7811999917
vt 0.6431999803 0.7811999917
vt 0.3106999993 0.7811999917
vt 0.3984000087 0.7811999917
vt 0.3984000087 0.7821000218
vt 0.3106999993 0.7821000218
vt 0.7595999837 0.7418000102
vt 0.6719999909 0.7418000102
vt 0.6719999909 0.738499999
vt 0.7595999837 0.738499999
vt 0.4271000028 0.738499999
vt 0.5146999955 0.738499999
vt 0.5146999955 0.7418000102
vt 0.4271000028 0.7418000102
vt 0.2813000083 0.4133000076
vt 0.368900001 0.4133000076
vt 0.368900001 0.4165999889
vt 0.2813000083 0.4165999889
vt 0.6136999726 0.4165999889
vt 0.5260999799 0.4165999889
vt 0.5260999799 0.4133000076
vt 0.6136999726 0.4133000076
vt 0.4210999906 0.65200001
vt 0.3334999979 0.65200001
vt 0.3334999979 0.6432999969
vt 0.4210999906 0.6432999969
vt 0.08869999647 0.6432999969
vt 0.1763000041 0.6432999969
vt 0.1763000041 0.65200001
vt 0.08869999647 0.65200001
vt 0.08869999647 0.6575000286
vt 0.1763000041 0.6575000286
vt 0.1763000041 0.6653000116
vt 0.08869999647 0.6653000116
vt 0.4210999906 0.6653000116
vt 0.3334999979 0.6653000116
vt 0.3334999979 0.6575000286
vt 0.4210999906 0.6575000286
vt 0.8133000135 0.8026999831
vt 0.8137999773 0.8025000095
vt 0.8220000267 0.8025000095
vt 0.8224999905 0.8026999831
vt 0.6115000248 0.5988000035
vt 0.5958999991 0.5988000035
vt 0.5291000009 0.8751000166
vt 0.5285999775 0.8752999902
vt 0.5203999877 0.8752999902
vt 0.5199000239 0.8751000166
vt 0.5256000161 0.4169000089
vt 0.5101000071 0.4169000089
vt 0.4618999958 0.8751999736
vt 0.4614000022 0.8755000234
vt 0.4532000124 0.8755000234
vt 0.4526999891 0.8751999736
vt 0.3849999905 0.4169000089
vt 0.3693999946 0.4169000089
vt 0.7951999903 0.8711000085
vt 0.795599997 0.8708000183
vt 0.8039000034 0.8708000183
vt 0.8044000268 0.8711000085
vt 0.7522000074 0.5988000035
vt 0.7365999818 0.5988000035
vt 0.8137999773 0.7985000014
vt 0.8220000267 0.7985000014
vt 0.8679999709 0.7322000265
vt 0.8679999709 0.7282000184
vt 0.8835999966 0.7282000184
vt 0.8835999966 0.7322000265
vt 0.5285999775 0.8792999983
vt 0.5203999877 0.8792999983
vt 0.5256000161 0.4208999872
vt 0.5101000071 0.4208999872
vt 0.4614000022 0.8794999719
vt 0.4532000124 0.8794999719
vt 0.3849999905 0.4208999872
vt 0.3693999946 0.4208999872
vt 0.795599997 0.8668000102
vt 0.8039000034 0.8668000102
vt 0.1648000032 0.8331999779
vt 0.1648000032 0.8292000294
vt 0.180399999 0.8292000294
vt 0.180399999 0.8331999779
vt 0.3334999979 0.711499989
vt 0.3334999979 0.7052000165
vt 0.4210999906 0.7052000165
vt 0.4210999906 0.711499989
vt 0.1928000003 0.711499989
vt 0.1928000003 0.7052000165
vt 0.3170000017 0.7052000165
vt 0.3170000017 0.711499989
vt 0.08869999647 0.711499989
vt 0.08869999647 0.7052000165
vt 0.1763000041 0.7052000165
vt 0.1763000041 0.711499989
vt 0.8664000034 0.1159000024
vt 0.8820000291 0.1159000024
vt 0.8820000291 0.1242000014
vt 0.8664000034 0.1242000014
vt 0.8758000135 0.587199986
vt 0.8601999879 0.587199986
vt 0.8601999879 0.5788999796
vt 0.8758000135 0.5788999796
vt 0.2387000024 0.9603000283
vt 0.2387000024 0.9623000026
vt 0.132100001 0.9623000026
vt 0.132100001 0.9603000283
vt 0.132100001 0.9013000131
vt 0.132100001 0.8992999792
vt 0.2387000024 0.8992999792
vt 0.2387000024 0.9013000131
vt 0.1316999942 0.9599999785
vt 0.1298999935 0.9599999785
vt 0.1298999935 0.9016000032
vt 0.1316999942 0.9016000032
vt 0.239199996 0.9016000032
vt 0.2409999967 0.9016000032
vt 0.2409999967 0.9599999785
vt 0.239199996 0.9599999785
vt 0.1316999942 0.9603000283
vt 0.1316999942 0.9623000026
vt 0.1298999935 0.9623000026
vt 0.1298999935 0.9603000283
vt 0.239199996 0.9623000026
vt 0.239199996 0.9603000283
vt 0.2409999967 0.9603000283
vt 0.2409999967 0.9623000026
vt 0.239199996 0.9013000131
vt 0.239199996 0.8992999792
vt 0.2409999967 0.8992999792
vt 0.2409999967 0.9013000131
vt 0.1316999942 0.8992999792
vt 0.1316999942 0.9013000131
vt 0.1298999935 0.9013000131
vt 0.1298999935 0.8992999792
vt 0.5001000166 0.9004999995
vt 0.6067000031 0.9004999995
vt 0.6067000031 0.9025999904
vt 0.5001000166 0.9025999904
vt 0.6067000031 0.9635999799
vt 0.5001000166 0.9635999799
vt 0.5001000166 0.961499989
vt 0.6067000031 0.961499989
vt 0.4977999926 0.9613000154
vt 0.4977999926 0.9028000236
vt 0.4995999932 0.9028000236
vt 0.4995999932 0.9613000154
vt 0.6089000106 0.9028000236
vt 0.6089000106 0.9613000154
vt 0.6071000099 0.9613000154
vt 0.6071000099 0.9028000236
vt 0.4977999926 0.9004999995
vt 0.4995999932 0.9004999995
vt 0.4995999932 0.9025999904
vt 0.4977999926 0.9025999904
vt 0.6089000106 0.9025999904
vt 0.6071000099 0.9025999904
vt 0.6071000099 0.9004999995
vt 0.6089000106 0.9004999995
vt 0.6089000106 0.9635999799
vt 0.6071000099 0.9635999799
vt 0.6071000099 0.961499989
vt 0.6089000106 0.961499989
vt 0.4977999926 0.961499989
vt 0.4995999932 0.961499989
vt 0.4995999932 0.9635999799
vt 0.4977999926 0.9635999799
vt 0.4982999861 0.9862999916
vt 0.6049000025 0.9862999916
vt 0.6049000025 0.9873999953
vt 0.4982999861 0.9873999953
vt 0.6067000031 0.9714999795
vt 0.5001000166 0.9714999795
vt 0.5001000166 0.9704999924
vt 0.6067000031 0.9704999924
vt 0.2369000018 0.986100018
vt 0.1303000003 0.986100018
vt 0.1303000003 0.9850999713
vt 0.2369000018 0.9850999713
vt 0.5001000166 0.978399992
vt 0.6067000031 0.978399992
vt 0.6067000031 0.9794999957
vt 0.5001000166 0.9794999957
vt 0.5644000173 0.950699985
vt 0.5059999824 0.950699985
vt 0.5059999824 0.9496999979
vt 0.5644000173 0.9496999979
vt 0.1985000074 0.9495000243
vt 0.1401000023 0.9495000243
vt 0.1401000023 0.9484000206
vt 0.1985000074 0.9484000206
vt 0.5644000173 0.9534999728
vt 0.5059999824 0.9534999728
vt 0.5059999824 0.9524999857
vt 0.5644000173 0.9524999857
vt 0.1985000074 0.9549999833
vt 0.1401000023 0.9549999833
vt 0.1401000023 0.9539999962
vt 0.1985000074 0.9539999962
vt 0.2008000016 0.9495000243
vt 0.1987999976 0.9495000243
vt 0.1987999976 0.9484000206
vt 0.2008000016 0.9484000206
vt 0.4995999932 0.9714999795
vt 0.4977999926 0.9714999795
vt 0.4977999926 0.9704999924
vt 0.4995999932 0.9704999924
vt 0.1397999972 0.9549999833
vt 0.1377999932 0.9549999833
vt 0.1377999932 0.9539999962
vt 0.1397999972 0.9539999962
vt 0.6089000106 0.9714999795
vt 0.6071000099 0.9714999795
vt 0.6071000099 0.9704999924
vt 0.6089000106 0.9704999924
vt 0.2008000016 0.9549999833
vt 0.1987999976 0.9549999833
vt 0.1987999976 0.9539999962
vt 0.2008000016 0.9539999962
vt 0.6071000099 0.978399992
vt 0.6089000106 0.978399992
vt 0.6089000106 0.9794999957
vt 0.6071000099 0.9794999957
vt 0.1397999972 0.9495000243
vt 0.1377999932 0.9495000243
vt 0.1377999932 0.9484000206
vt 0.1397999972 0.9484000206
vt 0.4977999926 0.978399992
vt 0.4995999932 0.978399992
vt 0.4995999932 0.9794999957
vt 0.4977999926 0.9794999957
vt 0.5647000074 0.950699985
vt 0.5647000074 0.9496999979
vt 0.5056999922 0.950699985
vt 0.5056999922 0.9496999979
vt 0.5647000074 0.9534999728
vt 0.5647000074 0.9524999857
vt 0.5056999922 0.9534999728
vt 0.5056999922 0.9524999857
vt 0.4977999926 0.9862999916
vt 0.4977999926 0.9873999953
vt 0.6053000093 0.9862999916
vt 0.6053000093 0.9873999953
vt 0.2373999953 0.986100018
vt 0.2373999953 0.9850999713
vt 0.1298999935 0.986100018
vt 0.1298999935 0.9850999713
vt 0.1108999997 0.7598999739
vt 0.1074000001 0.7599999905
vt 0.1108999997 0.7623000145
vt 0.003000000026 0.6013000011
vt 0.002300000051 0.5988000035
vt 0.002300000051 0.6032000184
vt 0.3391000032 0.7526000142
vt 0.3391000032 0.7487999797
vt 0.3384999931 0.7531999946
vt 0.1108999997 0.7533000112
vt 0.1108999997 0.7509999871
vt 0.1074000001 0.7531999946
vt 0.4779999852 0.2441000044
vt 0.4772999883 0.2422000021
vt 0.4772999883 0.2466000021
vt 0.1638000011 0.4198000133
vt 0.1652999967 0.4169000089
vt 0.1645999998 0.4169000089
vt 0.3391000032 0.7538999915
vt 0.1645999998 0.280400008
vt 0.1652999967 0.280400008
vt 0.1638000011 0.2775000036
vt 0.3391000032 0.7605999708
vt 0.3391000032 0.7594000101
vt 0.3384999931 0.7599999905
vt 0.3391000032 0.7644000053
vt 0.1652999967 0.3486999869
vt 0.1703000069 0.4169000089
vt 0.1703000069 0.3486999869
vt 0.01410000026 0.6126000285
vt 0.003000000026 0.6126000285
vt 0.003000000026 0.6225000024
vt 0.01410000026 0.6225000024
vt 0.1524000019 0.6008999944
vt 0.1027000025 0.6008999944
vt 0.1027000025 0.6126000285
vt 0.1524000019 0.6126000285
vt 0.8427000046 0.633400023
vt 0.8544999957 0.633400023
vt 0.8544999957 0.6291000247
vt 0.8427000046 0.6291000247
vt 0.0335999988 0.8637999892
vt 0.02830000035 0.8637999892
vt 0.02830000035 0.8731999993
vt 0.0335999988 0.8731999993
vt 0.1757999957 0.4198000133
vt 0.1757999957 0.4169000089
vt 0.1703000069 0.4198000133
vt 0.8022000194 0.2919000089
vt 0.8518000245 0.2919000089
vt 0.8518000245 0.2876000106
vt 0.8022000194 0.2876000106
vt 0.488499999 0.8791999817
vt 0.488499999 0.8748000264
vt 0.4792999923 0.8748000264
vt 0.4792999923 0.8791999817
vt 0.162499994 0.4169000089
vt 0.162499994 0.4198000133
vt 0.252700001 0.601000011
vt 0.252700001 0.5988000035
vt 0.243599996 0.5988000035
vt 0.243599996 0.601000011
vt 0.1524000019 0.5988000035
vt 0.1027000025 0.5988000035
vt 0.01410000026 0.6013000011
vt 0.01410000026 0.5988000035
vt 0.0335999988 0.8593999743
vt 0.02830000035 0.8593999743
vt 0.1005000025 0.7599999905
vt 0.08869999647 0.7599999905
vt 0.08869999647 0.7644000053
vt 0.1005000025 0.7644000053
vt 0.2388000041 0.7623000145
vt 0.189199999 0.7623000145
vt 0.189199999 0.7644000053
vt 0.2388000041 0.7644000053
vt 0.235799998 0.6019999981
vt 0.2327000052 0.6008999944
vt 0.2327000052 0.6126000285
vt 0.235799998 0.6126000285
vt 0.2202000022 0.6008999944
vt 0.1645999998 0.6008999944
vt 0.1645999998 0.6126000285
vt 0.2202000022 0.6126000285
vt 0.02449999936 0.6225000024
vt 0.02449999936 0.6126000285
vt 0.02099999972 0.6126000285
vt 0.02099999972 0.6225000024
vt 0.03680000082 0.6225000024
vt 0.09049999714 0.6225000024
vt 0.09049999714 0.6126000285
vt 0.03680000082 0.6126000285
vt 0.8615000248 0.633400023
vt 0.8648999929 0.633400023
vt 0.8648999929 0.6291000247
vt 0.8615000248 0.6291000247
vt 0.8309999704 0.3424000144
vt 0.8845999837 0.3424000144
vt 0.8845999837 0.3380999863
vt 0.8309999704 0.3380999863
vt 0.4715000093 0.8748000264
vt 0.4684999883 0.8748000264
vt 0.4684999883 0.8791999817
vt 0.4715000093 0.8791999817
vt 0.8763999939 0.7483999729
vt 0.8208000064 0.7483999729
vt 0.8208000064 0.7526999712
vt 0.8763999939 0.7526999712
vt 0.02099999972 0.6008999944
vt 0.02449999936 0.6008999944
vt 0.02449999936 0.5988000035
vt 0.02099999972 0.5988000035
vt 0.03680000082 0.6008999944
vt 0.09049999714 0.6008999944
vt 0.09049999714 0.5988000035
vt 0.03680000082 0.5988000035
vt 0.235799998 0.5988000035
vt 0.2327000052 0.5988000035
vt 0.1645999998 0.5988000035
vt 0.2202000022 0.5988000035
vt 0.3222000003 0.7599999905
vt 0.3190999925 0.7599999905
vt 0.3190999925 0.7623000145
vt 0.3222000003 0.7623000145
vt 0.3066000044 0.7599999905
vt 0.2509999871 0.7599999905
vt 0.2509999871 0.7623000145
vt 0.3066000044 0.7623000145
vt 0.1074000001 0.7644000053
vt 0.1108999997 0.7644000053
vt 0.1231999993 0.7644000053
vt 0.1768999994 0.7644000053
vt 0.1768999994 0.7623000145
vt 0.1231999993 0.7623000145
vt 0.1027000025 0.6225000024
vt 0.0800999999 0.7677000165
vt 0.07959999889 0.7673000097
vt 0.07530000061 0.7673000097
vt 0.07479999959 0.7677000165
vt 0.08179999888 0.8368999958
vt 0.08129999787 0.8363999724
vt 0.07699999958 0.8363999724
vt 0.07649999857 0.8368999958
vt 0.0800999999 0.7012000084
vt 0.07959999889 0.700699985
vt 0.07530000061 0.700699985
vt 0.07479999959 0.7012000084
vt 0.8547999859 0.8289999962
vt 0.8547999859 0.831099987
vt 0.8600000143 0.831099987
vt 0.8600000143 0.8289999962
vt 0.0800999999 0.7092999816
vt 0.07959999889 0.7088000178
vt 0.07530000061 0.7088000178
vt 0.07479999959 0.7092999816
vt 0.07479999959 0.7595999837
vt 0.07479999959 0.7616999745
vt 0.0800999999 0.7616999745
vt 0.0800999999 0.7595999837
vt 0.8837000132 0.6761000156
vt 0.8837000132 0.6707999706
vt 0.8712000251 0.6707999706
vt 0.8712000251 0.6761000156
vt 0.763899982 0.8849999905
vt 0.763899982 0.8798000216
vt 0.7516999841 0.8798000216
vt 0.7516999841 0.8849999905
vt 0.1747999936 0.2675000131
vt 0.1719000041 0.2675000131
vt 0.1719000041 0.2743999958
vt 0.1747999936 0.2743999958
vt 0.6018999815 0.8851000071
vt 0.6018999815 0.8798999786
vt 0.58950001 0.8798999786
vt 0.58950001 0.8851000071
vt 0.3300000131 0.7599999905
vt 0.3300000131 0.7644000053
vt 0.3273000121 0.7610999942
vt 0.3273000121 0.7644000053
vt 0.1146000028 0.882799983
vt 0.1146000028 0.8848999739
vt 0.1199000031 0.8848999739
vt 0.1199000031 0.882799983
vt 0.240899995 0.6126000285
vt 0.240899995 0.6014999747
vt 0.4767000079 0.8748000264
vt 0.4767000079 0.8791999817
vt 0.240899995 0.5988000035
vt 0.3190999925 0.7644000053
vt 0.3222000003 0.7644000053
vt 0.8478000164 0.8467000127
vt 0.8478000164 0.8488000035
vt 0.8531000018 0.8489000201
vt 0.8531000018 0.8467000127
vt 0.3066000044 0.7644000053
vt 0.2509999871 0.7644000053
vt 0.1768999994 0.7599999905
vt 0.1231999993 0.7599999905
vt 0.2388000041 0.7598999739
vt 0.189199999 0.7598999739
vt 0.252700001 0.5982999802
vt 0.243599996 0.5982999802
vt 0.240899995 0.5982999802
vt 0.8427000046 0.6338999867
vt 0.8544999957 0.6338999867
vt 0.8544999957 0.6286000013
vt 0.8427000046 0.6286000013
vt 0.8648999929 0.6286000013
vt 0.8615000248 0.6286000013
vt 0.3300000131 0.7648000121
vt 0.3391000032 0.7648000121
vt 0.2202000022 0.5982999802
vt 0.1645999998 0.5982999802
vt 0.1524000019 0.5982999802
vt 0.1027000025 0.5982999802
vt 0.09049999714 0.5982999802
vt 0.03680000082 0.5982999802
vt 0.8615000248 0.6338999867
vt 0.8648999929 0.6338999867
vt 0.1231999993 0.7648000121
vt 0.1768999994 0.7648000121
vt 0.189199999 0.7648000121
vt 0.2388000041 0.7648000121
vt 0.2509999871 0.7648000121
vt 0.3066000044 0.7648000121
vt 0.3190999925 0.7648000121
vt 0.3222000003 0.7648000121
vt 0.235799998 0.5982999802
vt 0.2327000052 0.5982999802
vt 0.3273000121 0.7648000121
vt 0.1623000056 0.4196000099
vt 0.1623000056 0.4171000123
vt 0.02879999951 0.8589000106
vt 0.03310000151 0.8589000106
vt 0.0800999999 0.7698000073
vt 0.07479999959 0.7699000239
vt 0.08179999888 0.8389999866
vt 0.07649999857 0.8389999866
vt 0.0800999999 0.7032999992
vt 0.07479999959 0.7032999992
vt 0.8551999927 0.8284999728
vt 0.8596000075 0.8284999728
vt 0.0800999999 0.7113999724
vt 0.07479999959 0.7113999724
vt 0.07530000061 0.7591999769
vt 0.07959999889 0.7591999769
vt 0.1150999963 0.8823000193
vt 0.1194000021 0.8823000193
vt 0.8482999802 0.8463000059
vt 0.8525999784 0.8463000059
vt 0.02830000035 0.8830999732
vt 0.003000000026 0.8731999993
vt 0.003000000026 0.8830999732
vt 0.7300000191 0.8450000286
vt 0.7300000191 0.8561000228
vt 0.7411999702 0.8561000228
vt 0.7411999702 0.8450000286
vt 0.1524000019 0.6225000024
vt 0.252700001 0.6225000024
vt 0.252700001 0.6126000285
vt 0.243599996 0.6126000285
vt 0.243599996 0.6225000024
vt 0.0335999988 0.8830999732
vt 0.2327000052 0.6225000024
vt 0.235799998 0.6225000024
vt 0.2202000022 0.6225000024
vt 0.1645999998 0.6225000024
vt 0.240899995 0.6225000024
vt 0.1623000056 0.2728999853
vt 0.1625999957 0.2743999958
vt 0.1687999964 0.2743999958
vt 0.1687999964 0.2728999853
vt 0.1687999964 0.268599987
vt 0.1623000056 0.268599987
vt 0.7734000087 0.8705999851
vt 0.7734000087 0.8744000196
vt 0.7760999799 0.8744000196
vt 0.7760999799 0.8705999851
vt 0.7838000059 0.8744000196
vt 0.7851999998 0.8705999851
vt 0.1623000056 0.2678000033
vt 0.1687999964 0.2678000033
vt 0.8069999814 0.8519999981
vt 0.8054999709 0.8481000066
vt 0.7979000211 0.8481000066
vt 0.7979000211 0.8519999981
vt 0.7951999903 0.8481000066
vt 0.7951999903 0.8519999981
vt 0.8601999879 0.8407999873
vt 0.8601999879 0.8368999958
vt 0.8492000103 0.8368999958
vt 0.8492000103 0.8407999873
vt 0.002300000051 0.6225000024
vt 0.002300000051 0.6126000285
vt 0.7967000008 0.7985000014
vt 0.7967000008 0.8022999763
vt 0.8077999949 0.8022999763
vt 0.8077999949 0.7985000014
vt 0.8230999708 0.1811999977
vt 0.8230999708 0.1850000024
vt 0.8342999816 0.1850000024
vt 0.8342999816 0.1811999977
vt 0.7845000029 0.8838000298
vt 0.7845000029 0.8798999786
vt 0.7734000087 0.8798999786
vt 0.7734000087 0.8838000298
vt 0.826300025 0.8500999808
vt 0.826300025 0.8463000059
vt 0.8151000142 0.8463000059
vt 0.8151000142 0.8500999808
vt 0.1831 0.3515999913
vt 0.1897000074 0.3515999913
vt 0.1897000074 0.3118000031
vt 0.1831 0.3118000031
vt 0.8708999753 0.3131999969
vt 0.7997000217 0.3131999969
vt 0.7997000217 0.3226999938
vt 0.8708000183 0.3226999938
vt 0.502300024 0.5982999802
vt 0.3802999854 0.5982999802
vt 0.3802999854 0.6068000197
vt 0.502300024 0.6068000197
vt 0.3802999854 0.6146000028
vt 0.502300024 0.6146000028
vt 0.1757999957 0.3486999869
vt 0.1791999936 0.3118000031
vt 0.1827999949 0.3113999963
vt 0.1791999936 0.3113999963
vt 0.7997000217 0.3325000107
vt 0.8708000183 0.3325000107
vt 0.1831 0.2976000011
vt 0.1897000074 0.2976000011
vt 0.1897000074 0.2833999991
vt 0.1831 0.2833999991
vt 0.002899999963 0.8637999892
vt 0.1791999936 0.2833999991
vt 0.1791999936 0.2976000011
vt 0.1827999949 0.2978999913
vt 0.1791999936 0.2978999913
vt 0.09969999641 0.8845999837
vt 0.09929999709 0.8740000129
vt 0.08940000087 0.8744000196
vt 0.08980000019 0.8849999905
vt 0.8495000005 0.191200003
vt 0.8495000005 0.1807000041
vt 0.8406000137 0.1806000024
vt 0.8406000137 0.191200003
vt 0.8593000174 0.191200003
vt 0.8593000174 0.1807000041
vt 0.1084999964 0.8842999935
vt 0.108099997 0.8736000061
vt 0.7038999796 0.288199991
vt 0.7038999796 0.2969999909
vt 0.7272999883 0.2969999909
vt 0.7272999883 0.288199991
vt 0.7038999796 0.3068999946
vt 0.7272999883 0.3068999946
vt 0.1090999991 0.8848999739
vt 0.1085999981 0.8731999993
vt 0.8399999738 0.1919
vt 0.8399999738 0.1801999956
vt 0.727699995 0.2876000106
vt 0.7034999728 0.2876000106
vt 0.1080000028 0.8733000159
vt 0.1085999981 0.872600019
vt 0.8406000137 0.1801999956
vt 0.8399999738 0.1796000004
vt 0.09920000285 0.8737000227
vt 0.08940000087 0.8740000129
vt 0.8495000005 0.1802999973
vt 0.8593000174 0.1802999973
vt 0.002300000051 0.8731999993
vt 0.002300000051 0.8830999732
vt 0.8495000005 0.1919
vt 0.8593000174 0.1919
vt 0.002300000051 0.8644000292
vt 0.1791999936 0.3515999913
vt 0.1703000069 0.280400008
vt 0.4891000092 0.2328000069
vt 0.4891000092 0.2230000049
vt 0.4779999852 0.2230000049
vt 0.4779999852 0.2328000069
vt 0.627399981 0.2444999963
vt 0.627399981 0.2328000069
vt 0.5777999759 0.2328000069
vt 0.5777999759 0.2444999963
vt 0.4013999999 0.8752999902
vt 0.4013999999 0.8797000051
vt 0.413199991 0.8797000051
vt 0.413199991 0.8752999902
vt 0.8299000263 0.2272000015
vt 0.8299000263 0.2365999967
vt 0.8350999951 0.2365999967
vt 0.8350999951 0.2272000015
vt 0.1757999957 0.2775000036
vt 0.1703000069 0.2775000036
vt 0.1757999957 0.280400008
vt 0.6596000195 0.7985000014
vt 0.6596000195 0.8027999997
vt 0.7092999816 0.8027999997
vt 0.7092999816 0.7985000014
vt 0.3880000114 0.8777999878
vt 0.3788999915 0.8777999878
vt 0.3788999915 0.8822000027
vt 0.3880000114 0.8822000027
vt 0.162499994 0.280400008
vt 0.162499994 0.2775000036
vt 0.727699995 0.2443999946
vt 0.7185999751 0.2443999946
vt 0.7185999751 0.2466000021
vt 0.727699995 0.2466000021
vt 0.5777999759 0.2466000021
vt 0.627399981 0.2466000021
vt 0.4891000092 0.2466000021
vt 0.4891000092 0.2441000044
vt 0.8350999951 0.2228000015
vt 0.8299000263 0.2228000015
vt 0.1005000025 0.7531999946
vt 0.1005000025 0.7487999797
vt 0.08869999647 0.7487999797
vt 0.08869999647 0.7531999946
vt 0.2388000041 0.7509999871
vt 0.2388000041 0.7487999797
vt 0.189199999 0.7487999797
vt 0.189199999 0.7509999871
vt 0.7107999921 0.2433999926
vt 0.7107999921 0.2328000069
vt 0.7077000141 0.2328000069
vt 0.7077000141 0.2444999963
vt 0.695200026 0.2444999963
vt 0.695200026 0.2328000069
vt 0.6395999789 0.2328000069
vt 0.6395999789 0.2444999963
vt 0.4995000064 0.2230000049
vt 0.4959999919 0.2230000049
vt 0.4959999919 0.2328000069
vt 0.4995000064 0.2328000069
vt 0.5117999911 0.2230000049
vt 0.5117999911 0.2328000069
vt 0.565500021 0.2328000069
vt 0.565500021 0.2230000049
vt 0.4201000035 0.8752999902
vt 0.4201000035 0.8797000051
vt 0.4235000014 0.8797000051
vt 0.4235000014 0.8752999902
vt 0.4198000133 0.3057000041
vt 0.4198000133 0.3100999892
vt 0.4735000134 0.3100999892
vt 0.4735000134 0.3057000041
vt 0.3711000085 0.8822000027
vt 0.3711000085 0.8777999878
vt 0.3680000007 0.8777999878
vt 0.3680000007 0.8822000027
vt 0.8615000248 0.2768999934
vt 0.8615000248 0.2725000083
vt 0.8058999777 0.2725000083
vt 0.8058999777 0.2768999934
vt 0.4959999919 0.2444999963
vt 0.4959999919 0.2466000021
vt 0.4995000064 0.2466000021
vt 0.4995000064 0.2444999963
vt 0.5117999911 0.2444999963
vt 0.5117999911 0.2466000021
vt 0.565500021 0.2466000021
vt 0.565500021 0.2444999963
vt 0.7107999921 0.2466000021
vt 0.7077000141 0.2466000021
vt 0.6395999789 0.2466000021
vt 0.695200026 0.2466000021
vt 0.3222000003 0.7531999946
vt 0.3222000003 0.7509999871
vt 0.3190999925 0.7509999871
vt 0.3190999925 0.7531999946
vt 0.3066000044 0.7531999946
vt 0.3066000044 0.7509999871
vt 0.2509999871 0.7509999871
vt 0.2509999871 0.7531999946
vt 0.1074000001 0.7487999797
vt 0.1108999997 0.7487999797
vt 0.1231999993 0.7487999797
vt 0.1231999993 0.7508999705
vt 0.1768999994 0.7508999705
vt 0.1768999994 0.7487999797
vt 0.5777999759 0.2230000049
vt 0.8582999706 0.7989000082
vt 0.863499999 0.7989000082
vt 0.8630999923 0.7985000014
vt 0.858799994 0.7985000014
vt 0.8774999976 0.5674999952
vt 0.882799983 0.5674999952
vt 0.8823000193 0.5669999719
vt 0.878000021 0.5669999719
vt 0.8774999976 0.5593000054
vt 0.882799983 0.5593000054
vt 0.8823000193 0.5588999987
vt 0.878000021 0.5588999987
vt 0.8368999958 0.8657000065
vt 0.831700027 0.8657000065
vt 0.831700027 0.8677999973
vt 0.8368999958 0.8677999973
vt 0.8452000022 0.8633000255
vt 0.850399971 0.8633000255
vt 0.8500000238 0.8628000021
vt 0.845600009 0.8628000021
vt 0.07909999788 0.8798999786
vt 0.07379999757 0.8798999786
vt 0.07379999757 0.8820999861
vt 0.07909999788 0.8820000291
vt 0.8805999756 0.7170000076
vt 0.8679999709 0.7170000076
vt 0.8679999709 0.722299993
vt 0.8805999756 0.722299993
vt 0.742299974 0.8615999818
vt 0.7300000191 0.8615999818
vt 0.7300000191 0.8669000268
vt 0.742299974 0.8669000268
vt 0.882700026 0.6286000013
vt 0.8704000115 0.6286000013
vt 0.8704000115 0.6338999867
vt 0.882700026 0.6338999867
vt 0.6262000203 0.8790000081
vt 0.6137999892 0.8790000081
vt 0.6137999892 0.8842999935
vt 0.6262000203 0.8842999935
vt 0.3300000131 0.7487999797
vt 0.3273000121 0.7487999797
vt 0.3273000121 0.7520999908
vt 0.3300000131 0.7531999946
vt 0.8816999793 0.323300004
vt 0.8763999939 0.323300004
vt 0.8763999939 0.3255000114
vt 0.8816999793 0.3253999949
vt 0.7159000039 0.243900001
vt 0.7159000039 0.2328000069
vt 0.3761999905 0.8822000027
vt 0.3761999905 0.8777999878
vt 0.7159000039 0.2466000021
vt 0.3190999925 0.7487999797
vt 0.3222000003 0.7487999797
vt 0.8837000132 0.8205999732
vt 0.8784999847 0.8205999732
vt 0.8784999847 0.8227000237
vt 0.8837000132 0.8227000237
vt 0.3066000044 0.7487999797
vt 0.2509999871 0.7487999797
vt 0.1231999993 0.7533000112
vt 0.1768999994 0.7533000112
vt 0.189199999 0.7533000112
vt 0.2388000041 0.7533000112
vt 0.727699995 0.2470999956
vt 0.7185999751 0.2470999956
vt 0.7159000039 0.2470999956
vt 0.4772999883 0.2470999956
vt 0.4891000092 0.2470999956
vt 0.1005000025 0.7483999729
vt 0.08869999647 0.7483999729
vt 0.1074000001 0.7483999729
vt 0.1108999997 0.7483999729
vt 0.3300000131 0.7483999729
vt 0.3391000032 0.7483999729
vt 0.695200026 0.2470999956
vt 0.6395999789 0.2470999956
vt 0.627399981 0.2470999956
vt 0.5777999759 0.2470999956
vt 0.565500021 0.2470999956
vt 0.5117999911 0.2470999956
vt 0.4995000064 0.2470999956
vt 0.4959999919 0.2470999956
vt 0.1231999993 0.7483999729
vt 0.1768999994 0.7483999729
vt 0.189199999 0.7483999729
vt 0.2388000041 0.7483999729
vt 0.2509999871 0.7483999729
vt 0.3066000044 0.7483999729
vt 0.3190999925 0.7483999729
vt 0.3222000003 0.7483999729
vt 0.7107999921 0.2470999956
vt 0.7077000141 0.2470999956
vt 0.3273000121 0.7483999729
vt 0.1623000056 0.2777999938
vt 0.1623000056 0.2802000046
vt 0.8346999884 0.222299993
vt 0.8302999735 0.222299993
vt 0.8582999706 0.800999999
vt 0.863499999 0.8011000156
vt 0.8774999976 0.5695999861
vt 0.882799983 0.5695999861
vt 0.8774999976 0.5613999963
vt 0.882799983 0.5615000129
vt 0.836499989 0.8651999831
vt 0.8320999742 0.8651999831
vt 0.8452000022 0.8654000163
vt 0.850399971 0.8654000163
vt 0.07859999686 0.8794999719
vt 0.07429999858 0.8794999719
vt 0.8812000155 0.3228999972
vt 0.8769000173 0.3228999972
vt 0.8831999898 0.8201000094
vt 0.8788999915 0.8201000094
vt 0.8350999951 0.2463999987
vt 0.8604999781 0.2463999987
vt 0.8604999781 0.2365999967
vt 0.7628999949 0.8632000089
vt 0.7516999841 0.8632000089
vt 0.7516999841 0.8743000031
vt 0.7628999949 0.8743000031
vt 0.627399981 0.2230000049
vt 0.727699995 0.2230000049
vt 0.7185999751 0.2230000049
vt 0.7185999751 0.2328000069
vt 0.727699995 0.2328000069
vt 0.8299000263 0.2463999987
vt 0.7107999921 0.2230000049
vt 0.7077000141 0.2230000049
vt 0.695200026 0.2230000049
vt 0.6395999789 0.2230000049
vt 0.7159000039 0.2230000049
vt 0.8629000187 0.5705000162
vt 0.8629000187 0.5588999987
vt 0.8601999879 0.5588999987
vt 0.8601999879 0.5698999763
vt 0.8705000281 0.5705000162
vt 0.8705000281 0.5588999987
vt 0.8151000142 0.8407999873
vt 0.8177999854 0.8407999873
vt 0.8177999854 0.8368999958
vt 0.8151000142 0.8368999958
vt 0.8269000053 0.8407999873
vt 0.8253999949 0.8368999958
vt 0.871999979 0.5705000162
vt 0.871999979 0.5588999987
vt 0.5680000186 0.1887000054
vt 0.5588999987 0.1887000054
vt 0.5588999987 0.1925999969
vt 0.5665000081 0.1925999969
vt 0.5562000275 0.1887000054
vt 0.5562000275 0.1925999969
vt 0.8260999918 0.8555999994
vt 0.8151000142 0.8555999994
vt 0.8151000142 0.8593999743
vt 0.8260999918 0.8593999743
vt 0.4772999883 0.2230000049
vt 0.4772999883 0.2328000069
vt 0.8737000227 0.1687999964
vt 0.8848000169 0.1687999964
vt 0.8848000169 0.1649000049
vt 0.8737000227 0.1649000049
vt 0.8324000239 0.8406999707
vt 0.8435999751 0.8406999707
vt 0.8435999751 0.8368999958
vt 0.8324000239 0.8368999958
vt 0.8062999845 0.8575000167
vt 0.7951999903 0.8575000167
vt 0.7951999903 0.8612999916
vt 0.8062999845 0.8612999916
vt 0.7911000252 0.7985000014
vt 0.7799000144 0.7985000014
vt 0.7799000144 0.8022999763
vt 0.7911000252 0.8022999763
vt 0.1831 0.3914000094
vt 0.1897000074 0.3914000094
vt 0.7285000086 0.3131999969
vt 0.7286000252 0.3226999938
vt 0.2581999898 0.5982999802
vt 0.2581999898 0.6068000197
vt 0.2581999898 0.6146000028
vt 0.1791999936 0.3912999928
vt 0.1791999936 0.3916999996
vt 0.1827999949 0.3916999996
vt 0.7286000252 0.3325000107
vt 0.1831 0.4056000113
vt 0.1831 0.4198000133
vt 0.1897000074 0.4198000133
vt 0.1897000074 0.4056000113
vt 0.8605999947 0.2272000015
vt 0.1791999936 0.4198000133
vt 0.1791999936 0.4056000113
vt 0.1791999936 0.4052000046
vt 0.1827999949 0.4052000046
vt 0.1361999959 0.88349998
vt 0.1459999979 0.88349998
vt 0.1459999979 0.8730000257
vt 0.1361999959 0.8730000257
vt 0.6934000254 0.8198000193
vt 0.7021999955 0.8198000193
vt 0.7021999955 0.8091999888
vt 0.6934000254 0.8091999888
vt 0.6834999919 0.8198000193
vt 0.6834999919 0.8091999888
vt 0.1273999959 0.88349998
vt 0.1273999959 0.8729000092
vt 0.5591999888 0.8197000027
vt 0.5357999802 0.8197000027
vt 0.5357999802 0.8284999728
vt 0.5591999888 0.8284999728
vt 0.5357999802 0.8384000063
vt 0.5591999888 0.8384000063
vt 0.1834000051 0.4052000046
vt 0.1893000007 0.4052000046
vt 0.1834000051 0.3916999996
vt 0.1893000007 0.3916999996
vt 0.1831 0.3919999897
vt 0.1831 0.4050000012
vt 0.1459999979 0.872600019
vt 0.1361999959 0.872600019
vt 0.7021999955 0.8087999821
vt 0.6934000254 0.8087999821
vt 0.6834999919 0.8087999821
vt 0.1273999959 0.8725000024
vt 0.1459999979 0.8841999769
vt 0.1361999959 0.8841999769
vt 0.7027999759 0.8205000162
vt 0.6934000254 0.8205000162
vt 0.6834999919 0.8205000162
vt 0.1268000007 0.8841999769
vt 0.6193000078 0.4133000076
vt 0.6245999932 0.4201000035
vt 0.6295999885 0.4201000035
vt 0.6244000196 0.4133000076
vt 0.7639999986 0.1865999997
vt 0.769200027 0.1829999983
vt 0.769200027 0.1823000014
vt 0.763899982 0.1860000044
vt 0.3253999949 0.7703999877
vt 0.3192999959 0.7756999731
vt 0.3217999935 0.7756999731
vt 0.3280999959 0.7703999877
vt 0.3305000067 0.7756999731
vt 0.3373000026 0.7703999877
vt 0.7940999866 0.1868000031
vt 0.7940999866 0.1829999983
vt 0.7742000222 0.1829999983
vt 0.7694000006 0.186499998
vt 0.2495000064 0.7703999877
vt 0.2465000004 0.7756999731
vt 0.2994999886 0.7756999731
vt 0.3048000038 0.7703999877
vt 0.1879999936 0.7703999877
vt 0.1875 0.7756999731
vt 0.234799996 0.7756999731
vt 0.2372999936 0.7703999877
vt 0.1224000007 0.7703999877
vt 0.1247000024 0.7756999731
vt 0.1757999957 0.7756999731
vt 0.175699994 0.7703999877
vt 0.1066000015 0.7703999877
vt 0.1096000001 0.7756999731
vt 0.1128999963 0.7756999731
vt 0.1101000011 0.7703999877
vt 0.3115000129 0.7756999731
vt 0.3172999918 0.7703999877
vt 0.3143999875 0.7756999731
vt 0.3203000128 0.7703999877
vt 0.08869999647 0.7703999877
vt 0.0923999995 0.7756999731
vt 0.1030000001 0.7756999731
vt 0.09969999641 0.7703999877
vt 0.7459999919 0.4201000035
vt 0.7459999919 0.4133000076
vt 0.8675000072 0.4133000076
vt 0.8622999787 0.4201000035
vt 0.8673999906 0.4201000035
vt 0.872699976 0.4133000076
vt 0.8758000135 0.6166999936
vt 0.8705000281 0.6130999923
vt 0.8705000281 0.6136999726
vt 0.8756999969 0.6173999906
vt 0.584100008 0.7537000179
vt 0.5777999759 0.7483999729
vt 0.5752000213 0.7483999729
vt 0.5813999772 0.7537000179
vt 0.5932000279 0.7537000179
vt 0.586499989 0.7483999729
vt 0.8702999949 0.617200017
vt 0.8654999733 0.6136999726
vt 0.8458999991 0.6136999726
vt 0.8457999825 0.6166999936
vt 0.5608000159 0.7537000179
vt 0.5554999709 0.7483999729
vt 0.5024999976 0.7483999729
vt 0.5055000186 0.7537000179
vt 0.4932999909 0.7537000179
vt 0.4907999933 0.7483999729
vt 0.4435000122 0.7483999729
vt 0.4438999891 0.7537000179
vt 0.4316999912 0.7537000179
vt 0.4318000078 0.7483999729
vt 0.3806000054 0.7483999729
vt 0.3783000112 0.7537000179
vt 0.3659999967 0.7537000179
vt 0.3688000143 0.7483999729
vt 0.3655000031 0.7483999729
vt 0.3625999987 0.7537000179
vt 0.573300004 0.7537000179
vt 0.5673999786 0.7483999729
vt 0.576300025 0.7537000179
vt 0.570299983 0.7483999729
vt 0.3556999862 0.7537000179
vt 0.3589000106 0.7483999729
vt 0.34830001 0.7483999729
vt 0.344599992 0.7537000179
vt 0.1650000066 0.3486999869
vt 0.1650000066 0.4169000089
vt 0.1650000066 0.280400008
vt 0.1761000007 0.4194999933
vt 0.1761000007 0.4165999889
vt 0.0027999999 0.6230999827
vt 0.003400000045 0.6230999827
vt 0.240199998 0.6230999827
vt 0.2427999973 0.6230999827
vt 0.2520000041 0.6230999827
vt 0.0027999999 0.8837000132
vt 0.02749999985 0.8837000132
vt 0.03280000016 0.8837000132
vt 0.1642999947 0.6230999827
vt 0.2196000069 0.6230999827
vt 0.1027000025 0.6230999827
vt 0.1520999968 0.6230999827
vt 0.03709999844 0.6230999827
vt 0.09049999714 0.6230999827
vt 0.0214000009 0.6230999827
vt 0.02480000071 0.6230999827
vt 0.2319999933 0.6230999827
vt 0.2351000011 0.6230999827
vt 0.01449999958 0.6230999827
vt 0.1761000007 0.3486999869
vt 0.8248000145 0.7594000101
vt 0.7537000179 0.7594000101
vt 0.7537000179 0.7599999905
vt 0.8244000077 0.7598999739
vt 0.8600000143 0.1905999929
vt 0.8600000143 0.1800999939
vt 0.7034000158 0.3075999916
vt 0.7258999944 0.3075999916
vt 0.8600000143 0.1797000021
vt 0.08869999647 0.8729000092
vt 0.08869999647 0.8734999895
vt 0.8600000143 0.1914000064
vt 0.1761000007 0.2806999981
vt 0.1761000007 0.2777999938
vt 0.478399992 0.222299993
vt 0.4778000116 0.222299993
vt 0.7178999782 0.222299993
vt 0.715200007 0.222299993
vt 0.7269999981 0.222299993
vt 0.8458999991 0.6179000139
vt 0.8712000251 0.6179000139
vt 0.8765000105 0.6179000139
vt 0.6945999861 0.222299993
vt 0.6392999887 0.222299993
vt 0.6270999908 0.222299993
vt 0.5777000189 0.222299993
vt 0.565500021 0.222299993
vt 0.5120999813 0.222299993
vt 0.4997999966 0.222299993
vt 0.4963999987 0.222299993
vt 0.7070000172 0.222299993
vt 0.7100999951 0.222299993
vt 0.4894999862 0.222299993
vt 0.6826000214 0.7594000101
vt 0.6830999851 0.7598999739
vt 0.6829000115 0.8087000251
vt 0.6829000115 0.8191999793
vt 0.5371999741 0.8391000032
vt 0.5597000122 0.8391000032
vt 0.6829000115 0.8083000183
vt 0.1466999948 0.871999979
vt 0.1466999948 0.8715000153
vt 0.6829000115 0.8198999763
vt 0.2048999965 0.353700012
vt 0.2063000053 0.353700012
vt 0.2063000053 0.2949999869
vt 0.2048999965 0.2949999869
vt 0.2048999965 0.412499994
vt 0.2063000053 0.412499994
vt 0.6234999895 0.8411999941
vt 0.6137999892 0.8392000198
vt 0.6208000183 0.8421000242
vt 0.5447000265 0.8694000244
vt 0.5363000035 0.867200017
vt 0.5419999957 0.8702999949
vt 0.6374999881 0.7990000248
vt 0.638100028 0.7990000248
vt 0.638100028 0.7985000014
vt 0.5523999929 0.8666999936
vt 0.5525000095 0.867299974
vt 0.5529000163 0.867200017
vt 0.5523999929 0.8815000057
vt 0.5523999929 0.8820999861
vt 0.5529000163 0.8815000057
vt 0.7563999891 0.288199991
vt 0.7569000125 0.288199991
vt 0.7569000125 0.2876000106
vt 0.5363000035 0.8666999936
vt 0.5357999802 0.867200017
vt 0.6374999881 0.8133000135
vt 0.638100028 0.8137999773
vt 0.638100028 0.8133000135
vt 0.7563999891 0.3025000095
vt 0.7569000125 0.3030000031
vt 0.7569000125 0.3025000095
vt 0.5363000035 0.8815000057
vt 0.5357999802 0.8815000057
vt 0.5363000035 0.8820999861
vt 0.6197000146 0.8442000151
vt 0.6315000057 0.8535000086
vt 0.627300024 0.8488000035
vt 0.6262000203 0.8507999778
vt 0.6137999892 0.8535000086
vt 0.6234999895 0.8517000079
vt 0.6208000183 0.8507999778
vt 0.6197000146 0.8488000035
vt 0.6262000203 0.8421000242
vt 0.6315000057 0.8392000198
vt 0.540899992 0.8723000288
vt 0.5447000265 0.8798000216
vt 0.5419999957 0.8788999915
vt 0.540899992 0.8769000173
vt 0.5485000014 0.8769000173
vt 0.5473999977 0.8788999915
vt 0.5473999977 0.8702999949
vt 0.6697000265 0.8702999949
vt 0.6758000255 0.8680999875
vt 0.6668999791 0.8694000244
vt 0.8787000179 0.2006999999
vt 0.88349998 0.1985000074
vt 0.8758999705 0.1997999996
vt 0.6707000136 0.8723999858
vt 0.6642000079 0.8790000081
vt 0.6631000042 0.8769000173
vt 0.6596999764 0.8809999824
vt 0.6668999791 0.8798999786
vt 0.6758000255 0.8809999824
vt 0.6697000265 0.8790000081
vt 0.6707000136 0.8769000173
vt 0.6596000195 0.8680999875
vt 0.6642000079 0.8702999949
vt 0.8797000051 0.202700004
vt 0.8690000176 0.1984000057
vt 0.8758999705 0.2101999968
vt 0.8690999746 0.2111999989
vt 0.8835999966 0.2111999989
vt 0.8787000179 0.2092999965
vt 0.8797000051 0.2073000073
vt 0.8731999993 0.2092999965
vt 0.8720999956 0.2073000073
vt 0.8731999993 0.2006999999
vt 0.627300024 0.8442000151
vt 0.5485000014 0.8723000288
vt 0.6631000042 0.8723999858
vt 0.8720999956 0.202700004
vt 0.8838000298 0.2229000032
vt 0.8661999702 0.2229000032
vt 0.8661999702 0.2389000058
vt 0.8838000298 0.2389000058
vt 0.774600029 0.3025000095
vt 0.774600029 0.288199991
vt 0.6541000009 0.8133000135
vt 0.6541000009 0.7990000248
vt 0.5839999914 0.7990000248
vt 0.5662999749 0.7990000248
vt 0.5662999749 0.8149999976
vt 0.5839999914 0.8149999976
vt 0.8838000298 0.222299993
vt 0.8661000133 0.222299993
vt 0.5839999914 0.7985000014
vt 0.5662999749 0.7985000014
vt 0.774600029 0.2876000106
vt 0.6541000009 0.7985000014
vt 0.774600029 0.3030000031
vt 0.6541000009 0.8137999773
vt 0.6538000107 0.8338999748
vt 0.6538000107 0.8194000125
vt 0.6376000047 0.8194000125
vt 0.6374999881 0.8338999748
vt 0.7516999841 0.8266000152
vt 0.7518000007 0.8392999768
vt 0.7677999735 0.8392999768
vt 0.7678999901 0.8266000152
vt 0.7516999841 0.844900012
vt 0.7516999841 0.8575999737
vt 0.7659999728 0.8575999737
vt 0.7660999894 0.8447999954
vt 0.6757000089 0.8626000285
vt 0.6758000255 0.8481000066
vt 0.6596000195 0.8482000232
vt 0.6596999764 0.8625000119
vt 0.877399981 0.4058000147
vt 0.8781999946 0.4058000147
vt 0.8781999946 0.4041000009
vt 0.877399981 0.4041000009
vt 0.7735000253 0.2466000021
vt 0.7743999958 0.2466000021
vt 0.7743999958 0.2450000048
vt 0.7735000253 0.2450000048
vt 0.8752999902 0.4058000147
vt 0.8752999902 0.4041000009
vt 0.8690999746 0.2443999946
vt 0.8669999838 0.2443999946
vt 0.8669999838 0.2460999936
vt 0.8690999746 0.2460999936
vt 0.8677999973 0.4058000147
vt 0.8687000275 0.4058000147
vt 0.8687000275 0.4041000009
vt 0.8677999973 0.4041000009
vt 0.8661000133 0.2443999946
vt 0.8661000133 0.2460999936
vt 0.8736000061 0.2443999946
vt 0.8736000061 0.2460999936
vt 0.8707000017 0.4058000147
vt 0.8707000017 0.4041000009
vt 0.8756999969 0.2443999946
vt 0.8756999969 0.2460999936
vt 0.8766000271 0.2443999946
vt 0.8766000271 0.2460999936
vt 0.7713999748 0.2466000021
vt 0.7713999748 0.2450000048
vt 0.7667999864 0.2466000021
vt 0.7667999864 0.2450000048
vt 0.763899982 0.2466000021
vt 0.7648000121 0.2466000021
vt 0.7648000121 0.2450000048
vt 0.763899982 0.2450000048
vt 0.852699995 0.8555999994
vt 0.8481000066 0.8555999994
vt 0.8481000066 0.8572999835
vt 0.852699995 0.8572999835
vt 0.8460999727 0.8555999994
vt 0.8460999727 0.8572999835
vt 0.8452000022 0.8555999994
vt 0.8452000022 0.8572999835
vt 0.8547000289 0.8555999994
vt 0.8547000289 0.8572999835
vt 0.8555999994 0.8555999994
vt 0.8555999994 0.8572999835
vt 0.5981000066 0.8213999867
vt 0.6007999778 0.8223000169
vt 0.6076999903 0.8194000125
vt 0.5745999813 0.8231999874
vt 0.5773000121 0.8241000175
vt 0.5828999877 0.8210999966
vt 0.1791999936 0.2703999877
vt 0.1794999987 0.2703999877
vt 0.1794999987 0.2700999975
vt 0.5669000149 0.8205999732
vt 0.5662999749 0.8210999966
vt 0.5667999983 0.8212000132
vt 0.5669000149 0.8353999853
vt 0.5662999749 0.8353999853
vt 0.5669000149 0.8359000087
vt 0.188500002 0.2700999975
vt 0.188500002 0.2703999877
vt 0.1888000071 0.2703999877
vt 0.5828999877 0.8205999732
vt 0.5835000277 0.8210999966
vt 0.8337000012 0.5036000013
vt 0.8331000209 0.5041000247
vt 0.8337000012 0.5041000247
vt 0.8331000209 0.5202000141
vt 0.8337000012 0.5206999779
vt 0.8337000012 0.5202000141
vt 0.5828999877 0.8353999853
vt 0.5828999877 0.8359000087
vt 0.5835000277 0.8353999853
vt 0.6018999815 0.8244000077
vt 0.5900999904 0.8337000012
vt 0.5953000188 0.8309999704
vt 0.5942999721 0.8288999796
vt 0.6076999903 0.8337000012
vt 0.6007999778 0.8309999704
vt 0.5981000066 0.8319000006
vt 0.6018999815 0.8288999796
vt 0.5899999738 0.8194000125
vt 0.5953000188 0.8223000169
vt 0.5784000158 0.8262000084
vt 0.5745999813 0.8337000012
vt 0.5773000121 0.8327999711
vt 0.5784000158 0.8307999969
vt 0.5717999935 0.8327999711
vt 0.5708000064 0.8307999969
vt 0.5717999935 0.8241000175
vt 0.6437000036 0.8615000248
vt 0.6463999748 0.8607000113
vt 0.6374999881 0.8593999743
vt 0.7348999977 0.8288999796
vt 0.7376000285 0.8280000091
vt 0.7300000191 0.8266999722
vt 0.6425999999 0.8636000156
vt 0.6492000222 0.8701999784
vt 0.6536999941 0.8722000122
vt 0.6502000093 0.8682000041
vt 0.6463999748 0.8711000085
vt 0.6437000036 0.8701999784
vt 0.6376000047 0.8722000122
vt 0.6425999999 0.8682000041
vt 0.6536999941 0.8593999743
vt 0.6492000222 0.8615000248
vt 0.733799994 0.8309999704
vt 0.7444999814 0.8266999722
vt 0.7376000285 0.8385000229
vt 0.7300000191 0.83950001
vt 0.7444999814 0.83950001
vt 0.7348999977 0.8375999928
vt 0.733799994 0.8355000019
vt 0.7404000163 0.8375999928
vt 0.7414000034 0.8355000019
vt 0.7404000163 0.8288999796
vt 0.1794999987 0.2802999914
vt 0.188500002 0.2802999914
vt 0.6315000057 0.8127999902
vt 0.6315000057 0.7985000014
vt 0.6137999892 0.7985000014
vt 0.6137999892 0.8127999902
vt 0.6988999844 0.8603000045
vt 0.6988999844 0.8460000157
vt 0.6829000115 0.8460000157
vt 0.6829000115 0.8603000045
vt 0.8513000011 0.5202000141
vt 0.8513000011 0.5041000247
vt 0.1791999936 0.2802999914
vt 0.8513000011 0.5036000013
vt 0.1888000071 0.2802999914
vt 0.58950001 0.8194000125
vt 0.58950001 0.8337000012
vt 0.6320000291 0.8127999902
vt 0.6320000291 0.7985000014
vt 0.8513000011 0.5206999779
vt 0.5942999721 0.8244000077
vt 0.5708000064 0.8262000084
vt 0.6596999764 0.842599988
vt 0.6758999825 0.842599988
vt 0.6758000255 0.8281000257
vt 0.6596000195 0.8281999826
vt 0.7896000147 0.8083000183
vt 0.7734000087 0.8083000183
vt 0.7735000253 0.82099998
vt 0.7894999981 0.82099998
vt 0.787800014 0.8266000152
vt 0.7734000087 0.8266000152
vt 0.7735000253 0.8393999934
vt 0.787800014 0.8393999934
vt 0.6376000047 0.8539000154
vt 0.6535999775 0.8536999822
vt 0.6536999941 0.8393999934
vt 0.6374999881 0.8393999934
vt 0.6502000093 0.8636000156
vt 0.7414000034 0.8309999704
vt 0.7396000028 0.8820999861
vt 0.7396000028 0.8838000298
vt 0.7404999733 0.8838000298
vt 0.7404999733 0.8820999861
vt 0.8766999841 0.6575000286
vt 0.8766999841 0.6592000127
vt 0.8776000142 0.6592000127
vt 0.8776000142 0.6575000286
vt 0.7375000119 0.8820999861
vt 0.7375000119 0.8838000298
vt 0.8259999752 0.1922000051
vt 0.8259999752 0.1905000061
vt 0.824000001 0.1905000061
vt 0.824000001 0.1922000051
vt 0.7300000191 0.8820999861
vt 0.7300000191 0.8838000298
vt 0.7308999896 0.8838000298
vt 0.7308999896 0.8820999861
vt 0.8230999708 0.1905000061
vt 0.8230999708 0.1922000051
vt 0.8306000233 0.1922000051
vt 0.8306000233 0.1905000061
vt 0.7329000235 0.8838000298
vt 0.7329000235 0.8820999861
vt 0.8327000141 0.1922000051
vt 0.8327000141 0.1905000061
vt 0.8335999846 0.1922000051
vt 0.8335999846 0.1905000061
vt 0.8747000098 0.6575000286
vt 0.8747000098 0.6592000127
vt 0.8701000214 0.6575000286
vt 0.8701000214 0.6592000127
vt 0.8671000004 0.6575000286
vt 0.8671000004 0.6592000127
vt 0.8679999709 0.6592000127
vt 0.8679999709 0.6575000286
vt 0.5738999844 0.8840000033
vt 0.5738999844 0.8823999763
vt 0.5692999959 0.8823999763
vt 0.5692999959 0.8840000033
vt 0.5672000051 0.8823999763
vt 0.5672000051 0.8840000033
vt 0.5662999749 0.8823999763
vt 0.5662999749 0.8840000033
vt 0.5759000182 0.8840000033
vt 0.5759000182 0.8823999763
vt 0.5767999887 0.8840000033
vt 0.5767999887 0.8823999763
vt 0.3106999993 0.6890000105
vt 0.643599987 0.6887000203
vt 0.643599987 0.6941000223
vt 0.3106999993 0.6941000223
vt 0.08869999647 0.738499999
vt 0.421600014 0.738499999
vt 0.421600014 0.7429000139
vt 0.08869999647 0.7429000139
vt 0.5328000188 0.6707999706
vt 0.8657000065 0.6711000204
vt 0.8657000065 0.6765000224
vt 0.5328000188 0.6765000224
vt 0.08869999647 0.7329000235
vt 0.08869999647 0.7282999754
vt 0.421600014 0.7282000184
vt 0.421600014 0.7329000235
vt 0.643599987 0.6883999705
vt 0.3106999993 0.6887000203
vt 0.09759999812 0.1968999952
vt 0.09759999812 0.2653999925
vt 0.09459999949 0.2653999925
vt 0.09459999949 0.1968999952
vt 0.1811999977 0.1968999952
vt 0.1811999977 0.2653999925
vt 0.1771000028 0.2653999925
vt 0.1771000028 0.1968999952
vt 0.1693000048 0.1968999952
vt 0.1693000048 0.2653999925
vt 0.1662999988 0.2653999925
vt 0.1662999988 0.1968999952
vt 0.1589999944 0.1968999952
vt 0.1589999944 0.2653999925
vt 0.1561000049 0.2653999925
vt 0.1561000049 0.1968999952
vt 0.1488000005 0.1968999952
vt 0.1488000005 0.2653999925
vt 0.1458999962 0.2653999925
vt 0.1458999962 0.1968999952
vt 0.1386000067 0.1968999952
vt 0.1386000067 0.2653999925
vt 0.1356000006 0.2653999925
vt 0.1356000006 0.1968999952
vt 0.1282999963 0.1968999952
vt 0.1282999963 0.2653999925
vt 0.1254000068 0.2653999925
vt 0.1254000068 0.1968999952
vt 0.1181000024 0.1968999952
vt 0.1181000024 0.2653999925
vt 0.1150999963 0.2653999925
vt 0.1150999963 0.1968999952
vt 0.1077999994 0.1968999952
vt 0.1077999994 0.2653999925
vt 0.1049000025 0.2653999925
vt 0.1049000025 0.1968999952
vt 0.01099999994 0.2653999925
vt 0.01099999994 0.1968999952
vt 0.01510000043 0.1968999952
vt 0.01510000043 0.2653999925
vt 0.02290000021 0.2653999925
vt 0.02290000021 0.1968999952
vt 0.02590000071 0.1968999952
vt 0.02590000071 0.2653999925
vt 0.03319999948 0.2653999925
vt 0.03319999948 0.1968999952
vt 0.03610000014 0.1968999952
vt 0.03610000014 0.2653999925
vt 0.04340000078 0.2653999925
vt 0.04340000078 0.1968999952
vt 0.04630000144 0.1968999952
vt 0.04630000144 0.2653999925
vt 0.05359999835 0.2653999925
vt 0.05359999835 0.1968999952
vt 0.05660000071 0.1968999952
vt 0.05660000071 0.2653999925
vt 0.06390000135 0.2653999925
vt 0.06390000135 0.1968999952
vt 0.06679999828 0.1968999952
vt 0.06679999828 0.2653999925
vt 0.07410000265 0.2653999925
vt 0.07410000265 0.1968999952
vt 0.07710000128 0.1968999952
vt 0.07710000128 0.2653999925
vt 0.08439999819 0.2653999925
vt 0.08439999819 0.1968999952
vt 0.08730000257 0.1968999952
vt 0.08730000257 0.2653999925
vt 0.1709000021 0.1968999952
vt 0.1748999953 0.1968999952
vt 0.1748999953 0.2653999925
vt 0.1709000021 0.2653999925
vt 0.1606999934 0.1968999952
vt 0.1647000015 0.1968999952
vt 0.1647000015 0.2653999925
vt 0.1606999934 0.2653999925
vt 0.1504999995 0.1968999952
vt 0.1544000059 0.1968999952
vt 0.1544000059 0.2653999925
vt 0.1504999995 0.2653999925
vt 0.140200004 0.1968999952
vt 0.1441999972 0.1968999952
vt 0.1441999972 0.2653999925
vt 0.140200004 0.2653999925
vt 0.1299999952 0.1968999952
vt 0.1339000016 0.1968999952
vt 0.1339000016 0.2653999925
vt 0.1299999952 0.2653999925
vt 0.1196999997 0.1968999952
vt 0.1237000003 0.1968999952
vt 0.1237000003 0.2653999925
vt 0.1196999997 0.2653999925
vt 0.1094999984 0.1968999952
vt 0.113499999 0.1968999952
vt 0.113499999 0.2653999925
vt 0.1094999984 0.2653999925
vt 0.09920000285 0.1968999952
vt 0.1032000035 0.1968999952
vt 0.1032000035 0.2653999925
vt 0.09920000285 0.2653999925
vt 0.02129999921 0.2653999925
vt 0.01730000041 0.2653999925
vt 0.01730000041 0.1968999952
vt 0.02129999921 0.1968999952
vt 0.03150000051 0.2653999925
vt 0.02749999985 0.2653999925
vt 0.02749999985 0.1968999952
vt 0.03150000051 0.1968999952
vt 0.04170000181 0.2653999925
vt 0.03779999912 0.2653999925
vt 0.03779999912 0.1968999952
vt 0.04170000181 0.1968999952
vt 0.05200000107 0.2653999925
vt 0.04800000042 0.2653999925
vt 0.04800000042 0.1968999952
vt 0.05200000107 0.1968999952
vt 0.06219999865 0.2653999925
vt 0.05829999968 0.2653999925
vt 0.05829999968 0.1968999952
vt 0.06219999865 0.1968999952
vt 0.07249999791 0.2653999925
vt 0.06849999726 0.2653999925
vt 0.06849999726 0.1968999952
vt 0.07249999791 0.1968999952
vt 0.08269999921 0.2653999925
vt 0.07869999856 0.2653999925
vt 0.07869999856 0.1968999952
vt 0.08269999921 0.1968999952
vt 0.09300000221 0.2653999925
vt 0.08900000155 0.2653999925
vt 0.08900000155 0.1968999952
vt 0.09300000221 0.1968999952
vt 0.09329999983 0.2653999925
vt 0.09329999983 0.1968999952
vt 0.09430000186 0.1968999952
vt 0.09430000186 0.2653999925
vt 0.09889999777 0.1968999952
vt 0.09889999777 0.2653999925
vt 0.09790000319 0.2653999925
vt 0.09790000319 0.1968999952
vt 0.1752000004 0.2653999925
vt 0.1752000004 0.1968999952
vt 0.176699996 0.1968999952
vt 0.176699996 0.2653999925
vt 0.1831 0.1968999952
vt 0.1831 0.2653999925
vt 0.1816000044 0.2653999925
vt 0.1816000044 0.1968999952
vt 0.1650000066 0.2653999925
vt 0.1650000066 0.1968999952
vt 0.1659999937 0.1968999952
vt 0.1659999937 0.2653999925
vt 0.1706999987 0.1968999952
vt 0.1706999987 0.2653999925
vt 0.169599995 0.2653999925
vt 0.169599995 0.1968999952
vt 0.1546999961 0.2653999925
vt 0.1546999961 0.1968999952
vt 0.1557999998 0.1968999952
vt 0.1557999998 0.2653999925
vt 0.1604000032 0.1968999952
vt 0.1604000032 0.2653999925
vt 0.1592999995 0.2653999925
vt 0.1592999995 0.1968999952
vt 0.1445000023 0.2653999925
vt 0.1445000023 0.1968999952
vt 0.145600006 0.1968999952
vt 0.145600006 0.2653999925
vt 0.1501999944 0.1968999952
vt 0.1501999944 0.2653999925
vt 0.1491000056 0.2653999925
vt 0.1491000056 0.1968999952
vt 0.1342000067 0.2653999925
vt 0.1342000067 0.1968999952
vt 0.1352999955 0.1968999952
vt 0.1352999955 0.2653999925
vt 0.1398999989 0.1968999952
vt 0.1398999989 0.2653999925
vt 0.1387999952 0.2653999925
vt 0.1387999952 0.1968999952
vt 0.123999998 0.2653999925
vt 0.123999998 0.1968999952
vt 0.1251000017 0.1968999952
vt 0.1251000017 0.2653999925
vt 0.1297000051 0.1968999952
vt 0.1297000051 0.2653999925
vt 0.1286000013 0.2653999925
vt 0.1286000013 0.1968999952
vt 0.1137000024 0.2653999925
vt 0.1137000024 0.1968999952
vt 0.1147999987 0.1968999952
vt 0.1147999987 0.2653999925
vt 0.1194000021 0.1968999952
vt 0.1194000021 0.2653999925
vt 0.1184 0.2653999925
vt 0.1184 0.1968999952
vt 0.1035000011 0.2653999925
vt 0.1035000011 0.1968999952
vt 0.1045999974 0.1968999952
vt 0.1045999974 0.2653999925
vt 0.1092000008 0.1968999952
vt 0.1092000008 0.2653999925
vt 0.108099997 0.2653999925
vt 0.108099997 0.1968999952
vt 0.009100000374 0.2653999925
vt 0.009100000374 0.1968999952
vt 0.01059999969 0.1968999952
vt 0.01059999969 0.2653999925
vt 0.01700000092 0.1968999952
vt 0.01700000092 0.2653999925
vt 0.01549999975 0.2653999925
vt 0.01549999975 0.1968999952
vt 0.02150000073 0.2653999925
vt 0.02150000073 0.1968999952
vt 0.02260000072 0.1968999952
vt 0.02260000072 0.2653999925
vt 0.02720000036 0.1968999952
vt 0.02720000036 0.2653999925
vt 0.0262000002 0.2653999925
vt 0.0262000002 0.1968999952
vt 0.03180000186 0.2653999925
vt 0.03180000186 0.1968999952
vt 0.03290000185 0.1968999952
vt 0.03290000185 0.2653999925
vt 0.03750000149 0.1968999952
vt 0.03750000149 0.2653999925
vt 0.0364000015 0.2653999925
vt 0.0364000015 0.1968999952
vt 0.04199999943 0.2653999925
vt 0.04199999943 0.1968999952
vt 0.04309999943 0.1968999952
vt 0.04309999943 0.2653999925
vt 0.04769999906 0.1968999952
vt 0.04769999906 0.2653999925
vt 0.04659999907 0.2653999925
vt 0.04659999907 0.1968999952
vt 0.0522999987 0.2653999925
vt 0.0522999987 0.1968999952
vt 0.05339999869 0.1968999952
vt 0.05339999869 0.2653999925
vt 0.05799999833 0.1968999952
vt 0.05799999833 0.2653999925
vt 0.05689999834 0.2653999925
vt 0.05689999834 0.1968999952
vt 0.0625 0.2653999925
vt 0.0625 0.1968999952
vt 0.06360000372 0.1968999952
vt 0.06360000372 0.2653999925
vt 0.06819999963 0.1968999952
vt 0.06819999963 0.2653999925
vt 0.06710000336 0.2653999925
vt 0.06710000336 0.1968999952
vt 0.07280000299 0.2653999925
vt 0.07280000299 0.1968999952
vt 0.07379999757 0.1968999952
vt 0.07379999757 0.2653999925
vt 0.07850000262 0.1968999952
vt 0.07850000262 0.2653999925
vt 0.0773999989 0.2653999925
vt 0.0773999989 0.1968999952
vt 0.08299999684 0.2653999925
vt 0.08299999684 0.1968999952
vt 0.08410000056 0.1968999952
vt 0.08410000056 0.2653999925
vt 0.08869999647 0.1968999952
vt 0.08869999647 0.2653999925
vt 0.0876000002 0.2653999925
vt 0.0876000002 0.1968999952
vt 0.008999999613 0.2653999925
vt 0.008999999613 0.1968999952
vt 0.1832000017 0.1968999952
vt 0.1832000017 0.2653999925
# mm_gid 0
g mmGroup0
usemtl 12281_container
f 1/1/1 2/2/2 3/3/3 
f 1/1/1 3/3/3 4/4/4 
f 35/37/35 1/38/1 4/39/4 
f 35/37/35 4/39/4 36/40/36 
f 124/217/124 36/40/36 4/39/4 
f 121/193/121 124/196/124 4/4/4 
f 121/193/121 4/4/4 3/3/3 
f 143/221/143 121/224/121 3/142/3 
f 143/221/143 3/142/3 85/141/85 
f 173/340/173 143/221/143 85/141/85 
f 173/340/173 85/141/85 106/342/106 
f 174/270/174 173/269/173 106/363/106 
f 174/270/174 106/363/106 105/364/105 
f 160/256/160 174/326/174 105/323/105 
f 160/256/160 105/323/105 52/88/52 
f 128/253/128 160/256/160 52/88/52 
f 128/253/128 52/88/52 51/87/51 
f 125/197/125 128/200/128 51/118/51 
f 125/197/125 51/118/51 71/117/71 
f 149/233/149 125/236/125 71/154/71 
f 149/233/149 71/154/71 91/153/91 
f 91/153/91 71/154/71 72/155/72 
f 91/153/91 72/155/72 92/156/92 
f 130/239/130 92/156/92 72/155/72 
f 131/203/131 130/202/130 72/120/72 
f 131/203/131 72/120/72 50/119/50 
f 157/249/157 131/252/131 50/86/50 
f 157/249/157 50/86/50 49/85/49 
f 185/322/185 157/249/157 49/85/49 
f 185/322/185 49/85/49 108/324/108 
f 186/288/186 185/287/185 108/365/108 
f 186/288/186 108/365/108 107/366/107 
f 146/226/146 186/344/186 107/341/107 
f 146/226/146 107/341/107 86/144/86 
f 120/227/120 146/226/146 86/144/86 
f 120/227/120 86/144/86 2/143/2 
f 117/189/117 120/192/120 2/2/2 
f 117/189/117 2/2/2 1/1/1 
f 139/213/139 117/216/117 1/38/1 
f 139/213/139 1/38/1 35/37/35 
f 139/213/139 118/215/118 117/216/117 
f 117/189/117 118/190/118 119/191/119 
f 117/189/117 119/191/119 120/192/120 
f 145/225/145 120/227/120 119/228/119 
f 145/225/145 119/228/119 40/54/40 
f 145/225/145 40/54/40 39/53/39 
f 181/346/181 145/225/145 39/53/39 
f 181/346/181 39/53/39 54/348/54 
f 182/282/182 181/281/181 54/353/54 
f 182/282/182 54/353/54 53/354/53 
f 158/250/158 182/320/182 53/317/53 
f 158/250/158 53/317/53 98/168/98 
f 132/251/132 158/250/158 98/168/98 
f 132/251/132 98/168/98 6/167/6 
f 129/201/129 132/204/132 6/6/6 
f 129/201/129 6/6/6 5/5/5 
f 151/237/151 129/240/129 5/70/5 
f 151/237/151 5/70/5 45/69/45 
f 45/69/45 5/70/5 8/71/8 
f 45/69/45 8/71/8 46/72/46 
f 136/241/136 46/72/46 8/71/8 
f 133/205/133 136/208/136 8/8/8 
f 133/205/133 8/8/8 7/7/7 
f 155/245/155 133/248/133 7/166/7 
f 155/245/155 7/166/7 97/165/97 
f 189/316/189 155/245/155 97/165/97 
f 189/316/189 97/165/97 56/318/56 
f 190/294/190 189/293/189 56/355/56 
f 190/294/190 56/355/56 55/356/55 
f 148/232/148 190/350/190 55/347/55 
f 148/232/148 55/347/55 42/56/42 
f 116/229/116 148/232/148 42/56/42 
f 116/229/116 42/56/42 41/55/41 
f 113/185/113 116/188/116 41/106/41 
f 113/185/113 41/106/41 61/105/61 
f 137/209/137 113/212/113 61/130/61 
f 137/209/137 61/130/61 79/129/79 
f 79/129/79 61/130/61 62/131/62 
f 79/129/79 62/131/62 80/132/80 
f 118/215/118 80/132/80 62/131/62 
f 119/191/119 118/190/118 62/108/62 
f 119/191/119 62/108/62 40/107/40 
f 61/105/61 40/107/40 62/108/62 
f 61/105/61 41/106/41 40/107/40 
f 39/53/39 40/54/40 41/55/41 
f 39/53/39 41/55/41 42/56/42 
f 42/56/42 54/348/54 39/53/39 
f 42/56/42 55/347/55 54/348/54 
f 53/97/53 54/98/54 55/99/55 
f 53/97/53 55/99/55 56/100/56 
f 98/168/98 53/317/53 56/318/56 
f 98/168/98 56/318/56 97/165/97 
f 97/165/97 6/167/6 98/168/98 
f 97/165/97 7/166/7 6/167/6 
f 5/5/5 6/6/6 7/7/7 
f 5/5/5 7/7/7 8/8/8 
f 118/215/118 140/214/140 80/132/80 
f 139/213/139 140/214/140 118/215/118 
f 137/209/137 114/211/114 113/212/113 
f 113/185/113 114/186/114 115/187/115 
f 113/185/113 115/187/115 116/188/116 
f 116/229/116 115/230/115 147/231/147 
f 116/229/116 147/231/147 148/232/148 
f 148/232/148 147/231/147 191/297/191 
f 148/232/148 191/297/191 192/298/192 
f 148/232/148 192/298/192 169/349/169 
f 148/232/148 169/349/169 190/350/190 
f 189/293/189 190/294/190 169/295/169 
f 189/293/189 169/295/169 172/296/172 
f 195/303/195 189/316/189 172/315/172 
f 196/304/196 195/303/195 172/315/172 
f 196/304/196 172/315/172 171/313/171 
f 156/246/156 196/304/196 171/313/171 
f 156/246/156 171/313/171 194/314/194 
f 156/246/156 194/314/194 111/311/111 
f 156/246/156 111/311/111 96/164/96 
f 134/247/134 156/246/156 96/164/96 
f 134/247/134 96/164/96 76/163/76 
f 135/207/135 134/206/134 76/124/76 
f 135/207/135 76/124/76 75/123/75 
f 153/243/153 135/242/135 75/160/75 
f 153/243/153 75/160/75 94/159/94 
f 74/157/74 94/159/94 75/160/75 
f 73/121/73 74/122/74 75/123/75 
f 73/121/73 75/123/75 76/124/76 
f 95/161/95 73/162/73 76/163/76 
f 95/161/95 76/163/76 96/164/96 
f 96/164/96 110/312/110 95/161/95 
f 197/362/197 95/161/95 110/312/110 
f 198/357/198 197/358/197 110/182/110 
f 198/357/198 110/182/110 109/181/109 
f 12/50/12 198/361/198 109/305/109 
f 12/50/12 109/305/109 87/146/87 
f 58/145/58 12/50/12 87/146/87 
f 58/145/58 87/146/87 88/147/88 
f 58/145/58 88/147/88 59/148/59 
f 57/101/57 58/102/58 59/103/59 
f 57/101/57 59/103/59 60/104/60 
f 77/125/77 57/126/57 60/127/60 
f 77/125/77 60/127/60 78/128/78 
f 114/211/114 78/128/78 60/127/60 
f 115/187/115 114/186/114 60/104/60 
f 115/187/115 60/104/60 59/103/59 
f 147/231/147 115/230/115 59/148/59 
f 147/231/147 59/148/59 88/147/88 
f 112/306/112 147/231/147 88/147/88 
f 87/146/87 112/306/112 88/147/88 
f 87/146/87 109/305/109 112/306/112 
f 109/181/109 111/183/111 112/184/112 
f 194/300/194 112/359/112 111/360/111 
f 194/300/194 193/299/193 112/359/112 
f 112/306/112 193/352/193 147/231/147 
f 191/297/191 147/231/147 193/352/193 
f 191/297/191 193/352/193 170/351/170 
f 192/298/192 191/297/191 170/351/170 
f 192/298/192 170/351/170 169/349/169 
f 169/265/169 170/266/170 171/267/171 
f 169/265/169 171/267/171 172/268/172 
f 193/299/193 171/301/171 170/302/170 
f 193/299/193 194/300/194 171/301/171 
f 109/181/109 110/182/110 111/183/111 
f 96/164/96 111/311/111 110/312/110 
f 114/211/114 138/210/138 78/128/78 
f 137/209/137 138/210/138 114/211/114 
f 37/41/37 57/126/57 77/125/77 
f 37/41/37 20/44/20 57/126/57 
f 20/20/20 58/102/58 57/101/57 
f 20/20/20 19/19/19 58/102/58 
f 58/145/58 19/51/19 12/50/12 
f 9/49/9 12/50/12 19/51/19 
f 9/49/9 19/51/19 18/52/18 
f 38/45/38 9/46/9 18/47/18 
f 38/45/38 18/47/18 17/48/17 
f 37/41/37 38/42/38 17/43/17 
f 37/41/37 17/43/17 20/44/20 
f 17/17/17 19/19/19 20/20/20 
f 17/17/17 18/18/18 19/19/19 
f 9/9/9 11/11/11 12/12/12 
f 12/307/12 11/308/11 197/309/197 
f 12/307/12 197/309/197 198/310/198 
f 197/362/197 11/89/11 95/161/95 
f 11/89/11 73/162/73 95/161/95 
f 11/89/11 32/92/32 73/162/73 
f 32/32/32 74/122/74 73/121/73 
f 32/32/32 31/31/31 74/122/74 
f 31/67/31 93/158/93 74/157/74 
f 74/157/74 93/158/93 94/159/94 
f 31/67/31 44/66/44 93/158/93 
f 43/65/43 44/66/44 31/67/31 
f 43/65/43 31/67/31 30/68/30 
f 10/93/10 43/94/43 30/95/30 
f 10/93/10 30/95/30 29/96/29 
f 11/89/11 10/90/10 29/91/29 
f 11/89/11 29/91/29 32/92/32 
f 29/29/29 31/31/31 32/32/32 
f 29/29/29 30/30/30 31/31/31 
f 9/9/9 10/10/10 11/11/11 
f 136/241/136 135/242/135 153/243/153 
f 136/241/136 153/243/153 154/244/154 
f 136/241/136 154/244/154 46/72/46 
f 133/205/133 135/207/135 136/208/136 
f 133/205/133 134/206/134 135/207/135 
f 155/245/155 134/247/134 133/248/133 
f 155/245/155 156/246/156 134/247/134 
f 156/246/156 155/245/155 195/303/195 
f 156/246/156 195/303/195 196/304/196 
f 195/303/195 155/245/155 189/316/189 
f 151/237/151 130/239/130 129/240/129 
f 129/201/129 130/202/130 131/203/131 
f 129/201/129 131/203/131 132/204/132 
f 157/249/157 132/251/132 131/252/131 
f 157/249/157 158/250/158 132/251/132 
f 158/250/158 157/249/157 183/285/183 
f 158/250/158 183/285/183 184/286/184 
f 158/250/158 184/286/184 165/319/165 
f 158/250/158 165/319/165 182/320/182 
f 181/281/181 182/282/182 165/283/165 
f 181/281/181 165/283/165 168/284/168 
f 187/291/187 181/346/181 168/345/168 
f 188/292/188 187/291/187 168/345/168 
f 188/292/188 168/345/168 167/343/167 
f 146/226/146 188/292/188 167/343/167 
f 146/226/146 167/343/167 186/344/186 
f 185/287/185 186/288/186 167/289/167 
f 185/287/185 167/289/167 166/290/166 
f 183/285/183 185/322/185 166/321/166 
f 184/286/184 183/285/183 166/321/166 
f 184/286/184 166/321/166 165/319/165 
f 165/261/165 166/262/166 167/263/167 
f 165/261/165 167/263/167 168/264/168 
f 183/285/183 157/249/157 185/322/185 
f 146/226/146 187/291/187 188/292/188 
f 146/226/146 145/225/145 187/291/187 
f 187/291/187 145/225/145 181/346/181 
f 145/225/145 146/226/146 120/227/120 
f 151/237/151 152/238/152 130/239/130 
f 130/239/130 152/238/152 92/156/92 
f 85/141/85 2/143/2 86/144/86 
f 86/144/86 106/342/106 85/141/85 
f 86/144/86 107/341/107 106/342/106 
f 105/177/105 106/178/106 107/179/107 
f 105/177/105 107/179/107 108/180/108 
f 52/88/52 105/323/105 108/324/108 
f 52/88/52 108/324/108 49/85/49 
f 49/85/49 51/87/51 52/88/52 
f 49/85/49 50/86/50 51/87/51 
f 71/117/71 51/118/51 50/119/50 
f 71/117/71 50/119/50 72/120/72 
f 85/141/85 3/142/3 2/143/2 
f 149/233/149 126/235/126 125/236/125 
f 125/197/125 126/198/126 127/199/127 
f 125/197/125 127/199/127 128/200/128 
f 128/253/128 127/254/127 159/255/159 
f 128/253/128 159/255/159 160/256/160 
f 160/256/160 159/255/159 175/273/175 
f 160/256/160 175/273/175 176/274/176 
f 160/256/160 176/274/176 161/325/161 
f 160/256/160 161/325/161 174/326/174 
f 173/269/173 174/270/174 161/271/161 
f 173/269/173 161/271/161 164/272/164 
f 179/279/179 173/340/173 164/339/164 
f 180/280/180 179/279/179 164/339/164 
f 180/280/180 164/339/164 163/337/163 
f 144/222/144 180/280/180 163/337/163 
f 144/222/144 163/337/163 178/338/178 
f 144/222/144 178/338/178 103/335/103 
f 144/222/144 103/335/103 84/140/84 
f 122/223/122 144/222/144 84/140/84 
f 122/223/122 84/140/84 66/139/66 
f 123/195/123 122/194/122 66/112/66 
f 123/195/123 66/112/66 65/111/65 
f 141/219/141 123/218/123 65/136/65 
f 141/219/141 65/136/65 82/135/82 
f 64/133/64 82/135/82 65/136/65 
f 63/109/63 64/110/64 65/111/65 
f 63/109/63 65/111/65 66/112/66 
f 83/137/83 63/138/63 66/139/66 
f 83/137/83 66/139/66 84/140/84 
f 84/140/84 102/336/102 83/137/83 
f 199/372/199 83/137/83 102/336/102 
f 200/367/200 199/368/199 102/174/102 
f 200/367/200 102/174/102 101/173/101 
f 16/82/16 200/371/200 101/329/101 
f 16/82/16 101/329/101 99/170/99 
f 68/169/68 16/82/16 99/170/99 
f 68/169/68 99/170/99 100/171/100 
f 68/169/68 100/171/100 69/172/69 
f 67/113/67 68/114/68 69/115/69 
f 67/113/67 69/115/69 70/116/70 
f 89/149/89 67/150/67 70/151/70 
f 89/149/89 70/151/70 90/152/90 
f 126/235/126 90/152/90 70/151/70 
f 127/199/127 126/198/126 70/116/70 
f 127/199/127 70/116/70 69/115/69 
f 159/255/159 127/254/127 69/172/69 
f 159/255/159 69/172/69 100/171/100 
f 104/330/104 159/255/159 100/171/100 
f 99/170/99 104/330/104 100/171/100 
f 99/170/99 101/329/101 104/330/104 
f 101/173/101 103/175/103 104/176/104 
f 178/276/178 104/369/104 103/370/103 
f 178/276/178 177/275/177 104/369/104 
f 104/330/104 177/328/177 159/255/159 
f 175/273/175 159/255/159 177/328/177 
f 175/273/175 177/328/177 162/327/162 
f 176/274/176 175/273/175 162/327/162 
f 176/274/176 162/327/162 161/325/161 
f 161/257/161 162/258/162 163/259/163 
f 161/257/161 163/259/163 164/260/164 
f 177/275/177 163/277/163 162/278/162 
f 177/275/177 178/276/178 163/277/163 
f 101/173/101 102/174/102 103/175/103 
f 84/140/84 103/335/103 102/336/102 
f 126/235/126 150/234/150 90/152/90 
f 149/233/149 150/234/150 126/235/126 
f 47/73/47 67/150/67 89/149/89 
f 47/73/47 28/76/28 67/150/67 
f 28/28/28 68/114/68 67/113/67 
f 28/28/28 27/27/27 68/114/68 
f 68/169/68 27/83/27 16/82/16 
f 13/81/13 16/82/16 27/83/27 
f 13/81/13 27/83/27 26/84/26 
f 48/77/48 13/78/13 26/79/26 
f 48/77/48 26/79/26 25/80/25 
f 47/73/47 48/74/48 25/75/25 
f 47/73/47 25/75/25 28/76/28 
f 25/25/25 27/27/27 28/28/28 
f 25/25/25 26/26/26 27/27/27 
f 13/13/13 15/15/15 16/16/16 
f 16/331/16 15/332/15 199/333/199 
f 16/331/16 199/333/199 200/334/200 
f 199/372/199 15/57/15 83/137/83 
f 15/57/15 63/138/63 83/137/83 
f 15/57/15 24/60/24 63/138/63 
f 24/24/24 64/110/64 63/109/63 
f 24/24/24 23/23/23 64/110/64 
f 23/35/23 81/134/81 64/133/64 
f 64/133/64 81/134/81 82/135/82 
f 23/35/23 34/34/34 81/134/81 
f 33/33/33 34/34/34 23/35/23 
f 33/33/33 23/35/23 22/36/22 
f 14/61/14 33/62/33 22/63/22 
f 14/61/14 22/63/22 21/64/21 
f 15/57/15 14/58/14 21/59/21 
f 15/57/15 21/59/21 24/60/24 
f 21/21/21 23/23/23 24/24/24 
f 21/21/21 22/22/22 23/23/23 
f 13/13/13 14/14/14 15/15/15 
f 124/217/124 123/218/123 141/219/141 
f 124/217/124 141/219/141 142/220/142 
f 124/217/124 142/220/142 36/40/36 
f 121/193/121 123/195/123 124/196/124 
f 121/193/121 122/194/122 123/195/123 
f 143/221/143 122/223/122 121/224/121 
f 143/221/143 144/222/144 122/223/122 
f 144/222/144 143/221/143 179/279/179 
f 144/222/144 179/279/179 180/280/180 
f 179/279/179 143/221/143 173/340/173 
# mm_gid 2
g mmGroup2
usemtl 12281_container
f 201/373/201 202/374/202 203/375/203 
f 201/373/201 203/375/203 364/676/364 
f 201/373/201 364/676/364 291/673/291 
f 221/435/221 201/373/201 291/673/291 
f 221/435/221 291/673/291 290/674/290 
f 222/669/222 221/670/221 290/671/290 
f 222/669/222 290/671/290 289/672/289 
f 288/523/288 222/460/222 289/667/289 
f 288/523/288 289/667/289 292/668/292 
f 345/605/345 288/523/288 292/668/292 
f 345/605/345 292/668/292 363/666/363 
f 361/621/361 345/605/345 363/666/363 
f 361/621/361 363/666/363 348/665/348 
f 362/622/362 361/621/361 348/665/348 
f 362/622/362 348/665/348 347/663/347 
f 346/606/346 362/622/362 347/663/347 
f 346/606/346 347/663/347 360/664/360 
f 258/466/258 346/606/346 360/664/360 
f 258/466/258 360/664/360 293/661/293 
f 255/463/255 258/466/258 293/661/293 
f 255/463/255 293/661/293 296/662/296 
f 343/599/343 255/463/255 296/662/296 
f 343/599/343 296/662/296 371/660/371 
f 369/629/369 343/599/343 371/660/371 
f 369/629/369 371/660/371 352/659/352 
f 370/630/370 369/629/369 352/659/352 
f 370/630/370 352/659/352 351/657/351 
f 344/600/344 370/630/370 351/657/351 
f 344/600/344 351/657/351 368/658/368 
f 287/522/287 344/600/344 368/658/368 
f 287/522/287 368/658/368 259/655/259 
f 286/519/286 287/522/287 259/655/259 
f 286/519/286 259/655/259 262/656/262 
f 341/595/341 286/519/286 262/656/262 
f 341/595/341 262/656/262 375/654/375 
f 381/641/381 341/595/341 375/654/375 
f 381/641/381 375/654/375 358/653/358 
f 382/642/382 381/641/381 358/653/358 
f 382/642/382 358/653/358 357/651/357 
f 342/596/342 382/642/382 357/651/357 
f 342/596/342 357/651/357 380/652/380 
f 285/518/285 342/596/342 380/652/380 
f 285/518/285 380/652/380 299/649/299 
f 217/467/217 285/518/285 299/649/299 
f 217/467/217 299/649/299 298/650/298 
f 218/645/218 217/646/217 298/647/298 
f 218/645/218 298/647/298 297/648/297 
f 280/507/280 218/428/218 297/643/297 
f 280/507/280 297/643/297 300/644/300 
f 333/581/333 280/507/280 300/644/300 
f 333/581/333 300/644/300 379/690/379 
f 377/637/377 333/581/333 379/690/379 
f 377/637/377 379/690/379 356/689/356 
f 378/638/378 377/637/377 356/689/356 
f 378/638/378 356/689/356 355/687/355 
f 334/582/334 378/638/378 355/687/355 
f 334/582/334 355/687/355 376/688/376 
f 248/434/248 334/582/334 376/688/376 
f 248/434/248 376/688/376 261/685/261 
f 245/431/245 248/434/248 261/685/261 
f 245/431/245 261/685/261 260/686/260 
f 331/575/331 245/431/245 260/686/260 
f 331/575/331 260/686/260 367/684/367 
f 373/633/373 331/575/331 367/684/367 
f 373/633/373 367/684/367 354/683/354 
f 374/634/374 373/633/373 354/683/354 
f 374/634/374 354/683/354 353/681/353 
f 332/576/332 374/634/374 353/681/353 
f 332/576/332 353/681/353 372/682/372 
f 279/506/279 332/576/332 372/682/372 
f 279/506/279 372/682/372 295/679/295 
f 205/377/205 279/506/279 295/679/295 
f 205/377/205 295/679/295 294/680/294 
f 206/378/206 205/377/205 294/680/294 
f 206/378/206 294/680/294 359/678/359 
f 365/625/365 206/378/206 359/678/359 
f 365/625/365 359/678/359 350/677/350 
f 366/626/366 365/625/365 350/677/350 
f 366/626/366 350/677/350 349/675/349 
f 203/375/203 366/626/366 349/675/349 
f 203/375/203 349/675/349 364/676/364 
f 363/623/363 364/624/364 349/609/349 
f 363/623/363 349/609/349 348/608/348 
f 347/607/347 348/608/348 349/609/349 
f 347/607/347 349/609/349 350/610/350 
f 359/619/359 347/607/347 350/610/350 
f 359/619/359 360/620/360 347/607/347 
f 359/619/359 293/529/293 360/620/360 
f 359/619/359 294/530/294 293/529/293 
f 293/529/293 294/530/294 295/531/295 
f 293/529/293 295/531/295 296/532/296 
f 371/631/371 296/532/296 295/531/295 
f 371/631/371 295/531/295 372/632/372 
f 371/631/371 372/632/372 353/613/353 
f 371/631/371 353/613/353 352/612/352 
f 351/611/351 352/612/352 353/613/353 
f 351/611/351 353/613/353 354/614/354 
f 367/627/367 351/611/351 354/614/354 
f 367/627/367 368/628/368 351/611/351 
f 367/627/367 259/692/259 368/628/368 
f 367/627/367 260/691/260 259/692/259 
f 259/475/259 260/476/260 261/477/261 
f 259/475/259 261/477/261 262/478/262 
f 375/635/375 262/693/262 261/694/261 
f 375/635/375 261/694/261 376/636/376 
f 375/635/375 376/636/376 355/615/355 
f 375/635/375 355/615/355 358/618/358 
f 355/615/355 357/617/357 358/618/358 
f 355/615/355 356/616/356 357/617/357 
f 379/639/379 357/617/357 356/616/356 
f 379/639/379 380/640/380 357/617/357 
f 379/639/379 299/535/299 380/640/380 
f 379/639/379 300/536/300 299/535/299 
f 297/533/297 299/535/299 300/536/300 
f 297/533/297 298/534/298 299/535/299 
f 363/623/363 291/527/291 364/624/364 
f 363/623/363 292/528/292 291/527/291 
f 289/525/289 291/527/291 292/528/292 
f 289/525/289 290/526/290 291/527/291 
f 202/374/202 366/626/366 203/375/203 
f 202/374/202 365/625/365 366/626/366 
f 202/374/202 206/378/206 365/625/365 
f 202/374/202 204/376/204 206/378/206 
f 204/376/204 205/377/205 206/378/206 
f 205/377/205 204/376/204 309/574/309 
f 205/377/205 309/574/309 209/504/209 
f 205/377/205 209/504/209 208/505/208 
f 205/377/205 208/505/208 279/506/279 
f 332/576/332 279/506/279 208/505/208 
f 332/576/332 208/505/208 308/577/308 
f 331/575/331 332/576/332 308/577/308 
f 331/575/331 308/577/308 307/578/307 
f 245/431/245 331/575/331 307/578/307 
f 245/431/245 307/578/307 246/432/246 
f 245/431/245 246/432/246 247/433/247 
f 245/431/245 247/433/247 248/434/248 
f 247/433/247 334/582/334 248/434/248 
f 247/433/247 304/579/304 334/582/334 
f 304/579/304 333/581/333 334/582/334 
f 334/582/334 333/581/333 377/637/377 
f 334/582/334 377/637/377 378/638/378 
f 304/579/304 303/580/303 333/581/333 
f 303/580/303 280/507/280 333/581/333 
f 303/580/303 263/508/263 280/507/280 
f 225/429/225 280/507/280 263/508/263 
f 226/398/226 225/397/225 263/479/263 
f 226/398/226 263/479/263 264/480/264 
f 243/419/243 226/422/226 264/495/264 
f 243/419/243 264/495/264 275/496/275 
f 326/562/326 275/496/275 264/495/264 
f 326/562/326 264/495/264 302/563/302 
f 325/561/325 326/562/326 302/563/302 
f 325/561/325 302/563/302 301/564/301 
f 276/497/276 325/561/325 301/564/301 
f 276/497/276 301/564/301 265/498/265 
f 276/497/276 265/498/265 266/499/266 
f 276/497/276 266/499/266 277/500/277 
f 328/566/328 277/500/277 266/499/266 
f 328/566/328 266/499/266 306/567/306 
f 327/565/327 328/566/328 306/567/306 
f 327/565/327 306/567/306 305/568/305 
f 241/415/241 327/565/327 305/568/305 
f 241/415/241 305/568/305 207/416/207 
f 241/415/241 207/416/207 210/417/210 
f 241/415/241 210/417/210 242/418/242 
f 210/417/210 330/572/330 242/418/242 
f 210/417/210 312/569/312 330/572/330 
f 312/569/312 329/571/329 330/572/330 
f 312/569/312 311/570/311 329/571/329 
f 311/570/311 278/501/278 329/571/329 
f 311/570/311 267/502/267 278/501/278 
f 229/413/229 278/501/278 267/502/267 
f 230/402/230 229/401/229 267/485/267 
f 230/402/230 267/485/267 268/486/268 
f 221/435/221 230/438/230 268/503/268 
f 221/435/221 268/503/268 201/373/201 
f 202/374/202 201/373/201 268/503/268 
f 202/374/202 268/503/268 310/573/310 
f 204/376/204 202/374/202 310/573/310 
f 204/376/204 310/573/310 309/574/309 
f 309/545/309 310/546/310 311/547/311 
f 309/545/309 311/547/311 312/548/312 
f 209/381/209 309/545/309 312/548/312 
f 209/381/209 312/548/312 210/382/210 
f 207/379/207 209/381/209 210/382/210 
f 207/379/207 208/380/208 209/381/209 
f 207/379/207 308/544/308 208/380/208 
f 207/379/207 305/541/305 308/544/308 
f 305/541/305 307/543/307 308/544/308 
f 305/541/305 306/542/306 307/543/307 
f 306/542/306 246/483/246 307/543/307 
f 306/542/306 266/484/266 246/483/246 
f 265/481/265 246/483/246 266/484/266 
f 265/481/265 247/482/247 246/483/246 
f 265/481/265 304/540/304 247/482/247 
f 265/481/265 301/537/301 304/540/304 
f 301/537/301 303/539/303 304/540/304 
f 301/537/301 302/538/302 303/539/303 
f 302/538/302 263/479/263 303/539/303 
f 302/538/302 264/480/264 263/479/263 
f 310/546/310 267/485/267 311/547/311 
f 310/546/310 268/486/268 267/485/267 
f 221/435/221 227/437/227 230/438/230 
f 227/399/227 229/401/229 230/402/230 
f 227/399/227 228/400/228 229/401/229 
f 239/411/239 229/413/229 228/414/228 
f 220/439/220 239/440/239 228/441/228 
f 220/439/220 228/441/228 227/442/227 
f 221/435/221 220/436/220 227/437/227 
f 219/391/219 220/392/220 221/393/221 
f 219/391/219 221/393/221 222/394/222 
f 219/459/219 222/460/222 233/461/233 
f 219/459/219 233/461/233 232/462/232 
f 254/455/254 219/456/219 232/457/232 
f 254/455/254 232/457/232 231/458/231 
f 253/451/253 254/452/254 231/453/231 
f 253/451/253 231/453/231 234/454/234 
f 253/451/253 234/454/234 270/509/270 
f 253/451/253 270/509/270 281/510/281 
f 336/584/336 281/510/281 270/509/270 
f 336/584/336 270/509/270 314/585/314 
f 335/583/335 336/584/336 314/585/314 
f 335/583/335 314/585/314 313/586/313 
f 282/511/282 335/583/335 313/586/313 
f 282/511/282 313/586/313 271/512/271 
f 282/511/282 271/512/271 272/513/272 
f 282/511/282 272/513/272 283/514/283 
f 338/588/338 283/514/283 272/513/272 
f 338/588/338 272/513/272 318/589/318 
f 337/587/337 338/588/338 318/589/318 
f 337/587/337 318/589/318 317/590/317 
f 251/447/251 337/587/337 317/590/317 
f 251/447/251 317/590/317 211/448/211 
f 251/447/251 211/448/211 214/449/214 
f 251/447/251 214/449/214 252/450/252 
f 214/449/214 340/594/340 252/450/252 
f 214/449/214 324/591/324 340/594/340 
f 324/591/324 339/593/339 340/594/340 
f 324/591/324 323/592/323 339/593/339 
f 323/592/323 284/515/284 339/593/339 
f 323/592/323 273/516/273 284/515/284 
f 237/445/237 284/515/284 273/516/273 
f 238/410/238 237/409/237 273/493/273 
f 238/410/238 273/493/273 274/494/274 
f 217/467/217 238/470/238 274/517/274 
f 217/467/217 274/517/274 285/518/285 
f 342/596/342 285/518/285 274/517/274 
f 342/596/342 274/517/274 322/597/322 
f 341/595/341 342/596/342 322/597/322 
f 341/595/341 322/597/322 321/598/321 
f 286/519/286 341/595/341 321/598/321 
f 286/519/286 321/598/321 213/520/213 
f 286/519/286 213/520/213 212/521/212 
f 286/519/286 212/521/212 287/522/287 
f 344/600/344 287/522/287 212/521/212 
f 344/600/344 212/521/212 320/601/320 
f 343/599/343 344/600/344 320/601/320 
f 343/599/343 320/601/320 319/602/319 
f 255/463/255 343/599/343 319/602/319 
f 255/463/255 319/602/319 256/464/256 
f 255/463/255 256/464/256 257/465/257 
f 255/463/255 257/465/257 258/466/258 
f 257/465/257 346/606/346 258/466/258 
f 257/465/257 316/603/316 346/606/346 
f 316/603/316 345/605/345 346/606/346 
f 346/606/346 345/605/345 361/621/361 
f 346/606/346 361/621/361 362/622/362 
f 316/603/316 315/604/315 345/605/345 
f 315/604/315 288/523/288 345/605/345 
f 315/604/315 269/524/269 288/523/288 
f 233/461/233 288/523/288 269/524/269 
f 234/406/234 233/405/233 269/487/269 
f 234/406/234 269/487/269 270/488/270 
f 314/550/314 270/488/270 269/487/269 
f 314/550/314 269/487/269 315/551/315 
f 313/549/313 314/550/314 315/551/315 
f 313/549/313 315/551/315 316/552/316 
f 271/489/271 313/549/313 316/552/316 
f 271/489/271 316/552/316 257/490/257 
f 271/489/271 257/490/257 256/491/256 
f 271/489/271 256/491/256 272/492/272 
f 318/554/318 272/492/272 256/491/256 
f 318/554/318 256/491/256 319/555/319 
f 317/553/317 318/554/318 319/555/319 
f 317/553/317 319/555/319 320/556/320 
f 211/383/211 317/553/317 320/556/320 
f 211/383/211 320/556/320 212/384/212 
f 211/383/211 212/384/212 213/385/213 
f 211/383/211 213/385/213 214/386/214 
f 213/385/213 324/560/324 214/386/214 
f 213/385/213 321/557/321 324/560/324 
f 321/557/321 323/559/323 324/560/324 
f 321/557/321 322/558/322 323/559/323 
f 322/558/322 273/493/273 323/559/323 
f 322/558/322 274/494/274 273/493/273 
f 231/403/231 233/405/233 234/406/234 
f 231/403/231 232/404/232 233/405/233 
f 233/461/233 222/460/222 288/523/288 
f 344/600/344 343/599/343 369/629/369 
f 344/600/344 369/629/369 370/630/370 
f 342/596/342 341/595/341 381/641/381 
f 342/596/342 381/641/381 382/642/382 
f 217/467/217 235/469/235 238/470/238 
f 235/407/235 237/409/237 238/410/238 
f 235/407/235 236/408/236 237/409/237 
f 249/443/249 237/445/237 236/446/236 
f 216/471/216 249/472/249 236/473/236 
f 216/471/216 236/473/236 235/474/235 
f 217/467/217 216/468/216 235/469/235 
f 215/387/215 216/388/216 217/389/217 
f 215/387/215 217/389/217 218/390/218 
f 215/427/215 218/428/218 225/429/225 
f 215/427/215 225/429/225 224/430/224 
f 244/423/244 215/424/215 224/425/224 
f 244/423/244 224/425/224 223/426/223 
f 243/419/243 244/420/244 223/421/223 
f 243/419/243 223/421/223 226/422/226 
f 223/395/223 225/397/225 226/398/226 
f 223/395/223 224/396/224 225/397/225 
f 225/429/225 218/428/218 280/507/280 
f 249/443/249 250/444/250 237/445/237 
f 237/445/237 250/444/250 284/515/284 
f 239/411/239 240/412/240 229/413/229 
f 229/413/229 240/412/240 278/501/278 
f 332/576/332 331/575/331 373/633/373 
f 332/576/332 373/633/373 374/634/374 
# mm_gid 4
g mmGroup4
usemtl 12281_container
f 383/695/383 384/696/384 385/697/385 
f 383/695/383 385/697/385 386/698/386 
f 387/699/387 388/700/388 389/701/389 
f 387/699/387 389/701/389 390/702/390 
f 391/703/391 392/704/392 393/705/393 
f 391/703/391 393/705/393 394/706/394 
f 395/707/395 396/708/396 397/709/397 
f 395/707/395 397/709/397 398/710/398 
f 399/711/399 400/712/400 401/713/401 
f 399/711/399 401/713/401 402/714/402 
f 403/715/403 404/716/404 405/717/405 
f 403/715/403 405/717/405 406/718/406 
f 407/719/407 408/720/408 409/721/409 
f 407/719/407 409/721/409 410/722/410 
f 411/723/411 412/724/412 413/725/413 
f 411/723/411 413/725/413 414/726/414 
f 415/727/415 416/728/416 417/729/417 
f 415/727/415 417/729/417 418/730/418 
f 419/731/419 420/732/420 421/733/421 
f 419/731/419 421/733/421 422/734/422 
f 423/735/423 424/736/424 425/737/425 
f 423/735/423 425/737/425 426/738/426 
f 427/739/427 428/740/428 429/741/429 
f 427/739/427 429/741/429 430/742/430 
f 431/743/431 432/744/432 433/745/433 
f 431/743/431 433/745/433 434/746/434 
f 435/747/435 436/748/436 437/749/437 
f 435/747/435 437/749/437 438/750/438 
f 439/751/439 440/752/440 441/753/441 
f 439/751/439 441/753/441 442/754/442 
f 443/755/443 444/756/444 445/757/445 
f 443/755/443 445/757/445 446/758/446 
f 447/759/447 448/760/448 449/761/449 
f 447/759/447 449/761/449 450/762/450 
f 451/763/451 452/764/452 453/765/453 
f 451/763/451 453/765/453 454/766/454 
f 455/767/455 456/768/456 457/769/457 
f 455/767/455 457/769/457 458/770/458 
f 459/771/459 460/772/460 461/773/461 
f 459/771/459 461/773/461 462/774/462 
f 463/775/463 464/776/464 465/777/465 
f 463/775/463 465/777/465 466/778/466 
f 467/779/467 468/780/468 469/781/469 
f 467/779/467 469/781/469 470/782/470 
f 471/783/471 472/784/472 473/785/473 
f 471/783/471 473/785/473 474/786/474 
f 475/787/475 476/788/476 477/789/477 
f 475/787/475 477/789/477 478/790/478 
f 479/791/479 480/792/480 481/793/481 
f 479/791/479 481/793/481 482/794/482 
f 483/795/483 484/796/484 485/797/485 
f 483/795/483 485/797/485 486/798/486 
f 487/799/487 488/800/488 489/801/489 
f 487/799/487 489/801/489 490/802/490 
f 491/803/491 492/804/492 493/805/493 
f 491/803/491 493/805/493 494/806/494 
f 495/807/495 496/808/496 497/809/497 
f 495/807/495 497/809/497 498/810/498 
f 499/811/499 500/812/500 501/813/501 
f 499/811/499 501/813/501 502/814/502 
f 503/815/503 504/816/504 505/817/505 
f 503/815/503 505/817/505 506/818/506 
f 507/819/507 508/820/508 509/821/509 
f 507/819/507 509/821/509 510/822/510 
f 511/823/511 512/824/512 513/825/513 
f 511/823/511 513/825/513 514/826/514 
f 515/827/515 516/828/516 517/829/517 
f 515/827/515 517/829/517 518/830/518 
f 519/831/519 520/832/520 521/833/521 
f 519/831/519 521/833/521 522/834/522 
f 523/835/523 524/836/524 525/837/525 
f 523/835/523 525/837/525 526/838/526 
f 527/839/527 528/840/528 529/841/529 
f 527/839/527 529/841/529 530/842/530 
f 531/843/531 532/844/532 533/845/533 
f 531/843/531 533/845/533 534/846/534 
f 535/847/535 536/848/536 537/849/537 
f 535/847/535 537/849/537 538/850/538 
f 539/851/539 540/852/540 541/853/541 
f 539/851/539 541/853/541 542/854/542 
f 543/855/543 544/856/544 545/857/545 
f 543/855/543 545/857/545 546/858/546 
f 547/859/547 548/860/548 549/861/549 
f 547/859/547 549/861/549 550/862/550 
f 551/863/551 552/864/552 553/865/553 
f 551/863/551 553/865/553 554/866/554 
f 555/867/555 556/868/556 557/869/557 
f 555/867/555 557/869/557 558/870/558 
f 559/871/559 560/872/560 561/873/561 
f 559/871/559 561/873/561 562/874/562 
f 563/875/563 564/876/564 565/877/565 
f 563/875/563 565/877/565 566/878/566 
f 567/879/567 568/880/568 569/881/569 
f 567/879/567 569/881/569 570/882/570 
f 571/883/571 572/884/572 573/885/573 
f 571/883/571 573/885/573 574/886/574 
f 575/887/575 576/888/576 577/889/577 
f 575/887/575 577/889/577 578/890/578 
f 579/891/579 580/892/580 581/893/581 
f 579/891/579 581/893/581 582/894/582 
f 583/895/583 584/896/584 585/897/585 
f 583/895/583 585/897/585 586/898/586 
f 587/899/587 588/900/588 589/901/589 
f 587/899/587 589/901/589 590/902/590 
f 591/903/591 592/904/592 593/905/593 
f 591/903/591 593/905/593 594/906/594 
f 595/907/595 596/908/596 597/909/597 
f 595/907/595 597/909/597 598/910/598 
f 599/911/599 600/912/600 601/913/601 
f 599/911/599 601/913/601 602/914/602 
f 603/915/603 604/916/604 605/917/605 
f 603/915/603 605/917/605 606/918/606 
f 607/919/607 608/920/608 609/921/609 
f 607/919/607 609/921/609 610/922/610 
f 611/923/611 612/924/612 613/925/613 
f 611/923/611 613/925/613 614/926/614 
f 615/927/615 616/928/616 617/929/617 
f 615/927/615 617/929/617 618/930/618 
f 619/931/619 620/932/620 621/933/621 
f 619/931/619 621/933/621 622/934/622 
f 623/935/623 624/936/624 625/937/625 
f 623/935/623 625/937/625 626/938/626 
f 627/939/627 628/940/628 629/941/629 
f 627/939/627 629/941/629 630/942/630 
f 631/943/631 632/944/632 633/945/633 
f 631/943/631 633/945/633 634/946/634 
f 635/947/635 636/948/636 637/949/637 
f 635/947/635 637/949/637 638/950/638 
f 639/951/639 640/952/640 641/953/641 
f 639/951/639 641/953/641 642/954/642 
f 643/955/643 644/956/644 645/957/645 
f 643/955/643 645/957/645 646/958/646 
f 647/959/647 648/960/648 649/961/649 
f 647/959/647 649/961/649 650/962/650 
f 587/899/587 651/963/651 652/964/652 
f 587/899/587 652/964/652 588/900/588 
f 523/835/523 653/965/653 654/966/654 
f 523/835/523 654/966/654 524/836/524 
f 531/843/531 451/763/451 454/766/454 
f 531/843/531 454/766/454 532/844/532 
f 539/851/539 455/967/455 458/968/458 
f 539/851/539 458/968/458 540/852/540 
f 547/859/547 459/771/459 462/774/462 
f 547/859/547 462/774/462 548/860/548 
f 555/867/555 463/775/463 466/778/466 
f 555/867/555 466/778/466 556/868/556 
f 563/875/563 467/779/467 470/782/470 
f 563/875/563 470/782/470 564/876/564 
f 571/883/571 471/783/471 474/786/474 
f 571/883/571 474/786/474 572/884/572 
f 579/891/579 475/787/475 478/790/478 
f 579/891/579 478/790/478 580/892/580 
f 515/827/515 479/791/479 482/794/482 
f 515/827/515 482/794/482 516/828/516 
f 599/911/599 483/795/483 486/798/486 
f 599/911/599 486/798/486 600/912/600 
f 607/919/607 487/799/487 490/802/490 
f 607/919/607 490/802/490 608/920/608 
f 615/927/615 491/803/491 494/806/494 
f 615/927/615 494/806/494 616/928/616 
f 623/935/623 495/807/495 498/810/498 
f 623/935/623 498/810/498 624/936/624 
f 631/943/631 499/811/499 502/814/502 
f 631/943/631 502/814/502 632/944/632 
f 639/951/639 503/815/503 506/818/506 
f 639/951/639 506/818/506 640/952/640 
f 647/959/647 507/819/507 510/822/510 
f 647/959/647 510/822/510 648/960/648 
f 519/831/519 511/823/511 514/826/514 
f 519/831/519 514/826/514 520/832/520 
f 527/839/527 453/765/453 452/764/452 
f 527/839/527 452/764/452 528/840/528 
f 535/847/535 457/769/457 456/768/456 
f 535/847/535 456/768/456 536/848/536 
f 543/855/543 461/773/461 460/772/460 
f 543/855/543 460/772/460 544/856/544 
f 551/863/551 465/777/465 464/776/464 
f 551/863/551 464/776/464 552/864/552 
f 559/871/559 469/969/469 468/970/468 
f 559/871/559 468/970/468 560/872/560 
f 567/879/567 473/785/473 472/784/472 
f 567/879/567 472/784/472 568/880/568 
f 575/887/575 477/789/477 476/788/476 
f 575/887/575 476/788/476 576/888/576 
f 583/895/583 481/793/481 480/792/480 
f 583/895/583 480/792/480 584/896/584 
f 591/903/591 485/797/485 484/796/484 
f 591/903/591 484/796/484 592/904/592 
f 595/907/595 489/801/489 488/800/488 
f 595/907/595 488/800/488 596/908/596 
f 603/915/603 493/805/493 492/804/492 
f 603/915/603 492/804/492 604/916/604 
f 611/923/611 497/809/497 496/808/496 
f 611/923/611 496/808/496 612/924/612 
f 619/931/619 501/813/501 500/812/500 
f 619/931/619 500/812/500 620/932/620 
f 627/939/627 505/817/505 504/816/504 
f 627/939/627 504/816/504 628/940/628 
f 635/947/635 509/821/509 508/820/508 
f 635/947/635 508/820/508 636/948/636 
f 643/955/643 513/825/513 512/824/512 
f 643/955/643 512/824/512 644/956/644 
f 383/695/383 518/830/518 517/829/517 
f 383/695/383 517/829/517 384/696/384 
f 385/697/385 522/834/522 521/833/521 
f 385/697/385 521/833/521 386/698/386 
f 387/699/387 526/838/526 525/837/525 
f 387/699/387 525/837/525 388/700/388 
f 389/701/389 530/842/530 529/841/529 
f 389/701/389 529/841/529 390/702/390 
f 391/703/391 534/846/534 533/845/533 
f 391/703/391 533/845/533 392/704/392 
f 393/705/393 538/850/538 537/849/537 
f 393/705/393 537/849/537 394/706/394 
f 395/971/395 542/854/542 541/853/541 
f 395/971/395 541/853/541 396/972/396 
f 397/709/397 546/858/546 545/857/545 
f 397/709/397 545/857/545 398/710/398 
f 399/711/399 550/862/550 549/861/549 
f 399/711/399 549/861/549 400/712/400 
f 401/713/401 554/866/554 553/865/553 
f 401/713/401 553/865/553 402/714/402 
f 403/715/403 558/870/558 557/869/557 
f 403/715/403 557/869/557 404/716/404 
f 405/973/405 562/874/562 561/873/561 
f 405/973/405 561/873/561 406/974/406 
f 407/719/407 566/878/566 565/877/565 
f 407/719/407 565/877/565 408/720/408 
f 409/721/409 570/882/570 569/881/569 
f 409/721/409 569/881/569 410/722/410 
f 411/723/411 574/886/574 573/885/573 
f 411/723/411 573/885/573 412/724/412 
f 413/725/413 578/890/578 577/889/577 
f 413/725/413 577/889/577 414/726/414 
f 415/727/415 582/894/582 581/893/581 
f 415/727/415 581/893/581 416/728/416 
f 417/729/417 586/898/586 585/897/585 
f 417/729/417 585/897/585 418/730/418 
f 419/731/419 590/902/590 589/901/589 
f 419/731/419 589/901/589 420/732/420 
f 421/733/421 594/906/594 593/905/593 
f 421/733/421 593/905/593 422/734/422 
f 425/737/425 598/910/598 597/909/597 
f 425/737/425 597/909/597 426/738/426 
f 423/735/423 602/914/602 601/913/601 
f 423/735/423 601/913/601 424/736/424 
f 429/741/429 606/918/606 605/917/605 
f 429/741/429 605/917/605 430/742/430 
f 427/739/427 610/922/610 609/921/609 
f 427/739/427 609/921/609 428/740/428 
f 433/745/433 614/926/614 613/925/613 
f 433/745/433 613/925/613 434/746/434 
f 431/743/431 618/930/618 617/929/617 
f 431/743/431 617/929/617 432/744/432 
f 437/749/437 622/934/622 621/933/621 
f 437/749/437 621/933/621 438/750/438 
f 435/747/435 626/938/626 625/937/625 
f 435/747/435 625/937/625 436/748/436 
f 441/753/441 630/942/630 629/941/629 
f 441/753/441 629/941/629 442/754/442 
f 439/751/439 634/946/634 633/945/633 
f 439/751/439 633/945/633 440/752/440 
f 445/757/445 638/950/638 637/949/637 
f 445/757/445 637/949/637 446/758/446 
f 443/755/443 642/954/642 641/953/641 
f 443/755/443 641/953/641 444/756/444 
f 449/761/449 646/958/646 645/957/645 
f 449/761/449 645/957/645 450/762/450 
f 447/759/447 650/962/650 649/961/649 
f 447/759/447 649/961/649 448/760/448 
# mm_gid 181
g mmGroup181
usemtl 12281_container
f 655/975/655 656/976/656 657/977/657 
f 655/975/655 657/977/657 658/978/658 
f 690/1039/690 655/1041/655 658/1042/658 
f 705/1111/705 690/1039/690 658/1042/658 
f 705/1111/705 658/1042/658 671/1112/671 
f 697/1056/697 705/1105/705 671/1106/671 
f 697/1056/697 671/1106/671 663/1057/663 
f 698/1055/698 697/1056/697 663/1057/663 
f 698/1055/698 663/1057/663 666/1058/666 
f 716/1103/716 698/1055/698 666/1058/666 
f 716/1103/716 666/1058/666 684/1104/684 
f 693/1048/693 716/1117/716 684/1118/684 
f 693/1048/693 684/1118/684 659/1049/659 
f 694/1047/694 693/1048/693 659/1049/659 
f 694/1047/694 659/1049/659 662/1050/662 
f 713/1115/713 694/1047/694 662/1050/662 
f 713/1115/713 662/1050/662 679/1116/679 
f 701/1064/701 713/1109/713 679/1110/679 
f 701/1064/701 679/1110/679 667/1065/667 
f 702/1063/702 701/1064/701 667/1065/667 
f 702/1063/702 667/1065/667 670/1066/670 
f 708/1107/708 702/1063/702 670/1066/670 
f 708/1107/708 670/1066/670 676/1108/676 
f 689/1040/689 708/1113/708 676/1114/676 
f 689/1040/689 676/1114/676 655/1041/655 
f 690/1039/690 689/1040/689 655/1041/655 
f 687/1007/687 689/1009/689 690/1010/690 
f 704/1024/704 687/1007/687 690/1010/690 
f 704/1024/704 690/1010/690 705/1025/705 
f 703/1023/703 704/1024/704 705/1025/705 
f 703/1023/703 705/1025/705 706/1026/706 
f 703/1071/703 706/1072/706 674/1073/674 
f 703/1071/703 674/1073/674 673/1074/673 
f 704/1075/704 703/1076/703 673/1077/673 
f 704/1075/704 673/1077/673 672/1078/672 
f 687/1044/687 704/1075/704 672/1078/672 
f 687/1044/687 672/1078/672 657/1045/657 
f 688/1043/688 687/1044/687 657/1045/657 
f 688/1043/688 657/1045/657 656/1046/656 
f 709/1084/709 688/1043/688 656/1046/656 
f 709/1084/709 656/1046/656 675/1085/675 
f 710/1083/710 709/1084/709 675/1085/675 
f 710/1083/710 675/1085/675 678/1086/678 
f 707/1079/707 710/1080/710 678/1081/678 
f 707/1079/707 678/1081/678 677/1082/677 
f 699/1068/699 707/1079/707 677/1082/677 
f 699/1068/699 677/1082/677 669/1069/669 
f 700/1067/700 699/1068/699 669/1069/669 
f 700/1067/700 669/1069/669 668/1070/668 
f 714/1088/714 700/1067/700 668/1070/668 
f 714/1088/714 668/1070/668 682/1089/682 
f 711/1087/711 714/1088/714 682/1089/682 
f 711/1087/711 682/1089/682 681/1090/681 
f 712/1091/712 711/1092/711 681/1093/681 
f 712/1091/712 681/1093/681 680/1094/680 
f 691/1052/691 712/1091/712 680/1094/680 
f 691/1052/691 680/1094/680 661/1053/661 
f 692/1051/692 691/1052/691 661/1053/661 
f 692/1051/692 661/1053/661 660/1054/660 
f 717/1100/717 692/1051/692 660/1054/660 
f 717/1100/717 660/1054/660 683/1101/683 
f 718/1099/718 717/1100/717 683/1101/683 
f 718/1099/718 683/1101/683 686/1102/686 
f 715/1095/715 718/1096/718 686/1097/686 
f 715/1095/715 686/1097/686 685/1098/685 
f 695/1060/695 715/1095/715 685/1098/685 
f 695/1060/695 685/1098/685 665/1061/665 
f 696/1059/696 695/1060/695 665/1061/665 
f 696/1059/696 665/1061/665 664/1062/664 
f 706/1072/706 696/1059/696 664/1062/664 
f 706/1072/706 664/1062/664 674/1073/674 
f 664/984/664 671/991/671 674/994/674 
f 671/991/671 673/993/673 674/994/674 
f 671/991/671 672/992/672 673/993/673 
f 658/978/658 672/992/672 671/991/671 
f 658/978/658 657/977/657 672/992/672 
f 664/984/664 663/983/663 671/991/671 
f 663/983/663 664/984/664 665/985/665 
f 663/983/663 665/985/665 666/986/666 
f 666/986/666 665/985/665 685/1005/685 
f 666/986/666 685/1005/685 684/1004/684 
f 683/1003/683 684/1004/684 685/1005/685 
f 683/1003/683 685/1005/685 686/1006/686 
f 660/980/660 684/1004/684 683/1003/683 
f 660/980/660 659/979/659 684/1004/684 
f 659/979/659 660/980/660 661/981/661 
f 659/979/659 661/981/661 662/982/662 
f 662/982/662 661/981/661 680/1000/680 
f 662/982/662 680/1000/680 679/999/679 
f 679/999/679 680/1000/680 681/1001/681 
f 679/999/679 681/1001/681 682/1002/682 
f 668/988/668 679/999/679 682/1002/682 
f 668/988/668 667/987/667 679/999/679 
f 667/987/667 668/988/668 669/989/669 
f 667/987/667 669/989/669 670/990/670 
f 670/990/670 669/989/669 677/997/677 
f 670/990/670 677/997/677 676/996/676 
f 675/995/675 676/996/676 677/997/677 
f 675/995/675 677/997/677 678/998/678 
f 656/976/656 676/996/676 675/995/675 
f 656/976/656 655/975/655 676/996/676 
f 705/1025/705 696/1016/696 706/1026/706 
f 705/1025/705 697/1017/697 696/1016/696 
f 695/1015/695 696/1016/696 697/1017/697 
f 695/1015/695 697/1017/697 698/1018/698 
f 715/1035/715 695/1015/695 698/1018/698 
f 715/1035/715 698/1018/698 716/1036/716 
f 715/1035/715 716/1036/716 717/1037/717 
f 715/1035/715 717/1037/717 718/1038/718 
f 716/1036/716 692/1012/692 717/1037/717 
f 716/1036/716 693/1013/693 692/1012/692 
f 691/1011/691 692/1012/692 693/1013/693 
f 691/1011/691 693/1013/693 694/1014/694 
f 712/1032/712 691/1011/691 694/1014/694 
f 712/1032/712 694/1014/694 713/1033/713 
f 711/1031/711 712/1032/712 713/1033/713 
f 711/1031/711 713/1033/713 714/1034/714 
f 713/1033/713 700/1020/700 714/1034/714 
f 713/1033/713 701/1021/701 700/1020/700 
f 699/1019/699 700/1020/700 701/1021/701 
f 699/1019/699 701/1021/701 702/1022/702 
f 707/1027/707 699/1019/699 702/1022/702 
f 707/1027/707 702/1022/702 708/1028/708 
f 707/1027/707 708/1028/708 709/1029/709 
f 707/1027/707 709/1029/709 710/1030/710 
f 708/1028/708 688/1008/688 709/1029/709 
f 708/1028/708 689/1009/689 688/1008/688 
f 687/1007/687 688/1008/688 689/1009/689 
# mm_gid 183
g mmGroup183
usemtl 12281_container
f 719/1119/719 720/1120/720 721/1121/721 
f 719/1119/719 721/1121/721 722/1122/722 
f 724/1131/724 719/1132/719 722/1133/722 
f 724/1131/724 722/1133/722 725/1134/725 
f 723/1123/723 724/1124/724 725/1125/725 
f 723/1123/723 725/1125/725 726/1126/726 
f 726/1143/726 734/1145/734 723/1146/723 
f 734/1145/734 746/1201/746 723/1146/723 
f 723/1123/723 746/1158/746 745/1157/745 
f 723/1123/723 745/1157/745 724/1124/724 
f 724/1131/724 745/1174/745 738/1173/738 
f 724/1131/724 738/1173/738 719/1132/719 
f 719/1119/719 738/1150/738 769/1207/769 
f 719/1119/719 769/1207/769 767/1208/767 
f 720/1203/720 719/1204/719 767/1205/767 
f 720/1203/720 767/1205/767 768/1206/768 
f 737/1186/737 720/1137/720 768/1213/768 
f 737/1186/737 768/1213/768 770/1214/770 
f 738/1209/738 737/1210/737 770/1211/770 
f 738/1209/738 770/1211/770 769/1212/769 
f 769/1212/769 770/1211/770 778/1233/778 
f 769/1212/769 778/1233/778 777/1234/777 
f 767/1229/767 769/1230/769 777/1231/777 
f 767/1229/767 777/1231/777 775/1232/775 
f 768/1206/768 767/1205/767 775/1227/775 
f 768/1206/768 775/1227/775 776/1228/776 
f 770/1214/770 768/1213/768 776/1235/776 
f 770/1214/770 776/1235/776 778/1236/778 
f 777/1259/777 778/1260/778 776/1261/776 
f 777/1259/777 776/1261/776 775/1262/775 
f 735/1147/735 737/1149/737 738/1150/738 
f 744/1171/744 735/1172/735 738/1173/738 
f 744/1171/744 738/1173/738 745/1174/745 
f 743/1155/743 744/1156/744 745/1157/745 
f 743/1155/743 745/1157/745 746/1158/746 
f 765/1199/765 743/1200/743 746/1201/746 
f 765/1199/765 746/1201/746 766/1202/766 
f 734/1145/734 766/1202/766 746/1201/746 
f 735/1147/735 736/1148/736 737/1149/737 
f 736/1183/736 758/1185/758 737/1186/737 
f 720/1137/720 737/1186/737 758/1185/758 
f 720/1137/720 758/1185/758 729/1138/729 
f 728/1135/728 720/1137/720 729/1138/729 
f 727/1127/727 728/1128/728 729/1129/729 
f 727/1127/727 729/1129/729 730/1130/730 
f 730/1139/730 732/1141/732 727/1142/727 
f 732/1141/732 754/1193/754 727/1142/727 
f 727/1127/727 754/1166/754 753/1165/753 
f 727/1127/727 753/1165/753 728/1128/728 
f 728/1135/728 753/1182/753 742/1181/742 
f 728/1135/728 742/1181/742 721/1136/721 
f 728/1135/728 721/1136/721 720/1137/720 
f 721/1136/721 742/1181/742 773/1219/773 
f 721/1136/721 773/1219/773 771/1220/771 
f 722/1215/722 721/1216/721 771/1217/771 
f 722/1215/722 771/1217/771 772/1218/772 
f 741/1153/741 722/1122/722 772/1225/772 
f 741/1153/741 772/1225/772 774/1226/774 
f 742/1221/742 741/1222/741 774/1223/774 
f 742/1221/742 774/1223/774 773/1224/773 
f 773/1224/773 774/1223/774 782/1241/782 
f 773/1224/773 782/1241/782 781/1242/781 
f 771/1220/771 773/1219/773 781/1239/781 
f 771/1220/771 781/1239/781 779/1240/779 
f 772/1218/772 771/1217/771 779/1237/779 
f 772/1218/772 779/1237/779 780/1238/780 
f 774/1243/774 772/1244/772 780/1245/780 
f 774/1243/774 780/1245/780 782/1246/782 
f 781/1263/781 782/1264/782 780/1265/780 
f 781/1263/781 780/1265/780 779/1266/779 
f 739/1151/739 741/1153/741 742/1154/742 
f 752/1179/752 739/1180/739 742/1181/742 
f 752/1179/752 742/1181/742 753/1182/753 
f 751/1163/751 752/1164/752 753/1165/753 
f 751/1163/751 753/1165/753 754/1166/754 
f 761/1191/761 751/1192/751 754/1193/754 
f 761/1191/761 754/1193/754 762/1194/762 
f 761/1255/761 762/1256/762 787/1257/787 
f 761/1255/761 787/1257/787 788/1258/788 
f 762/1256/762 786/1254/786 787/1257/787 
f 762/1256/762 732/1251/732 786/1254/786 
f 732/1251/732 785/1253/785 786/1254/786 
f 732/1251/732 731/1252/731 785/1253/785 
f 731/1252/731 784/1250/784 785/1253/785 
f 731/1252/731 760/1247/760 784/1250/784 
f 760/1247/760 783/1249/783 784/1250/784 
f 760/1247/760 759/1248/759 783/1249/783 
f 756/1187/756 759/1188/759 760/1189/760 
f 756/1187/756 760/1189/760 757/1190/757 
f 755/1167/755 756/1168/756 757/1169/757 
f 755/1167/755 757/1169/757 758/1170/758 
f 736/1183/736 755/1184/755 758/1185/758 
f 729/1129/729 758/1170/758 757/1169/757 
f 729/1129/729 757/1169/757 730/1130/730 
f 730/1139/730 757/1190/757 760/1189/760 
f 730/1139/730 760/1189/760 731/1140/731 
f 730/1139/730 731/1140/731 732/1141/732 
f 732/1141/732 762/1194/762 754/1193/754 
f 739/1151/739 740/1152/740 741/1153/741 
f 740/1175/740 750/1177/750 741/1178/741 
f 722/1133/722 741/1178/741 750/1177/750 
f 722/1133/722 750/1177/750 725/1134/725 
f 725/1125/725 750/1162/750 749/1161/749 
f 725/1125/725 749/1161/749 726/1126/726 
f 726/1143/726 749/1198/749 764/1197/764 
f 726/1143/726 764/1197/764 733/1144/733 
f 726/1143/726 733/1144/733 734/1145/734 
f 748/1195/748 764/1197/764 749/1198/749 
f 747/1159/747 748/1160/748 749/1161/749 
f 747/1159/747 749/1161/749 750/1162/750 
f 740/1175/740 747/1176/747 750/1177/750 
f 748/1195/748 763/1196/763 764/1197/764 
# mm_gid 185
g mmGroup185
usemtl 12281_container
f 789/1267/789 790/1268/790 791/1269/791 
f 789/1267/789 791/1269/791 792/1270/792 
f 791/1269/791 923/1401/923 792/1270/792 
f 791/1269/791 924/1402/924 923/1401/923 
f 921/1399/921 923/1401/923 924/1402/924 
f 921/1399/921 922/1400/922 923/1401/923 
f 921/1399/921 920/1398/920 922/1400/922 
f 921/1399/921 917/1395/917 920/1398/920 
f 917/1395/917 919/1397/919 920/1398/920 
f 917/1395/917 918/1396/918 919/1397/919 
f 1053/1531/1053 919/1397/919 918/1396/918 
f 1053/1531/1053 918/1396/918 1054/1532/1054 
f 1053/1531/1053 1054/1532/1054 1055/1533/1055 
f 1053/1531/1053 1055/1533/1055 1056/1534/1056 
f 855/1333/855 1056/1534/1056 1055/1533/1055 
f 855/1333/855 1055/1533/1055 856/1334/856 
f 853/1331/853 855/1333/855 856/1334/856 
f 853/1331/853 854/1332/854 855/1333/855 
f 853/1331/853 1051/1529/1051 854/1332/854 
f 853/1331/853 1052/1530/1052 1051/1529/1051 
f 1049/1527/1049 1051/1529/1051 1052/1530/1052 
f 1049/1527/1049 1050/1528/1050 1051/1529/1051 
f 1049/1527/1049 916/1394/916 1050/1528/1050 
f 1049/1527/1049 913/1391/913 916/1394/916 
f 913/1391/913 915/1393/915 916/1394/916 
f 913/1391/913 914/1392/914 915/1393/915 
f 1045/1523/1045 915/1393/915 914/1392/914 
f 1045/1523/1045 914/1392/914 1046/1524/1046 
f 1045/1523/1045 1046/1524/1046 1047/1525/1047 
f 1045/1523/1045 1047/1525/1047 1048/1526/1048 
f 851/1329/851 1048/1526/1048 1047/1525/1047 
f 851/1329/851 1047/1525/1047 852/1330/852 
f 849/1327/849 851/1329/851 852/1330/852 
f 849/1327/849 850/1328/850 851/1329/851 
f 849/1327/849 1043/1521/1043 850/1328/850 
f 849/1327/849 1044/1522/1044 1043/1521/1043 
f 1041/1519/1041 1043/1521/1043 1044/1522/1044 
f 1041/1519/1041 1042/1520/1042 1043/1521/1043 
f 1041/1519/1041 912/1390/912 1042/1520/1042 
f 1041/1519/1041 909/1387/909 912/1390/912 
f 909/1387/909 911/1389/911 912/1390/912 
f 909/1387/909 910/1388/910 911/1389/911 
f 1037/1515/1037 911/1389/911 910/1388/910 
f 1037/1515/1037 910/1388/910 1038/1516/1038 
f 1037/1515/1037 1038/1516/1038 1039/1517/1039 
f 1037/1515/1037 1039/1517/1039 1040/1518/1040 
f 847/1325/847 1040/1518/1040 1039/1517/1039 
f 847/1325/847 1039/1517/1039 848/1326/848 
f 845/1323/845 847/1325/847 848/1326/848 
f 845/1323/845 846/1324/846 847/1325/847 
f 845/1323/845 1035/1513/1035 846/1324/846 
f 845/1323/845 1036/1514/1036 1035/1513/1035 
f 1033/1511/1033 1035/1513/1035 1036/1514/1036 
f 1033/1511/1033 1034/1512/1034 1035/1513/1035 
f 1033/1511/1033 908/1386/908 1034/1512/1034 
f 1033/1511/1033 905/1383/905 908/1386/908 
f 905/1383/905 907/1385/907 908/1386/908 
f 905/1383/905 906/1384/906 907/1385/907 
f 1029/1507/1029 907/1385/907 906/1384/906 
f 1029/1507/1029 906/1384/906 1030/1508/1030 
f 1029/1507/1029 1030/1508/1030 1031/1509/1031 
f 1029/1507/1029 1031/1509/1031 1032/1510/1032 
f 843/1321/843 1032/1510/1032 1031/1509/1031 
f 843/1321/843 1031/1509/1031 844/1322/844 
f 841/1319/841 843/1321/843 844/1322/844 
f 841/1319/841 842/1320/842 843/1321/843 
f 841/1319/841 1027/1505/1027 842/1320/842 
f 841/1319/841 1028/1506/1028 1027/1505/1027 
f 1025/1503/1025 1027/1505/1027 1028/1506/1028 
f 1025/1503/1025 1026/1504/1026 1027/1505/1027 
f 1025/1503/1025 904/1382/904 1026/1504/1026 
f 1025/1503/1025 901/1379/901 904/1382/904 
f 901/1379/901 903/1381/903 904/1382/904 
f 901/1379/901 902/1380/902 903/1381/903 
f 1021/1499/1021 903/1381/903 902/1380/902 
f 1021/1499/1021 902/1380/902 1022/1500/1022 
f 1021/1499/1021 1022/1500/1022 1023/1501/1023 
f 1021/1499/1021 1023/1501/1023 1024/1502/1024 
f 839/1317/839 1024/1502/1024 1023/1501/1023 
f 839/1317/839 1023/1501/1023 840/1318/840 
f 837/1315/837 839/1317/839 840/1318/840 
f 837/1315/837 838/1316/838 839/1317/839 
f 837/1315/837 1019/1497/1019 838/1316/838 
f 837/1315/837 1020/1498/1020 1019/1497/1019 
f 1017/1495/1017 1019/1497/1019 1020/1498/1020 
f 1017/1495/1017 1018/1496/1018 1019/1497/1019 
f 1017/1495/1017 900/1378/900 1018/1496/1018 
f 1017/1495/1017 897/1375/897 900/1378/900 
f 897/1375/897 899/1377/899 900/1378/900 
f 897/1375/897 898/1376/898 899/1377/899 
f 1013/1491/1013 899/1377/899 898/1376/898 
f 1013/1491/1013 898/1376/898 1014/1492/1014 
f 1013/1491/1013 1014/1492/1014 1015/1493/1015 
f 1013/1491/1013 1015/1493/1015 1016/1494/1016 
f 835/1313/835 1016/1494/1016 1015/1493/1015 
f 835/1313/835 1015/1493/1015 836/1314/836 
f 833/1311/833 835/1313/835 836/1314/836 
f 833/1311/833 834/1312/834 835/1313/835 
f 833/1311/833 1011/1489/1011 834/1312/834 
f 833/1311/833 1012/1490/1012 1011/1489/1011 
f 1009/1487/1009 1011/1489/1011 1012/1490/1012 
f 1009/1487/1009 1010/1488/1010 1011/1489/1011 
f 1009/1487/1009 896/1374/896 1010/1488/1010 
f 1009/1487/1009 893/1371/893 896/1374/896 
f 893/1371/893 895/1373/895 896/1374/896 
f 893/1371/893 894/1372/894 895/1373/895 
f 1005/1483/1005 895/1373/895 894/1372/894 
f 1005/1483/1005 894/1372/894 1006/1484/1006 
f 1005/1483/1005 1006/1484/1006 1007/1485/1007 
f 1005/1483/1005 1007/1485/1007 1008/1486/1008 
f 831/1309/831 1008/1486/1008 1007/1485/1007 
f 831/1309/831 1007/1485/1007 832/1310/832 
f 829/1307/829 831/1309/831 832/1310/832 
f 829/1307/829 830/1308/830 831/1309/831 
f 829/1307/829 1003/1481/1003 830/1308/830 
f 829/1307/829 1004/1482/1004 1003/1481/1003 
f 1001/1479/1001 1003/1481/1003 1004/1482/1004 
f 1001/1479/1001 1002/1480/1002 1003/1481/1003 
f 1001/1479/1001 892/1370/892 1002/1480/1002 
f 1001/1479/1001 889/1367/889 892/1370/892 
f 889/1367/889 891/1369/891 892/1370/892 
f 889/1367/889 890/1368/890 891/1369/891 
f 997/1475/997 891/1369/891 890/1368/890 
f 997/1475/997 890/1368/890 998/1476/998 
f 997/1475/997 998/1476/998 999/1477/999 
f 997/1475/997 999/1477/999 1000/1478/1000 
f 827/1305/827 1000/1478/1000 999/1477/999 
f 827/1305/827 999/1477/999 828/1306/828 
f 825/1303/825 827/1305/827 828/1306/828 
f 825/1303/825 826/1304/826 827/1305/827 
f 825/1303/825 995/1473/995 826/1304/826 
f 825/1303/825 996/1474/996 995/1473/995 
f 993/1471/993 995/1473/995 996/1474/996 
f 993/1471/993 994/1472/994 995/1473/995 
f 993/1471/993 1058/1536/1058 994/1472/994 
f 993/1471/993 1057/1535/1057 1058/1536/1058 
f 789/1267/789 927/1405/927 790/1268/790 
f 789/1267/789 928/1406/928 927/1405/927 
f 925/1403/925 927/1405/927 928/1406/928 
f 925/1403/925 926/1404/926 927/1405/927 
f 925/1403/925 888/1366/888 926/1404/926 
f 925/1403/925 885/1363/885 888/1366/888 
f 885/1363/885 887/1365/887 888/1366/888 
f 885/1363/885 886/1364/886 887/1365/887 
f 985/1463/985 887/1365/887 886/1364/886 
f 985/1463/985 886/1364/886 986/1464/986 
f 985/1463/985 986/1464/986 987/1465/987 
f 985/1463/985 987/1465/987 988/1466/988 
f 823/1301/823 988/1466/988 987/1465/987 
f 823/1301/823 987/1465/987 824/1302/824 
f 821/1299/821 823/1301/823 824/1302/824 
f 821/1299/821 822/1300/822 823/1301/823 
f 821/1299/821 991/1469/991 822/1300/822 
f 821/1299/821 992/1470/992 991/1469/991 
f 989/1467/989 991/1469/991 992/1470/992 
f 989/1467/989 990/1468/990 991/1469/991 
f 989/1467/989 884/1362/884 990/1468/990 
f 989/1467/989 881/1359/881 884/1362/884 
f 881/1359/881 883/1361/883 884/1362/884 
f 881/1359/881 882/1360/882 883/1361/883 
f 977/1455/977 883/1361/883 882/1360/882 
f 977/1455/977 882/1360/882 978/1456/978 
f 977/1455/977 978/1456/978 979/1457/979 
f 977/1455/977 979/1457/979 980/1458/980 
f 819/1297/819 980/1458/980 979/1457/979 
f 819/1297/819 979/1457/979 820/1298/820 
f 817/1295/817 819/1297/819 820/1298/820 
f 817/1295/817 818/1296/818 819/1297/819 
f 817/1295/817 983/1461/983 818/1296/818 
f 817/1295/817 984/1462/984 983/1461/983 
f 981/1459/981 983/1461/983 984/1462/984 
f 981/1459/981 982/1460/982 983/1461/983 
f 981/1459/981 880/1358/880 982/1460/982 
f 981/1459/981 877/1355/877 880/1358/880 
f 877/1355/877 879/1357/879 880/1358/880 
f 877/1355/877 878/1356/878 879/1357/879 
f 969/1447/969 879/1357/879 878/1356/878 
f 969/1447/969 878/1356/878 970/1448/970 
f 969/1447/969 970/1448/970 971/1449/971 
f 969/1447/969 971/1449/971 972/1450/972 
f 815/1293/815 972/1450/972 971/1449/971 
f 815/1293/815 971/1449/971 816/1294/816 
f 813/1291/813 815/1293/815 816/1294/816 
f 813/1291/813 814/1292/814 815/1293/815 
f 813/1291/813 975/1453/975 814/1292/814 
f 813/1291/813 976/1454/976 975/1453/975 
f 973/1451/973 975/1453/975 976/1454/976 
f 973/1451/973 974/1452/974 975/1453/975 
f 973/1451/973 876/1354/876 974/1452/974 
f 973/1451/973 873/1351/873 876/1354/876 
f 873/1351/873 875/1353/875 876/1354/876 
f 873/1351/873 874/1352/874 875/1353/875 
f 961/1439/961 875/1353/875 874/1352/874 
f 961/1439/961 874/1352/874 962/1440/962 
f 961/1439/961 962/1440/962 963/1441/963 
f 961/1439/961 963/1441/963 964/1442/964 
f 811/1289/811 964/1442/964 963/1441/963 
f 811/1289/811 963/1441/963 812/1290/812 
f 809/1287/809 811/1289/811 812/1290/812 
f 809/1287/809 810/1288/810 811/1289/811 
f 809/1287/809 967/1445/967 810/1288/810 
f 809/1287/809 968/1446/968 967/1445/967 
f 965/1443/965 967/1445/967 968/1446/968 
f 965/1443/965 966/1444/966 967/1445/967 
f 965/1443/965 872/1350/872 966/1444/966 
f 965/1443/965 869/1347/869 872/1350/872 
f 869/1347/869 871/1349/871 872/1350/872 
f 869/1347/869 870/1348/870 871/1349/871 
f 953/1431/953 871/1349/871 870/1348/870 
f 953/1431/953 870/1348/870 954/1432/954 
f 953/1431/953 954/1432/954 955/1433/955 
f 953/1431/953 955/1433/955 956/1434/956 
f 807/1285/807 956/1434/956 955/1433/955 
f 807/1285/807 955/1433/955 808/1286/808 
f 805/1283/805 807/1285/807 808/1286/808 
f 805/1283/805 806/1284/806 807/1285/807 
f 805/1283/805 959/1437/959 806/1284/806 
f 805/1283/805 960/1438/960 959/1437/959 
f 957/1435/957 959/1437/959 960/1438/960 
f 957/1435/957 958/1436/958 959/1437/959 
f 957/1435/957 868/1346/868 958/1436/958 
f 957/1435/957 865/1343/865 868/1346/868 
f 865/1343/865 867/1345/867 868/1346/868 
f 865/1343/865 866/1344/866 867/1345/867 
f 945/1423/945 867/1345/867 866/1344/866 
f 945/1423/945 866/1344/866 946/1424/946 
f 945/1423/945 946/1424/946 947/1425/947 
f 945/1423/945 947/1425/947 948/1426/948 
f 803/1281/803 948/1426/948 947/1425/947 
f 803/1281/803 947/1425/947 804/1282/804 
f 801/1279/801 803/1281/803 804/1282/804 
f 801/1279/801 802/1280/802 803/1281/803 
f 801/1279/801 951/1429/951 802/1280/802 
f 801/1279/801 952/1430/952 951/1429/951 
f 949/1427/949 951/1429/951 952/1430/952 
f 949/1427/949 950/1428/950 951/1429/951 
f 949/1427/949 864/1342/864 950/1428/950 
f 949/1427/949 861/1339/861 864/1342/864 
f 861/1339/861 863/1341/863 864/1342/864 
f 861/1339/861 862/1340/862 863/1341/863 
f 937/1415/937 863/1341/863 862/1340/862 
f 937/1415/937 862/1340/862 938/1416/938 
f 937/1415/937 938/1416/938 939/1417/939 
f 937/1415/937 939/1417/939 940/1418/940 
f 799/1277/799 940/1418/940 939/1417/939 
f 799/1277/799 939/1417/939 800/1278/800 
f 797/1275/797 799/1277/799 800/1278/800 
f 797/1275/797 798/1276/798 799/1277/799 
f 797/1275/797 943/1421/943 798/1276/798 
f 797/1275/797 944/1422/944 943/1421/943 
f 941/1419/941 943/1421/943 944/1422/944 
f 941/1419/941 942/1420/942 943/1421/943 
f 941/1419/941 860/1338/860 942/1420/942 
f 941/1419/941 857/1335/857 860/1338/860 
f 857/1335/857 859/1337/859 860/1338/860 
f 857/1335/857 858/1336/858 859/1337/859 
f 929/1407/929 859/1337/859 858/1336/858 
f 929/1407/929 858/1336/858 930/1408/930 
f 929/1407/929 930/1408/930 931/1409/931 
f 929/1407/929 931/1409/931 932/1410/932 
f 795/1273/795 932/1410/932 931/1409/931 
f 795/1273/795 931/1409/931 796/1274/796 
f 793/1271/793 795/1273/795 796/1274/796 
f 793/1271/793 794/1272/794 795/1273/795 
f 793/1271/793 935/1413/935 794/1272/794 
f 793/1271/793 936/1414/936 935/1413/935 
f 933/1411/933 935/1413/935 936/1414/936 
f 933/1411/933 934/1412/934 935/1413/935 
f 933/1411/933 1060/1538/1060 934/1412/934 
f 933/1411/933 1059/1537/1059 1060/1538/1060 
# mm_gid 187
g mmGroup187
usemtl 12281_container
f 1061/1539/1061 1062/1540/1062 1063/1541/1063 
f 1061/1539/1061 1063/1541/1063 1067/1545/1067 
f 1061/1539/1061 1067/1545/1067 1095/1574/1095 
f 1104/1677/1104 1061/1678/1061 1095/1676/1095 
f 1104/1677/1104 1095/1676/1095 1118/1675/1118 
f 1117/1599/1117 1104/1586/1104 1118/1600/1118 
f 1117/1599/1117 1118/1600/1118 1131/1649/1131 
f 1117/1599/1117 1131/1649/1131 1112/1594/1112 
f 1112/1594/1112 1111/1593/1111 1117/1599/1117 
f 1129/1641/1129 1117/1642/1117 1111/1643/1111 
f 1129/1641/1129 1111/1643/1111 1130/1644/1130 
f 1108/1637/1108 1129/1638/1129 1130/1639/1130 
f 1108/1637/1108 1130/1639/1130 1121/1640/1121 
f 1108/1590/1108 1121/1604/1121 1123/1607/1123 
f 1108/1590/1108 1123/1607/1123 1119/1601/1119 
f 1106/1588/1106 1108/1590/1108 1119/1601/1119 
f 1119/1679/1119 1065/1656/1065 1106/1655/1106 
f 1106/1655/1106 1065/1656/1065 1064/1657/1064 
f 1106/1655/1106 1064/1657/1064 1107/1658/1107 
f 1106/1588/1106 1107/1589/1107 1108/1590/1108 
f 1108/1590/1108 1107/1589/1107 1105/1602/1105 
f 1129/1633/1129 1108/1634/1108 1105/1635/1105 
f 1129/1633/1129 1105/1635/1105 1117/1636/1117 
f 1105/1587/1105 1104/1586/1104 1117/1599/1117 
f 1103/1585/1103 1104/1586/1104 1105/1587/1105 
f 1103/1585/1103 1105/1587/1105 1109/1591/1109 
f 1109/1659/1109 1062/1652/1062 1103/1651/1103 
f 1103/1651/1103 1062/1652/1062 1061/1653/1061 
f 1103/1651/1103 1061/1653/1061 1104/1654/1104 
f 1109/1659/1109 1089/1660/1089 1062/1652/1062 
f 1063/1541/1063 1062/1540/1062 1089/1568/1089 
f 1094/1573/1094 1063/1541/1063 1089/1568/1089 
f 1116/1674/1116 1094/1673/1094 1089/1660/1089 
f 1116/1674/1116 1089/1660/1089 1109/1659/1109 
f 1105/1587/1105 1116/1598/1116 1109/1591/1109 
f 1105/1587/1105 1115/1597/1115 1116/1598/1116 
f 1116/1598/1116 1115/1597/1115 1114/1596/1114 
f 1114/1668/1114 1094/1673/1094 1116/1674/1116 
f 1114/1668/1114 1092/1667/1092 1094/1673/1094 
f 1073/1551/1073 1094/1573/1094 1092/1571/1092 
f 1073/1551/1073 1092/1571/1092 1093/1572/1093 
f 1073/1551/1073 1093/1572/1093 1080/1559/1080 
f 1082/1561/1082 1073/1551/1073 1080/1559/1080 
f 1080/1559/1080 1081/1560/1081 1082/1561/1082 
f 1085/1620/1085 1082/1619/1082 1081/1629/1081 
f 1085/1620/1085 1081/1629/1081 1083/1630/1083 
f 1083/1562/1083 1084/1563/1084 1085/1564/1085 
f 1087/1566/1087 1085/1564/1085 1084/1563/1084 
f 1087/1566/1087 1084/1563/1084 1088/1567/1088 
f 1086/1565/1086 1087/1566/1087 1088/1567/1088 
f 1066/1557/1066 1086/1565/1086 1088/1567/1088 
f 1066/1557/1066 1088/1567/1088 1079/1558/1079 
f 1078/1556/1078 1066/1557/1066 1079/1558/1079 
f 1079/1558/1079 1076/1554/1076 1078/1556/1078 
f 1070/1611/1070 1078/1612/1078 1076/1613/1076 
f 1070/1611/1070 1076/1613/1076 1068/1614/1068 
f 1070/1548/1070 1068/1546/1068 1067/1545/1067 
f 1070/1548/1070 1067/1545/1067 1063/1541/1063 
f 1070/1548/1070 1063/1541/1063 1071/1549/1071 
f 1071/1623/1071 1078/1612/1078 1070/1611/1070 
f 1071/1623/1071 1066/1624/1066 1078/1612/1078 
f 1064/1542/1064 1066/1544/1066 1071/1576/1071 
f 1064/1542/1064 1071/1576/1071 1102/1584/1102 
f 1107/1697/1107 1064/1698/1064 1102/1696/1102 
f 1107/1697/1107 1102/1696/1102 1126/1695/1126 
f 1105/1602/1105 1107/1589/1107 1126/1610/1126 
f 1105/1602/1105 1126/1610/1126 1132/1650/1132 
f 1105/1602/1105 1132/1650/1132 1125/1609/1125 
f 1125/1609/1125 1115/1605/1115 1105/1602/1105 
f 1124/1608/1124 1115/1605/1115 1125/1609/1125 
f 1125/1690/1125 1100/1691/1100 1124/1692/1124 
f 1124/1692/1124 1100/1691/1100 1097/1693/1097 
f 1124/1692/1124 1097/1693/1097 1120/1694/1120 
f 1120/1603/1120 1115/1605/1115 1124/1608/1124 
f 1120/1603/1120 1121/1604/1121 1115/1605/1115 
f 1121/1645/1121 1111/1647/1111 1115/1648/1115 
f 1113/1595/1113 1115/1597/1115 1111/1593/1111 
f 1113/1595/1113 1111/1593/1111 1110/1592/1110 
f 1110/1664/1110 1093/1669/1093 1113/1670/1113 
f 1113/1665/1113 1093/1666/1093 1092/1667/1092 
f 1113/1665/1113 1092/1667/1092 1114/1668/1114 
f 1113/1595/1113 1114/1596/1114 1115/1597/1115 
f 1110/1664/1110 1090/1663/1090 1093/1669/1093 
f 1080/1559/1080 1093/1572/1093 1090/1569/1090 
f 1080/1559/1080 1090/1569/1090 1091/1570/1091 
f 1067/1545/1067 1080/1559/1080 1091/1570/1091 
f 1067/1545/1067 1091/1570/1091 1127/1631/1127 
f 1067/1545/1067 1127/1631/1127 1095/1574/1095 
f 1118/1675/1118 1095/1676/1095 1127/1672/1127 
f 1118/1675/1118 1127/1672/1127 1131/1671/1131 
f 1131/1671/1131 1127/1672/1127 1091/1662/1091 
f 1131/1671/1131 1091/1662/1091 1112/1661/1112 
f 1112/1661/1112 1091/1662/1091 1090/1663/1090 
f 1112/1661/1112 1090/1663/1090 1110/1664/1110 
f 1110/1592/1110 1111/1593/1111 1112/1594/1112 
f 1080/1559/1080 1067/1545/1067 1069/1547/1069 
f 1080/1559/1080 1069/1547/1069 1081/1560/1081 
f 1081/1615/1081 1069/1616/1069 1075/1617/1075 
f 1081/1615/1081 1075/1617/1075 1083/1618/1083 
f 1083/1562/1083 1075/1553/1075 1077/1555/1077 
f 1083/1562/1083 1077/1555/1077 1084/1563/1084 
f 1084/1563/1084 1077/1555/1077 1079/1558/1079 
f 1084/1563/1084 1079/1558/1079 1088/1567/1088 
f 1079/1558/1079 1077/1555/1077 1076/1554/1076 
f 1075/1553/1075 1076/1554/1076 1077/1555/1077 
f 1075/1625/1075 1068/1614/1068 1076/1613/1076 
f 1075/1625/1075 1069/1626/1069 1068/1614/1068 
f 1067/1545/1067 1068/1546/1068 1069/1547/1069 
f 1121/1645/1121 1130/1646/1130 1111/1647/1111 
f 1122/1606/1122 1121/1604/1121 1120/1603/1120 
f 1120/1683/1120 1098/1685/1098 1122/1686/1122 
f 1122/1686/1122 1098/1685/1098 1099/1682/1099 
f 1122/1686/1122 1099/1682/1099 1123/1681/1123 
f 1123/1607/1123 1121/1604/1121 1122/1606/1122 
f 1123/1681/1123 1099/1682/1099 1096/1680/1096 
f 1123/1681/1123 1096/1680/1096 1119/1679/1119 
f 1119/1679/1119 1096/1680/1096 1065/1656/1065 
f 1066/1544/1066 1065/1543/1065 1096/1575/1096 
f 1099/1581/1099 1066/1544/1066 1096/1575/1096 
f 1099/1581/1099 1086/1577/1086 1066/1544/1066 
f 1086/1577/1086 1099/1581/1099 1098/1580/1098 
f 1086/1577/1086 1098/1580/1098 1097/1578/1097 
f 1086/1577/1086 1097/1578/1097 1072/1579/1072 
f 1074/1622/1074 1086/1627/1086 1072/1628/1072 
f 1072/1550/1072 1073/1551/1073 1074/1552/1074 
f 1082/1561/1082 1074/1552/1074 1073/1551/1073 
f 1082/1619/1082 1087/1621/1087 1074/1622/1074 
f 1074/1622/1074 1087/1621/1087 1086/1627/1086 
f 1082/1619/1082 1085/1620/1085 1087/1621/1087 
f 1072/1550/1072 1063/1541/1063 1073/1551/1073 
f 1094/1573/1094 1073/1551/1073 1063/1541/1063 
f 1072/1550/1072 1071/1549/1071 1063/1541/1063 
f 1071/1576/1071 1072/1579/1072 1101/1583/1101 
f 1071/1576/1071 1101/1583/1101 1128/1632/1128 
f 1071/1576/1071 1128/1632/1128 1102/1584/1102 
f 1126/1695/1126 1102/1696/1102 1128/1688/1128 
f 1126/1695/1126 1128/1688/1128 1132/1687/1132 
f 1132/1687/1132 1128/1688/1128 1101/1689/1101 
f 1132/1687/1132 1101/1689/1101 1125/1690/1125 
f 1125/1690/1125 1101/1689/1101 1100/1691/1100 
f 1072/1579/1072 1100/1582/1100 1101/1583/1101 
f 1072/1579/1072 1097/1578/1097 1100/1582/1100 
f 1120/1683/1120 1097/1684/1097 1098/1685/1098 
f 1064/1542/1064 1065/1543/1065 1066/1544/1066 
# mm_gid 189
g mmGroup189
usemtl 12281_container
f 1133/1699/1133 1134/1700/1134 1135/1701/1135 
f 1133/1699/1133 1135/1701/1135 1136/1702/1136 
f 1135/1701/1135 1179/1745/1179 1136/1702/1136 
f 1135/1701/1135 1180/1746/1180 1179/1745/1179 
f 1177/1743/1177 1179/1745/1179 1180/1746/1180 
f 1177/1743/1177 1178/1744/1178 1179/1745/1179 
f 1177/1743/1177 1176/1742/1176 1178/1744/1178 
f 1177/1743/1177 1173/1739/1173 1176/1742/1176 
f 1173/1739/1173 1175/1741/1175 1176/1742/1176 
f 1173/1739/1173 1174/1740/1174 1175/1741/1175 
f 1221/1787/1221 1175/1741/1175 1174/1740/1174 
f 1221/1787/1221 1174/1740/1174 1222/1788/1222 
f 1221/1787/1221 1222/1788/1222 1223/1789/1223 
f 1221/1787/1221 1223/1789/1223 1224/1790/1224 
f 1155/1721/1155 1224/1790/1224 1223/1789/1223 
f 1155/1721/1155 1223/1789/1223 1156/1722/1156 
f 1153/1719/1153 1155/1721/1155 1156/1722/1156 
f 1153/1719/1153 1154/1720/1154 1155/1721/1155 
f 1153/1719/1153 1219/1785/1219 1154/1720/1154 
f 1153/1719/1153 1220/1786/1220 1219/1785/1219 
f 1217/1783/1217 1219/1785/1219 1220/1786/1220 
f 1217/1783/1217 1218/1784/1218 1219/1785/1219 
f 1217/1783/1217 1172/1738/1172 1218/1784/1218 
f 1217/1783/1217 1169/1735/1169 1172/1738/1172 
f 1169/1735/1169 1171/1737/1171 1172/1738/1172 
f 1169/1735/1169 1170/1736/1170 1171/1737/1171 
f 1209/1775/1209 1171/1737/1171 1170/1736/1170 
f 1209/1775/1209 1170/1736/1170 1210/1776/1210 
f 1209/1775/1209 1210/1776/1210 1211/1777/1211 
f 1209/1775/1209 1211/1777/1211 1212/1778/1212 
f 1151/1717/1151 1212/1778/1212 1211/1777/1211 
f 1151/1717/1151 1211/1777/1211 1152/1718/1152 
f 1149/1715/1149 1151/1717/1151 1152/1718/1152 
f 1149/1715/1149 1150/1716/1150 1151/1717/1151 
f 1149/1715/1149 1215/1781/1215 1150/1716/1150 
f 1149/1715/1149 1216/1782/1216 1215/1781/1215 
f 1213/1779/1213 1215/1781/1215 1216/1782/1216 
f 1213/1779/1213 1214/1780/1214 1215/1781/1215 
f 1213/1779/1213 1228/1794/1228 1214/1780/1214 
f 1213/1779/1213 1227/1793/1227 1228/1794/1228 
f 1133/1699/1133 1183/1749/1183 1134/1700/1134 
f 1133/1699/1133 1184/1750/1184 1183/1749/1183 
f 1181/1747/1181 1183/1749/1183 1184/1750/1184 
f 1181/1747/1181 1182/1748/1182 1183/1749/1183 
f 1181/1747/1181 1168/1734/1168 1182/1748/1182 
f 1181/1747/1181 1165/1731/1165 1168/1734/1168 
f 1165/1731/1165 1167/1733/1167 1168/1734/1168 
f 1165/1731/1165 1166/1732/1166 1167/1733/1167 
f 1201/1767/1201 1167/1733/1167 1166/1732/1166 
f 1201/1767/1201 1166/1732/1166 1202/1768/1202 
f 1201/1767/1201 1202/1768/1202 1203/1769/1203 
f 1201/1767/1201 1203/1769/1203 1204/1770/1204 
f 1147/1713/1147 1204/1770/1204 1203/1769/1203 
f 1147/1713/1147 1203/1769/1203 1148/1714/1148 
f 1145/1711/1145 1147/1713/1147 1148/1714/1148 
f 1145/1711/1145 1146/1712/1146 1147/1713/1147 
f 1145/1711/1145 1207/1773/1207 1146/1712/1146 
f 1145/1711/1145 1208/1774/1208 1207/1773/1207 
f 1205/1771/1205 1207/1773/1207 1208/1774/1208 
f 1205/1771/1205 1206/1772/1206 1207/1773/1207 
f 1205/1771/1205 1164/1730/1164 1206/1772/1206 
f 1205/1771/1205 1161/1727/1161 1164/1730/1164 
f 1161/1727/1161 1163/1729/1163 1164/1730/1164 
f 1161/1727/1161 1162/1728/1162 1163/1729/1163 
f 1193/1759/1193 1163/1729/1163 1162/1728/1162 
f 1193/1759/1193 1162/1728/1162 1194/1760/1194 
f 1193/1759/1193 1194/1760/1194 1195/1761/1195 
f 1193/1759/1193 1195/1761/1195 1196/1762/1196 
f 1143/1709/1143 1196/1762/1196 1195/1761/1195 
f 1143/1709/1143 1195/1761/1195 1144/1710/1144 
f 1141/1707/1141 1143/1709/1143 1144/1710/1144 
f 1141/1707/1141 1142/1708/1142 1143/1709/1143 
f 1141/1707/1141 1199/1765/1199 1142/1708/1142 
f 1141/1707/1141 1200/1766/1200 1199/1765/1199 
f 1197/1763/1197 1199/1765/1199 1200/1766/1200 
f 1197/1763/1197 1198/1764/1198 1199/1765/1199 
f 1197/1763/1197 1160/1726/1160 1198/1764/1198 
f 1197/1763/1197 1157/1723/1157 1160/1726/1160 
f 1157/1723/1157 1159/1725/1159 1160/1726/1160 
f 1157/1723/1157 1158/1724/1158 1159/1725/1159 
f 1185/1751/1185 1159/1725/1159 1158/1724/1158 
f 1185/1751/1185 1158/1724/1158 1186/1752/1186 
f 1185/1751/1185 1186/1752/1186 1187/1753/1187 
f 1185/1751/1185 1187/1753/1187 1188/1754/1188 
f 1139/1705/1139 1188/1754/1188 1187/1753/1187 
f 1139/1705/1139 1187/1753/1187 1140/1706/1140 
f 1137/1703/1137 1139/1705/1139 1140/1706/1140 
f 1137/1703/1137 1138/1704/1138 1139/1705/1139 
f 1137/1703/1137 1191/1757/1191 1138/1704/1138 
f 1137/1703/1137 1192/1758/1192 1191/1757/1191 
f 1189/1755/1189 1191/1757/1191 1192/1758/1192 
f 1189/1755/1189 1190/1756/1190 1191/1757/1191 
f 1189/1755/1189 1226/1792/1226 1190/1756/1190 
f 1189/1755/1189 1225/1791/1225 1226/1792/1226 
# mm_gid 191
g mmGroup191
usemtl 12281_container
f 1229/1795/1229 1230/1796/1230 1231/1797/1231 
f 1231/1797/1231 1237/1805/1237 1229/1795/1229 
f 1229/1795/1229 1237/1805/1237 1238/1806/1238 
f 1229/1795/1229 1238/1806/1238 1234/1800/1234 
f 1234/1801/1234 1236/1803/1236 1229/1804/1229 
f 1262/1835/1262 1229/1837/1229 1236/1838/1236 
f 1263/1845/1263 1262/1835/1262 1236/1838/1236 
f 1263/1845/1263 1236/1838/1236 1256/1846/1256 
f 1265/1849/1265 1263/1845/1263 1256/1846/1256 
f 1265/1849/1265 1256/1846/1256 1255/1850/1255 
f 1259/1901/1259 1265/1849/1265 1255/1850/1255 
f 1259/1901/1259 1255/1850/1255 1242/1902/1242 
f 1260/1843/1260 1259/1844/1259 1242/1810/1242 
f 1260/1843/1260 1242/1810/1242 1241/1809/1241 
f 1241/1909/1241 1279/1873/1279 1260/1910/1260 
f 1260/1910/1260 1279/1873/1279 1293/1887/1293 
f 1260/1910/1260 1293/1887/1293 1254/1919/1254 
f 1259/1829/1259 1260/1830/1260 1254/1824/1254 
f 1259/1829/1259 1254/1824/1254 1253/1823/1253 
f 1253/1917/1253 1265/1849/1265 1259/1901/1259 
f 1253/1917/1253 1263/1845/1263 1265/1849/1265 
f 1247/1906/1247 1263/1845/1263 1253/1917/1253 
f 1253/1823/1253 1248/1817/1248 1247/1816/1247 
f 1231/1815/1231 1247/1816/1247 1248/1817/1248 
f 1231/1815/1231 1248/1817/1248 1249/1818/1249 
f 1231/1797/1231 1249/1839/1249 1237/1805/1237 
f 1249/1914/1249 1295/1893/1295 1237/1925/1237 
f 1237/1923/1237 1295/1890/1295 1276/1889/1276 
f 1237/1923/1237 1276/1889/1276 1238/1924/1238 
f 1238/1907/1238 1276/1870/1276 1275/1869/1275 
f 1238/1907/1238 1275/1869/1275 1250/1908/1250 
f 1238/1806/1238 1250/1840/1250 1232/1798/1232 
f 1238/1806/1238 1232/1798/1232 1234/1800/1234 
f 1232/1798/1232 1233/1799/1233 1234/1800/1234 
f 1233/1831/1233 1235/1833/1235 1234/1834/1234 
f 1234/1801/1234 1235/1802/1235 1236/1803/1236 
f 1235/1802/1235 1267/1930/1267 1236/1803/1236 
f 1236/1838/1236 1267/1933/1267 1272/1934/1272 
f 1236/1838/1236 1272/1934/1272 1256/1846/1256 
f 1256/1826/1256 1272/1931/1272 1271/1932/1271 
f 1256/1826/1256 1271/1932/1271 1257/1827/1257 
f 1255/1825/1255 1256/1826/1256 1257/1827/1257 
f 1255/1825/1255 1257/1827/1257 1258/1828/1258 
f 1242/1920/1242 1255/1825/1255 1258/1828/1258 
f 1242/1920/1242 1258/1828/1258 1239/1921/1239 
f 1239/1807/1239 1241/1809/1241 1242/1810/1242 
f 1239/1807/1239 1240/1808/1240 1241/1809/1241 
f 1240/1926/1240 1280/1895/1280 1241/1927/1241 
f 1241/1909/1241 1280/1874/1280 1279/1873/1279 
f 1279/1873/1279 1280/1874/1280 1281/1875/1281 
f 1279/1873/1279 1281/1875/1281 1282/1876/1282 
f 1293/1887/1293 1279/1873/1279 1282/1876/1282 
f 1293/1887/1293 1282/1876/1282 1294/1888/1294 
f 1288/1882/1288 1293/1887/1293 1294/1888/1294 
f 1288/1882/1288 1294/1888/1294 1289/1883/1289 
f 1287/1881/1287 1288/1882/1288 1289/1883/1289 
f 1287/1881/1287 1289/1883/1289 1290/1884/1290 
f 1295/1893/1295 1287/1881/1287 1290/1884/1290 
f 1295/1893/1295 1290/1884/1290 1296/1894/1296 
f 1276/1889/1276 1295/1890/1295 1296/1891/1296 
f 1276/1889/1276 1296/1891/1296 1277/1892/1277 
f 1275/1869/1275 1276/1870/1276 1277/1871/1277 
f 1275/1869/1275 1277/1871/1277 1278/1872/1278 
f 1291/1885/1291 1275/1869/1275 1278/1872/1278 
f 1291/1885/1291 1278/1872/1278 1292/1886/1292 
f 1284/1878/1284 1291/1885/1291 1292/1886/1292 
f 1284/1878/1284 1292/1886/1292 1285/1879/1285 
f 1283/1877/1283 1284/1878/1284 1285/1879/1285 
f 1283/1877/1283 1285/1879/1285 1286/1880/1286 
f 1297/1899/1297 1283/1877/1283 1286/1880/1286 
f 1297/1899/1297 1286/1880/1286 1298/1900/1298 
f 1280/1895/1280 1297/1896/1297 1298/1897/1298 
f 1280/1895/1280 1298/1897/1298 1281/1898/1281 
f 1240/1926/1240 1297/1896/1297 1280/1895/1280 
f 1246/1912/1246 1297/1899/1297 1240/1928/1240 
f 1243/1841/1243 1246/1842/1246 1240/1808/1240 
f 1243/1841/1243 1240/1808/1240 1239/1807/1239 
f 1239/1922/1239 1266/1851/1266 1243/1903/1243 
f 1243/1903/1243 1266/1851/1266 1264/1847/1264 
f 1243/1903/1243 1264/1847/1264 1244/1904/1244 
f 1243/1811/1243 1244/1812/1244 1245/1813/1245 
f 1243/1811/1243 1245/1813/1245 1246/1814/1246 
f 1245/1911/1245 1283/1877/1283 1246/1912/1246 
f 1246/1912/1246 1283/1877/1283 1297/1899/1297 
f 1245/1911/1245 1284/1878/1284 1283/1877/1283 
f 1251/1918/1251 1284/1878/1284 1245/1911/1245 
f 1252/1822/1252 1251/1821/1251 1245/1813/1245 
f 1252/1822/1252 1245/1813/1245 1244/1812/1244 
f 1244/1904/1244 1261/1832/1261 1252/1915/1252 
f 1252/1915/1252 1261/1832/1261 1233/1831/1233 
f 1252/1915/1252 1233/1831/1233 1232/1916/1232 
f 1232/1819/1232 1251/1821/1251 1252/1822/1252 
f 1232/1819/1232 1250/1820/1250 1251/1821/1251 
f 1250/1908/1250 1291/1885/1291 1251/1918/1251 
f 1251/1918/1251 1291/1885/1291 1284/1878/1284 
f 1250/1908/1250 1275/1869/1275 1291/1885/1291 
f 1233/1831/1233 1261/1832/1261 1235/1833/1235 
f 1261/1832/1261 1257/1848/1257 1235/1833/1235 
f 1257/1848/1257 1268/1936/1268 1235/1833/1235 
f 1235/1802/1235 1268/1929/1268 1267/1930/1267 
f 1267/1853/1267 1268/1854/1268 1269/1855/1269 
f 1267/1853/1267 1269/1855/1269 1270/1856/1270 
f 1272/1861/1272 1267/1862/1267 1270/1863/1270 
f 1272/1861/1272 1270/1863/1270 1273/1864/1273 
f 1271/1857/1271 1272/1858/1272 1273/1859/1273 
f 1271/1857/1271 1273/1859/1273 1274/1860/1274 
f 1268/1865/1268 1271/1866/1271 1274/1867/1274 
f 1268/1865/1268 1274/1867/1274 1269/1868/1269 
f 1257/1848/1257 1271/1935/1271 1268/1936/1268 
f 1261/1832/1261 1264/1847/1264 1257/1848/1257 
f 1264/1847/1264 1258/1852/1258 1257/1848/1257 
f 1264/1847/1264 1266/1851/1266 1258/1852/1258 
f 1239/1922/1239 1258/1852/1258 1266/1851/1266 
f 1244/1904/1244 1264/1847/1264 1261/1832/1261 
f 1249/1914/1249 1287/1881/1287 1295/1893/1295 
f 1248/1913/1248 1287/1881/1287 1249/1914/1249 
f 1248/1913/1248 1288/1882/1288 1287/1881/1287 
f 1254/1919/1254 1288/1882/1288 1248/1913/1248 
f 1253/1823/1253 1254/1824/1254 1248/1817/1248 
f 1254/1919/1254 1293/1887/1293 1288/1882/1288 
f 1231/1905/1231 1262/1835/1262 1247/1906/1247 
f 1247/1906/1247 1262/1835/1262 1263/1845/1263 
f 1231/1905/1231 1230/1836/1230 1262/1835/1262 
f 1262/1835/1262 1230/1836/1230 1229/1837/1229 
# mm_gid 193
g mmGroup193
usemtl 12281_container
f 1299/1937/1299 1300/1938/1300 1301/1939/1301 
f 1341/2049/1341 1299/2051/1299 1301/2052/1301 
f 1347/2057/1347 1341/2049/1341 1301/2052/1301 
f 1347/2057/1347 1301/2052/1301 1327/2058/1327 
f 1354/2071/1354 1347/2057/1347 1327/2058/1327 
f 1354/2071/1354 1327/2058/1327 1332/2072/1332 
f 1353/2064/1353 1354/2071/1354 1332/2072/1332 
f 1353/2064/1353 1332/2072/1332 1331/2065/1331 
f 1351/2063/1351 1353/2064/1353 1331/2065/1331 
f 1351/2063/1351 1331/2065/1331 1330/2066/1330 
f 1348/2060/1348 1351/2067/1351 1330/2068/1330 
f 1348/2060/1348 1330/2068/1330 1329/2061/1329 
f 1349/2059/1349 1348/2060/1348 1329/2061/1329 
f 1349/2059/1349 1329/2061/1329 1328/2062/1328 
f 1367/2069/1367 1349/2059/1349 1328/2062/1328 
f 1367/2069/1367 1328/2062/1328 1365/2070/1365 
f 1356/2073/1356 1367/2069/1367 1365/2070/1365 
f 1356/2073/1356 1365/2070/1365 1333/2074/1333 
f 1343/2075/1343 1356/2073/1356 1333/2074/1333 
f 1343/2075/1343 1333/2074/1333 1299/2076/1299 
f 1341/2049/1341 1343/2050/1343 1299/2051/1299 
f 1341/1983/1341 1342/1984/1342 1343/1985/1343 
f 1342/1984/1342 1355/1997/1355 1343/1985/1343 
f 1355/1997/1355 1356/1998/1356 1343/1985/1343 
f 1367/2011/1367 1356/1998/1356 1355/1997/1355 
f 1349/1991/1349 1367/2011/1367 1355/1997/1355 
f 1349/1991/1349 1355/1997/1355 1350/1992/1350 
f 1348/1990/1348 1349/1991/1349 1350/1992/1350 
f 1351/1993/1351 1348/1990/1348 1350/1992/1350 
f 1351/1993/1351 1350/1992/1350 1352/1994/1352 
f 1351/1993/1351 1352/1994/1352 1353/1995/1353 
f 1354/1996/1354 1353/1995/1353 1352/1994/1352 
f 1342/1984/1342 1354/1996/1354 1352/1994/1352 
f 1363/2007/1363 1342/2000/1342 1352/2002/1352 
f 1362/2006/1362 1363/2007/1363 1352/2002/1352 
f 1358/2001/1358 1362/2006/1362 1352/2002/1352 
f 1358/2001/1358 1352/2002/1352 1359/2003/1359 
f 1360/2004/1360 1358/2001/1358 1359/2003/1359 
f 1361/2005/1361 1360/2004/1360 1359/2003/1359 
f 1345/1987/1345 1361/2005/1361 1359/2003/1359 
f 1345/2037/1345 1359/2038/1359 1370/2039/1370 
f 1345/2037/1345 1370/2039/1370 1369/2040/1369 
f 1369/2033/1369 1342/2035/1342 1345/2036/1345 
f 1345/1987/1345 1342/2000/1342 1346/1988/1346 
f 1344/1986/1344 1345/1987/1345 1346/1988/1346 
f 1344/2053/1344 1346/2054/1346 1302/2055/1302 
f 1344/2053/1344 1302/2055/1302 1304/2056/1304 
f 1357/2077/1357 1344/2053/1344 1304/2056/1304 
f 1357/2077/1357 1304/2056/1304 1334/2078/1334 
f 1361/2079/1361 1357/2077/1357 1334/2078/1334 
f 1361/2079/1361 1334/2078/1334 1337/2080/1337 
f 1360/2082/1360 1361/2079/1361 1337/2080/1337 
f 1360/2082/1360 1337/2080/1337 1336/2083/1336 
f 1358/2081/1358 1360/2082/1360 1336/2083/1336 
f 1358/2081/1358 1336/2083/1336 1335/2084/1335 
f 1362/2089/1362 1358/2091/1358 1335/2092/1335 
f 1362/2089/1362 1335/2092/1335 1339/2090/1339 
f 1363/2086/1363 1362/2089/1362 1339/2090/1339 
f 1363/2086/1363 1339/2090/1339 1338/2087/1338 
f 1368/2085/1368 1363/2086/1363 1338/2087/1338 
f 1368/2085/1368 1338/2087/1338 1366/2088/1366 
f 1364/2093/1364 1368/2085/1368 1366/2088/1366 
f 1364/2093/1364 1366/2088/1366 1340/2094/1340 
f 1346/2095/1346 1364/2093/1364 1340/2094/1340 
f 1346/2095/1346 1340/2094/1340 1302/2096/1302 
f 1302/1940/1302 1340/1982/1340 1309/1974/1309 
f 1302/1940/1302 1309/1974/1309 1303/1941/1303 
f 1302/1940/1302 1303/1941/1303 1304/1942/1304 
f 1303/1941/1303 1334/1973/1334 1304/1942/1304 
f 1337/1979/1337 1334/1973/1334 1303/1941/1303 
f 1337/1979/1337 1303/1941/1303 1324/1975/1324 
f 1324/1975/1324 1336/1978/1336 1337/1979/1337 
f 1324/1975/1324 1335/1977/1335 1336/1978/1336 
f 1324/1975/1324 1310/1976/1310 1335/1977/1335 
f 1310/1976/1310 1339/1981/1339 1335/1977/1335 
f 1310/1976/1310 1338/1980/1338 1339/1981/1339 
f 1309/1974/1309 1338/1980/1338 1310/1976/1310 
f 1310/1948/1310 1300/1938/1300 1309/1947/1309 
f 1308/1946/1308 1309/1947/1309 1300/1938/1300 
f 1308/1946/1308 1300/1938/1300 1305/1943/1305 
f 1308/1946/1308 1305/1943/1305 1307/1945/1307 
f 1308/2013/1308 1307/2014/1307 1315/2015/1315 
f 1308/2013/1308 1315/2015/1315 1316/2016/1316 
f 1309/1974/1309 1308/2025/1308 1316/2026/1316 
f 1309/1974/1309 1316/2026/1316 1303/1941/1303 
f 1316/1954/1316 1317/1955/1317 1303/1956/1303 
f 1303/1956/1303 1317/1955/1317 1325/1964/1325 
f 1303/1956/1303 1325/1964/1325 1324/1963/1324 
f 1324/1963/1324 1325/1964/1325 1326/1965/1326 
f 1311/2029/1311 1324/1975/1324 1326/2030/1326 
f 1319/2021/1319 1311/2022/1311 1326/2023/1326 
f 1319/2021/1319 1326/2023/1326 1322/2024/1322 
f 1322/2031/1322 1320/2017/1320 1319/2032/1319 
f 1318/1957/1318 1319/1958/1319 1320/1959/1320 
f 1318/1957/1318 1320/1959/1320 1306/1944/1306 
f 1318/1957/1318 1306/1944/1306 1305/1943/1305 
f 1305/1943/1305 1328/1967/1328 1318/1957/1318 
f 1318/1957/1318 1328/1967/1328 1329/1968/1329 
f 1318/1957/1318 1329/1968/1329 1330/1969/1330 
f 1312/1950/1312 1318/1957/1318 1330/1969/1330 
f 1312/1950/1312 1330/1969/1330 1331/1970/1331 
f 1312/1950/1312 1331/1970/1331 1332/1971/1332 
f 1332/1971/1332 1300/1938/1300 1312/1950/1312 
f 1310/1948/1310 1312/1950/1312 1300/1938/1300 
f 1310/1948/1310 1311/1949/1311 1312/1950/1312 
f 1319/1958/1319 1312/1950/1312 1311/1949/1311 
f 1319/1958/1319 1318/1957/1318 1312/1950/1312 
f 1311/2029/1311 1310/1976/1310 1324/1975/1324 
f 1332/1971/1332 1327/1966/1327 1300/1938/1300 
f 1300/1938/1300 1327/1966/1327 1301/1939/1301 
f 1305/1943/1305 1365/2009/1365 1328/1967/1328 
f 1305/1943/1305 1333/1972/1333 1365/2009/1365 
f 1299/1937/1299 1333/1972/1333 1305/1943/1305 
f 1299/1937/1299 1305/1943/1305 1300/1938/1300 
f 1305/1943/1305 1306/1944/1306 1307/1945/1307 
f 1313/2019/1313 1307/2028/1307 1306/2020/1306 
f 1320/2017/1320 1313/2019/1313 1306/2020/1306 
f 1320/2017/1320 1321/2018/1321 1313/2019/1313 
f 1321/1960/1321 1314/1952/1314 1313/1951/1313 
f 1313/1951/1313 1314/1952/1314 1315/1953/1315 
f 1313/2019/1313 1315/2027/1315 1307/2028/1307 
f 1317/1955/1317 1315/1953/1315 1314/1952/1314 
f 1323/1962/1323 1317/1955/1317 1314/1952/1314 
f 1321/1960/1321 1323/1962/1323 1314/1952/1314 
f 1321/1960/1321 1322/1961/1322 1323/1962/1323 
f 1326/1965/1326 1323/1962/1323 1322/1961/1322 
f 1326/1965/1326 1325/1964/1325 1323/1962/1323 
f 1323/1962/1323 1325/1964/1325 1317/1955/1317 
f 1322/2031/1322 1321/2018/1321 1320/2017/1320 
f 1317/1955/1317 1316/1954/1316 1315/1953/1315 
f 1309/1974/1309 1366/2010/1366 1338/1980/1338 
f 1309/1974/1309 1340/1982/1340 1366/2010/1366 
f 1342/2000/1342 1364/2008/1364 1346/1988/1346 
f 1368/2012/1368 1364/2008/1364 1342/2000/1342 
f 1363/2007/1363 1368/2012/1368 1342/2000/1342 
f 1345/1987/1345 1357/1999/1357 1361/2005/1361 
f 1344/1986/1344 1357/1999/1357 1345/1987/1345 
f 1369/2033/1369 1355/2034/1355 1342/2035/1342 
f 1369/2041/1369 1350/2043/1350 1355/2044/1355 
f 1369/2041/1369 1370/2042/1370 1350/2043/1350 
f 1359/2045/1359 1350/2047/1350 1370/2048/1370 
f 1359/2045/1359 1352/2046/1352 1350/2047/1350 
f 1342/1984/1342 1347/1989/1347 1354/1996/1354 
f 1341/1983/1341 1347/1989/1347 1342/1984/1342 
# mm_gid 195
g mmGroup195
usemtl 12281_container
f 1371/2097/1371 1372/2098/1372 1373/2099/1373 
f 1371/2097/1371 1373/2099/1373 1377/2103/1377 
f 1371/2097/1371 1377/2103/1377 1405/2132/1405 
f 1414/2241/1414 1371/2242/1371 1405/2240/1405 
f 1414/2241/1414 1405/2240/1405 1428/2239/1428 
f 1427/2157/1427 1414/2144/1414 1428/2158/1428 
f 1427/2157/1427 1428/2158/1428 1441/2213/1441 
f 1427/2157/1427 1441/2213/1441 1422/2152/1422 
f 1422/2152/1422 1421/2151/1421 1427/2157/1427 
f 1439/2205/1439 1427/2206/1427 1421/2207/1421 
f 1439/2205/1439 1421/2207/1421 1440/2208/1440 
f 1418/2201/1418 1439/2202/1439 1440/2203/1440 
f 1418/2201/1418 1440/2203/1440 1431/2204/1431 
f 1418/2148/1418 1431/2167/1431 1433/2169/1433 
f 1418/2148/1418 1433/2169/1433 1429/2159/1429 
f 1416/2146/1416 1418/2148/1418 1429/2159/1429 
f 1429/2243/1429 1375/2220/1375 1416/2219/1416 
f 1416/2219/1416 1375/2220/1375 1374/2221/1374 
f 1416/2219/1416 1374/2221/1374 1417/2222/1417 
f 1416/2146/1416 1417/2147/1417 1418/2148/1418 
f 1418/2160/1418 1417/2161/1417 1415/2162/1415 
f 1439/2197/1439 1418/2198/1418 1415/2199/1415 
f 1439/2197/1439 1415/2199/1415 1427/2200/1427 
f 1415/2145/1415 1414/2144/1414 1427/2157/1427 
f 1413/2143/1413 1414/2144/1414 1415/2145/1415 
f 1413/2143/1413 1415/2145/1415 1419/2149/1419 
f 1419/2223/1419 1372/2216/1372 1413/2215/1413 
f 1413/2215/1413 1372/2216/1372 1371/2217/1371 
f 1413/2215/1413 1371/2217/1371 1414/2218/1414 
f 1419/2223/1419 1399/2224/1399 1372/2216/1372 
f 1373/2099/1373 1372/2098/1372 1399/2126/1399 
f 1404/2131/1404 1373/2099/1373 1399/2126/1399 
f 1426/2238/1426 1404/2237/1404 1399/2224/1399 
f 1426/2238/1426 1399/2224/1399 1419/2223/1419 
f 1415/2145/1415 1426/2156/1426 1419/2149/1419 
f 1415/2145/1415 1425/2155/1425 1426/2156/1426 
f 1426/2156/1426 1425/2155/1425 1424/2154/1424 
f 1424/2232/1424 1404/2237/1404 1426/2238/1426 
f 1424/2232/1424 1402/2231/1402 1404/2237/1404 
f 1383/2109/1383 1404/2131/1404 1402/2129/1402 
f 1383/2109/1383 1402/2129/1402 1403/2130/1403 
f 1383/2109/1383 1403/2130/1403 1390/2117/1390 
f 1392/2119/1392 1383/2109/1383 1390/2117/1390 
f 1390/2117/1390 1391/2118/1391 1392/2119/1392 
f 1395/2184/1395 1392/2183/1392 1391/2193/1391 
f 1395/2184/1395 1391/2193/1391 1393/2194/1393 
f 1393/2120/1393 1394/2121/1394 1395/2122/1395 
f 1397/2124/1397 1395/2122/1395 1394/2121/1394 
f 1397/2124/1397 1394/2121/1394 1398/2125/1398 
f 1396/2123/1396 1397/2124/1397 1398/2125/1398 
f 1376/2115/1376 1396/2123/1396 1398/2125/1398 
f 1376/2115/1376 1398/2125/1398 1389/2116/1389 
f 1388/2114/1388 1376/2115/1376 1389/2116/1389 
f 1389/2116/1389 1386/2112/1386 1388/2114/1388 
f 1380/2175/1380 1388/2176/1388 1386/2177/1386 
f 1380/2175/1380 1386/2177/1386 1378/2178/1378 
f 1380/2106/1380 1378/2104/1378 1377/2103/1377 
f 1380/2106/1380 1377/2103/1377 1373/2099/1373 
f 1380/2106/1380 1373/2099/1373 1381/2107/1381 
f 1381/2187/1381 1388/2176/1388 1380/2175/1380 
f 1381/2187/1381 1376/2188/1376 1388/2176/1388 
f 1374/2100/1374 1376/2102/1376 1381/2134/1381 
f 1374/2100/1374 1381/2134/1381 1412/2142/1412 
f 1417/2261/1417 1374/2262/1374 1412/2260/1412 
f 1417/2261/1417 1412/2260/1412 1436/2259/1436 
f 1415/2173/1415 1417/2147/1417 1436/2174/1436 
f 1415/2173/1415 1436/2174/1436 1442/2214/1442 
f 1415/2173/1415 1442/2214/1442 1435/2172/1435 
f 1435/2172/1435 1425/2171/1425 1415/2173/1415 
f 1434/2170/1434 1425/2171/1425 1435/2172/1435 
f 1435/2254/1435 1410/2255/1410 1434/2256/1434 
f 1434/2256/1434 1410/2255/1410 1407/2257/1407 
f 1434/2256/1434 1407/2257/1407 1430/2258/1430 
f 1430/2168/1430 1425/2171/1425 1434/2170/1434 
f 1430/2163/1430 1431/2164/1431 1425/2165/1425 
f 1431/2209/1431 1421/2211/1421 1425/2212/1425 
f 1423/2153/1423 1425/2155/1425 1421/2151/1421 
f 1423/2153/1423 1421/2151/1421 1420/2150/1420 
f 1420/2228/1420 1403/2233/1403 1423/2234/1423 
f 1423/2229/1423 1403/2230/1403 1402/2231/1402 
f 1423/2229/1423 1402/2231/1402 1424/2232/1424 
f 1423/2153/1423 1424/2154/1424 1425/2155/1425 
f 1420/2228/1420 1400/2227/1400 1403/2233/1403 
f 1390/2117/1390 1403/2130/1403 1400/2127/1400 
f 1390/2117/1390 1400/2127/1400 1401/2128/1401 
f 1377/2103/1377 1390/2117/1390 1401/2128/1401 
f 1377/2103/1377 1401/2128/1401 1437/2195/1437 
f 1377/2103/1377 1437/2195/1437 1405/2132/1405 
f 1428/2239/1428 1405/2240/1405 1437/2236/1437 
f 1428/2239/1428 1437/2236/1437 1441/2235/1441 
f 1441/2235/1441 1437/2236/1437 1401/2226/1401 
f 1441/2235/1441 1401/2226/1401 1422/2225/1422 
f 1422/2225/1422 1401/2226/1401 1400/2227/1400 
f 1422/2225/1422 1400/2227/1400 1420/2228/1420 
f 1420/2150/1420 1421/2151/1421 1422/2152/1422 
f 1390/2117/1390 1377/2103/1377 1379/2105/1379 
f 1390/2117/1390 1379/2105/1379 1391/2118/1391 
f 1391/2179/1391 1379/2180/1379 1385/2181/1385 
f 1391/2179/1391 1385/2181/1385 1393/2182/1393 
f 1393/2120/1393 1385/2111/1385 1387/2113/1387 
f 1393/2120/1393 1387/2113/1387 1394/2121/1394 
f 1394/2121/1394 1387/2113/1387 1389/2116/1389 
f 1394/2121/1394 1389/2116/1389 1398/2125/1398 
f 1389/2116/1389 1387/2113/1387 1386/2112/1386 
f 1385/2111/1385 1386/2112/1386 1387/2113/1387 
f 1385/2189/1385 1378/2178/1378 1386/2177/1386 
f 1385/2189/1385 1379/2190/1379 1378/2178/1378 
f 1377/2103/1377 1378/2104/1378 1379/2105/1379 
f 1431/2209/1431 1440/2210/1440 1421/2211/1421 
f 1432/2166/1432 1431/2167/1431 1430/2168/1430 
f 1430/2247/1430 1408/2249/1408 1432/2250/1432 
f 1432/2250/1432 1408/2249/1408 1409/2246/1409 
f 1432/2250/1432 1409/2246/1409 1433/2245/1433 
f 1433/2169/1433 1431/2167/1431 1432/2166/1432 
f 1433/2245/1433 1409/2246/1409 1406/2244/1406 
f 1433/2245/1433 1406/2244/1406 1429/2243/1429 
f 1429/2243/1429 1406/2244/1406 1375/2220/1375 
f 1376/2102/1376 1375/2101/1375 1406/2133/1406 
f 1409/2139/1409 1376/2102/1376 1406/2133/1406 
f 1409/2139/1409 1396/2135/1396 1376/2102/1376 
f 1396/2135/1396 1409/2139/1409 1408/2138/1408 
f 1396/2135/1396 1408/2138/1408 1407/2136/1407 
f 1396/2135/1396 1407/2136/1407 1382/2137/1382 
f 1384/2186/1384 1396/2191/1396 1382/2192/1382 
f 1382/2108/1382 1383/2109/1383 1384/2110/1384 
f 1392/2119/1392 1384/2110/1384 1383/2109/1383 
f 1392/2183/1392 1397/2185/1397 1384/2186/1384 
f 1384/2186/1384 1397/2185/1397 1396/2191/1396 
f 1392/2183/1392 1395/2184/1395 1397/2185/1397 
f 1382/2108/1382 1373/2099/1373 1383/2109/1383 
f 1404/2131/1404 1383/2109/1383 1373/2099/1373 
f 1382/2108/1382 1381/2107/1381 1373/2099/1373 
f 1381/2134/1381 1382/2137/1382 1411/2141/1411 
f 1381/2134/1381 1411/2141/1411 1438/2196/1438 
f 1381/2134/1381 1438/2196/1438 1412/2142/1412 
f 1436/2259/1436 1412/2260/1412 1438/2252/1438 
f 1436/2259/1436 1438/2252/1438 1442/2251/1442 
f 1442/2251/1442 1438/2252/1438 1411/2253/1411 
f 1442/2251/1442 1411/2253/1411 1435/2254/1435 
f 1435/2254/1435 1411/2253/1411 1410/2255/1410 
f 1382/2137/1382 1410/2140/1410 1411/2141/1411 
f 1382/2137/1382 1407/2136/1407 1410/2140/1410 
f 1430/2247/1430 1407/2248/1407 1408/2249/1408 
f 1374/2100/1374 1375/2101/1375 1376/2102/1376 
# mm_gid 197
g mmGroup197
usemtl 12281_container
f 1443/2263/1443 1444/2264/1444 1445/2265/1445 
f 1485/2381/1485 1443/2383/1443 1445/2384/1445 
f 1491/2389/1491 1485/2381/1485 1445/2384/1445 
f 1491/2389/1491 1445/2384/1445 1471/2390/1471 
f 1498/2403/1498 1491/2389/1491 1471/2390/1471 
f 1498/2403/1498 1471/2390/1471 1476/2404/1476 
f 1497/2396/1497 1498/2403/1498 1476/2404/1476 
f 1497/2396/1497 1476/2404/1476 1475/2397/1475 
f 1495/2395/1495 1497/2396/1497 1475/2397/1475 
f 1495/2395/1495 1475/2397/1475 1474/2398/1474 
f 1492/2392/1492 1495/2399/1495 1474/2400/1474 
f 1492/2392/1492 1474/2400/1474 1473/2393/1473 
f 1493/2391/1493 1492/2392/1492 1473/2393/1473 
f 1493/2391/1493 1473/2393/1473 1472/2394/1472 
f 1511/2401/1511 1493/2391/1493 1472/2394/1472 
f 1511/2401/1511 1472/2394/1472 1509/2402/1509 
f 1500/2405/1500 1511/2401/1511 1509/2402/1509 
f 1500/2405/1500 1509/2402/1509 1477/2406/1477 
f 1487/2407/1487 1500/2405/1500 1477/2406/1477 
f 1487/2407/1487 1477/2406/1477 1443/2408/1443 
f 1485/2381/1485 1487/2382/1487 1443/2383/1443 
f 1485/2309/1485 1486/2310/1486 1487/2311/1487 
f 1486/2310/1486 1499/2323/1499 1487/2311/1487 
f 1499/2323/1499 1500/2324/1500 1487/2311/1487 
f 1511/2343/1511 1500/2324/1500 1499/2323/1499 
f 1493/2317/1493 1511/2343/1511 1499/2323/1499 
f 1493/2317/1493 1499/2323/1499 1494/2318/1494 
f 1492/2316/1492 1493/2317/1493 1494/2318/1494 
f 1495/2319/1495 1492/2316/1492 1494/2318/1494 
f 1495/2319/1495 1494/2318/1494 1496/2320/1496 
f 1495/2319/1495 1496/2320/1496 1497/2321/1497 
f 1498/2322/1498 1497/2321/1497 1496/2320/1496 
f 1486/2310/1486 1498/2322/1498 1496/2320/1496 
f 1507/2337/1507 1486/2339/1486 1496/2338/1496 
f 1506/2336/1506 1507/2337/1507 1496/2338/1496 
f 1502/2333/1502 1506/2336/1506 1496/2338/1496 
f 1502/2329/1502 1496/2330/1496 1503/2331/1503 
f 1504/2332/1504 1502/2333/1502 1503/2334/1503 
f 1505/2335/1505 1504/2332/1504 1503/2334/1503 
f 1489/2313/1489 1505/2335/1505 1503/2334/1503 
f 1489/2369/1489 1503/2370/1503 1514/2371/1514 
f 1489/2369/1489 1514/2371/1514 1513/2372/1513 
f 1513/2365/1513 1486/2367/1486 1489/2368/1489 
f 1489/2326/1489 1486/2327/1486 1490/2328/1490 
f 1488/2312/1488 1489/2313/1489 1490/2314/1490 
f 1488/2385/1488 1490/2386/1490 1446/2387/1446 
f 1488/2385/1488 1446/2387/1446 1448/2388/1448 
f 1501/2409/1501 1488/2385/1488 1448/2388/1448 
f 1501/2409/1501 1448/2388/1448 1478/2410/1478 
f 1505/2411/1505 1501/2409/1501 1478/2410/1478 
f 1505/2411/1505 1478/2410/1478 1481/2412/1481 
f 1504/2414/1504 1505/2411/1505 1481/2412/1481 
f 1504/2414/1504 1481/2412/1481 1480/2415/1480 
f 1502/2413/1502 1504/2414/1504 1480/2415/1480 
f 1502/2413/1502 1480/2415/1480 1479/2416/1479 
f 1506/2421/1506 1502/2423/1502 1479/2424/1479 
f 1506/2421/1506 1479/2424/1479 1483/2422/1483 
f 1507/2418/1507 1506/2421/1506 1483/2422/1483 
f 1507/2418/1507 1483/2422/1483 1482/2419/1482 
f 1512/2417/1512 1507/2418/1507 1482/2419/1482 
f 1512/2417/1512 1482/2419/1482 1510/2420/1510 
f 1508/2425/1508 1512/2417/1512 1510/2420/1510 
f 1508/2425/1508 1510/2420/1510 1484/2426/1484 
f 1490/2427/1490 1508/2425/1508 1484/2426/1484 
f 1490/2427/1490 1484/2426/1484 1446/2428/1446 
f 1446/2266/1446 1484/2308/1484 1453/2300/1453 
f 1446/2266/1446 1453/2300/1453 1447/2267/1447 
f 1446/2266/1446 1447/2267/1447 1448/2268/1448 
f 1447/2267/1447 1478/2299/1478 1448/2268/1448 
f 1481/2305/1481 1478/2299/1478 1447/2267/1447 
f 1481/2305/1481 1447/2267/1447 1468/2301/1468 
f 1468/2301/1468 1480/2304/1480 1481/2305/1481 
f 1468/2301/1468 1479/2303/1479 1480/2304/1480 
f 1468/2301/1468 1454/2302/1454 1479/2303/1479 
f 1454/2302/1454 1483/2307/1483 1479/2303/1479 
f 1454/2302/1454 1482/2306/1482 1483/2307/1483 
f 1453/2300/1453 1482/2306/1482 1454/2302/1454 
f 1454/2274/1454 1444/2264/1444 1453/2273/1453 
f 1452/2272/1452 1453/2273/1453 1444/2264/1444 
f 1452/2272/1452 1444/2264/1444 1449/2269/1449 
f 1452/2272/1452 1449/2269/1449 1451/2271/1451 
f 1452/2345/1452 1451/2346/1451 1459/2347/1459 
f 1452/2345/1452 1459/2347/1459 1460/2348/1460 
f 1453/2357/1453 1452/2345/1452 1460/2348/1460 
f 1453/2357/1453 1460/2348/1460 1447/2358/1447 
f 1460/2280/1460 1461/2281/1461 1447/2282/1447 
f 1447/2282/1447 1461/2281/1461 1469/2290/1469 
f 1447/2282/1447 1469/2290/1469 1468/2289/1468 
f 1468/2289/1468 1469/2290/1469 1470/2291/1470 
f 1455/2354/1455 1468/2362/1468 1470/2355/1470 
f 1463/2353/1463 1455/2354/1455 1470/2355/1470 
f 1463/2353/1463 1470/2355/1470 1466/2356/1466 
f 1466/2356/1466 1464/2364/1464 1463/2353/1463 
f 1462/2283/1462 1463/2284/1463 1464/2285/1464 
f 1462/2283/1462 1464/2285/1464 1450/2270/1450 
f 1462/2283/1462 1450/2270/1450 1449/2269/1449 
f 1449/2269/1449 1472/2293/1472 1462/2283/1462 
f 1462/2283/1462 1472/2293/1472 1473/2294/1473 
f 1462/2283/1462 1473/2294/1473 1474/2295/1474 
f 1456/2276/1456 1462/2283/1462 1474/2295/1474 
f 1456/2276/1456 1474/2295/1474 1475/2296/1475 
f 1456/2276/1456 1475/2296/1475 1476/2297/1476 
f 1476/2297/1476 1444/2264/1444 1456/2276/1456 
f 1454/2274/1454 1456/2276/1456 1444/2264/1444 
f 1454/2274/1454 1455/2275/1455 1456/2276/1456 
f 1463/2284/1463 1456/2276/1456 1455/2275/1455 
f 1463/2284/1463 1462/2283/1462 1456/2276/1456 
f 1455/2354/1455 1454/2361/1454 1468/2362/1468 
f 1476/2297/1476 1471/2292/1471 1444/2264/1444 
f 1444/2264/1444 1471/2292/1471 1445/2265/1445 
f 1449/2269/1449 1509/2341/1509 1472/2293/1472 
f 1449/2269/1449 1477/2298/1477 1509/2341/1509 
f 1443/2263/1443 1477/2298/1477 1449/2269/1449 
f 1443/2263/1443 1449/2269/1449 1444/2264/1444 
f 1449/2269/1449 1450/2270/1450 1451/2271/1451 
f 1457/2359/1457 1451/2346/1451 1450/2360/1450 
f 1464/2349/1464 1457/2351/1457 1450/2352/1450 
f 1464/2349/1464 1465/2350/1465 1457/2351/1457 
f 1465/2286/1465 1458/2278/1458 1457/2277/1457 
f 1457/2277/1457 1458/2278/1458 1459/2279/1459 
f 1457/2359/1457 1459/2347/1459 1451/2346/1451 
f 1461/2281/1461 1459/2279/1459 1458/2278/1458 
f 1467/2288/1467 1461/2281/1461 1458/2278/1458 
f 1465/2286/1465 1467/2288/1467 1458/2278/1458 
f 1465/2286/1465 1466/2287/1466 1467/2288/1467 
f 1470/2291/1470 1467/2288/1467 1466/2287/1466 
f 1470/2291/1470 1469/2290/1469 1467/2288/1467 
f 1467/2288/1467 1469/2290/1469 1461/2281/1461 
f 1466/2356/1466 1465/2363/1465 1464/2364/1464 
f 1461/2281/1461 1460/2280/1460 1459/2279/1459 
f 1453/2300/1453 1510/2342/1510 1482/2306/1482 
f 1453/2300/1453 1484/2308/1484 1510/2342/1510 
f 1486/2339/1486 1508/2340/1508 1490/2314/1490 
f 1512/2344/1512 1508/2340/1508 1486/2339/1486 
f 1507/2337/1507 1512/2344/1512 1486/2339/1486 
f 1489/2313/1489 1501/2325/1501 1505/2335/1505 
f 1488/2312/1488 1501/2325/1501 1489/2313/1489 
f 1513/2365/1513 1499/2366/1499 1486/2367/1486 
f 1513/2373/1513 1494/2375/1494 1499/2376/1499 
f 1513/2373/1513 1514/2374/1514 1494/2375/1494 
f 1503/2377/1503 1494/2379/1494 1514/2380/1514 
f 1503/2377/1503 1496/2378/1496 1494/2379/1494 
f 1486/2310/1486 1491/2315/1491 1498/2322/1498 
f 1485/2309/1485 1491/2315/1491 1486/2310/1486 
# mm_gid 199
g mmGroup199
usemtl 12281_container
f 1515/2429/1515 1516/2430/1516 1517/2431/1517 
f 1515/2429/1515 1517/2431/1517 1518/2432/1518 
f 1523/2441/1523 1518/2442/1518 1517/2443/1517 
f 1523/2441/1523 1517/2443/1517 1524/2444/1524 
f 1522/2437/1522 1523/2439/1523 1524/2440/1524 
f 1522/2437/1522 1521/2438/1521 1523/2439/1523 
f 1519/2433/1519 1521/2435/1521 1522/2436/1522 
f 1519/2433/1519 1520/2434/1520 1521/2435/1521 
f 1519/2445/1519 1515/2429/1515 1520/2446/1520 
f 1519/2445/1519 1516/2430/1516 1515/2429/1515 
# mm_gid 201
g mmGroup201
usemtl 12281_container
f 1525/2447/1525 1526/2448/1526 1527/2449/1527 
f 1567/2559/1567 1525/2561/1525 1527/2562/1527 
f 1573/2567/1573 1567/2559/1567 1527/2562/1527 
f 1573/2567/1573 1527/2562/1527 1553/2568/1553 
f 1580/2581/1580 1573/2567/1573 1553/2568/1553 
f 1580/2581/1580 1553/2568/1553 1558/2582/1558 
f 1579/2574/1579 1580/2581/1580 1558/2582/1558 
f 1579/2574/1579 1558/2582/1558 1557/2575/1557 
f 1577/2573/1577 1579/2574/1579 1557/2575/1557 
f 1577/2573/1577 1557/2575/1557 1556/2576/1556 
f 1574/2570/1574 1577/2577/1577 1556/2578/1556 
f 1574/2570/1574 1556/2578/1556 1555/2571/1555 
f 1575/2569/1575 1574/2570/1574 1555/2571/1555 
f 1575/2569/1575 1555/2571/1555 1554/2572/1554 
f 1593/2579/1593 1575/2569/1575 1554/2572/1554 
f 1593/2579/1593 1554/2572/1554 1591/2580/1591 
f 1582/2583/1582 1593/2579/1593 1591/2580/1591 
f 1582/2583/1582 1591/2580/1591 1559/2584/1559 
f 1569/2585/1569 1582/2583/1582 1559/2584/1559 
f 1569/2585/1569 1559/2584/1559 1525/2586/1525 
f 1567/2559/1567 1569/2560/1569 1525/2561/1525 
f 1567/2495/1567 1568/2496/1568 1569/2497/1569 
f 1568/2496/1568 1581/2509/1581 1569/2497/1569 
f 1581/2509/1581 1582/2510/1582 1569/2497/1569 
f 1593/2523/1593 1582/2510/1582 1581/2509/1581 
f 1575/2503/1575 1593/2523/1593 1581/2509/1581 
f 1575/2503/1575 1581/2509/1581 1576/2504/1576 
f 1574/2502/1574 1575/2503/1575 1576/2504/1576 
f 1577/2505/1577 1574/2502/1574 1576/2504/1576 
f 1577/2505/1577 1576/2504/1576 1578/2506/1578 
f 1577/2505/1577 1578/2506/1578 1579/2507/1579 
f 1580/2508/1580 1579/2507/1579 1578/2506/1578 
f 1568/2496/1568 1580/2508/1580 1578/2506/1578 
f 1589/2519/1589 1568/2512/1568 1578/2514/1578 
f 1588/2518/1588 1589/2519/1589 1578/2514/1578 
f 1584/2513/1584 1588/2518/1588 1578/2514/1578 
f 1584/2513/1584 1578/2514/1578 1585/2515/1585 
f 1586/2516/1586 1584/2513/1584 1585/2515/1585 
f 1587/2517/1587 1586/2516/1586 1585/2515/1585 
f 1571/2499/1571 1587/2517/1587 1585/2515/1585 
f 1571/2547/1571 1585/2548/1585 1596/2549/1596 
f 1571/2547/1571 1596/2549/1596 1595/2550/1595 
f 1595/2543/1595 1568/2545/1568 1571/2546/1571 
f 1571/2499/1571 1568/2512/1568 1572/2500/1572 
f 1570/2498/1570 1571/2499/1571 1572/2500/1572 
f 1570/2563/1570 1572/2564/1572 1528/2565/1528 
f 1570/2563/1570 1528/2565/1528 1530/2566/1530 
f 1583/2587/1583 1570/2563/1570 1530/2566/1530 
f 1583/2587/1583 1530/2566/1530 1560/2588/1560 
f 1587/2589/1587 1583/2587/1583 1560/2588/1560 
f 1587/2589/1587 1560/2588/1560 1563/2590/1563 
f 1586/2592/1586 1587/2595/1587 1563/2596/1563 
f 1586/2592/1586 1563/2596/1563 1562/2593/1562 
f 1584/2591/1584 1586/2592/1586 1562/2593/1562 
f 1584/2591/1584 1562/2593/1562 1561/2594/1561 
f 1588/2601/1588 1584/2603/1584 1561/2604/1561 
f 1588/2601/1588 1561/2604/1561 1565/2602/1565 
f 1589/2598/1589 1588/2601/1588 1565/2602/1565 
f 1589/2598/1589 1565/2602/1565 1564/2599/1564 
f 1594/2597/1594 1589/2598/1589 1564/2599/1564 
f 1594/2597/1594 1564/2599/1564 1592/2600/1592 
f 1590/2605/1590 1594/2597/1594 1592/2600/1592 
f 1590/2605/1590 1592/2600/1592 1566/2606/1566 
f 1572/2607/1572 1590/2605/1590 1566/2606/1566 
f 1572/2607/1572 1566/2606/1566 1528/2608/1528 
f 1528/2450/1528 1566/2494/1566 1535/2457/1535 
f 1528/2450/1528 1535/2457/1535 1529/2451/1529 
f 1528/2450/1528 1529/2451/1529 1530/2452/1530 
f 1529/2451/1529 1560/2487/1560 1530/2452/1530 
f 1563/2491/1563 1560/2487/1560 1529/2451/1529 
f 1563/2491/1563 1529/2451/1529 1550/2488/1550 
f 1550/2488/1550 1562/2490/1562 1563/2491/1563 
f 1550/2488/1550 1561/2489/1561 1562/2490/1562 
f 1550/2488/1550 1536/2459/1536 1561/2489/1561 
f 1536/2459/1536 1565/2493/1565 1561/2489/1561 
f 1536/2459/1536 1564/2492/1564 1565/2493/1565 
f 1535/2457/1535 1564/2492/1564 1536/2459/1536 
f 1536/2459/1536 1526/2458/1526 1535/2457/1535 
f 1534/2456/1534 1535/2457/1535 1526/2458/1526 
f 1534/2525/1534 1526/2535/1526 1531/2536/1531 
f 1534/2525/1534 1531/2536/1531 1533/2526/1533 
f 1534/2525/1534 1533/2526/1533 1541/2527/1541 
f 1534/2525/1534 1541/2527/1541 1542/2528/1542 
f 1535/2457/1535 1534/2456/1534 1542/2539/1542 
f 1535/2457/1535 1542/2539/1542 1529/2451/1529 
f 1542/2465/1542 1543/2466/1543 1529/2467/1529 
f 1529/2467/1529 1543/2466/1543 1551/2475/1551 
f 1529/2467/1529 1551/2475/1551 1550/2474/1550 
f 1550/2474/1550 1551/2475/1551 1552/2476/1552 
f 1537/2460/1537 1550/2488/1550 1552/2541/1552 
f 1545/2531/1545 1537/2532/1537 1552/2533/1552 
f 1545/2531/1545 1552/2533/1552 1548/2534/1548 
f 1548/2542/1548 1546/2470/1546 1545/2469/1545 
f 1544/2468/1544 1545/2469/1545 1546/2470/1546 
f 1544/2468/1544 1546/2470/1546 1532/2454/1532 
f 1544/2468/1544 1532/2454/1532 1531/2453/1531 
f 1531/2486/1531 1554/2479/1554 1544/2478/1544 
f 1544/2478/1544 1554/2479/1554 1555/2480/1555 
f 1544/2478/1544 1555/2480/1555 1556/2482/1556 
f 1538/2481/1538 1544/2478/1544 1556/2482/1556 
f 1538/2481/1538 1556/2482/1556 1557/2483/1557 
f 1538/2481/1538 1557/2483/1557 1558/2484/1558 
f 1558/2484/1558 1526/2448/1526 1538/2481/1538 
f 1536/2459/1536 1538/2461/1538 1526/2458/1526 
f 1536/2459/1536 1537/2460/1537 1538/2461/1538 
f 1545/2531/1545 1538/2538/1538 1537/2532/1537 
f 1545/2531/1545 1544/2537/1544 1538/2538/1538 
f 1537/2460/1537 1536/2459/1536 1550/2488/1550 
f 1558/2484/1558 1553/2477/1553 1526/2448/1526 
f 1526/2448/1526 1553/2477/1553 1527/2449/1527 
f 1531/2486/1531 1591/2521/1591 1554/2479/1554 
f 1531/2486/1531 1559/2485/1559 1591/2521/1591 
f 1525/2447/1525 1559/2485/1559 1531/2486/1531 
f 1525/2447/1525 1531/2486/1531 1526/2448/1526 
f 1531/2453/1531 1532/2454/1532 1533/2455/1533 
f 1539/2530/1539 1533/2455/1533 1532/2454/1532 
f 1546/2470/1546 1539/2530/1539 1532/2454/1532 
f 1546/2470/1546 1547/2529/1547 1539/2530/1539 
f 1547/2471/1547 1540/2463/1540 1539/2462/1539 
f 1539/2462/1539 1540/2463/1540 1541/2464/1541 
f 1539/2530/1539 1541/2540/1541 1533/2455/1533 
f 1543/2466/1543 1541/2464/1541 1540/2463/1540 
f 1549/2473/1549 1543/2466/1543 1540/2463/1540 
f 1547/2471/1547 1549/2473/1549 1540/2463/1540 
f 1547/2471/1547 1548/2472/1548 1549/2473/1549 
f 1552/2476/1552 1549/2473/1549 1548/2472/1548 
f 1552/2476/1552 1551/2475/1551 1549/2473/1549 
f 1549/2473/1549 1551/2475/1551 1543/2466/1543 
f 1548/2542/1548 1547/2529/1547 1546/2470/1546 
f 1543/2466/1543 1542/2465/1542 1541/2464/1541 
f 1535/2457/1535 1592/2522/1592 1564/2492/1564 
f 1535/2457/1535 1566/2494/1566 1592/2522/1592 
f 1568/2512/1568 1590/2520/1590 1572/2500/1572 
f 1594/2524/1594 1590/2520/1590 1568/2512/1568 
f 1589/2519/1589 1594/2524/1594 1568/2512/1568 
f 1571/2499/1571 1583/2511/1583 1587/2517/1587 
f 1570/2498/1570 1583/2511/1583 1571/2499/1571 
f 1595/2543/1595 1581/2544/1581 1568/2545/1568 
f 1595/2551/1595 1576/2553/1576 1581/2554/1581 
f 1595/2551/1595 1596/2552/1596 1576/2553/1576 
f 1585/2555/1585 1576/2557/1576 1596/2558/1596 
f 1585/2555/1585 1578/2556/1578 1576/2557/1576 
f 1568/2496/1568 1573/2501/1573 1580/2508/1580 
f 1567/2495/1567 1573/2501/1573 1568/2496/1568 
# mm_gid 203
g mmGroup203
usemtl 12281_container
f 1597/2609/1597 1598/2610/1598 1599/2611/1599 
f 1597/2609/1597 1599/2611/1599 1603/2647/1603 
f 1597/2609/1597 1603/2647/1603 1631/2648/1631 
f 1640/2747/1640 1597/2748/1597 1631/2746/1631 
f 1640/2747/1640 1631/2746/1631 1654/2745/1654 
f 1653/2671/1653 1640/2658/1640 1654/2672/1654 
f 1653/2671/1653 1654/2672/1654 1667/2719/1667 
f 1653/2671/1653 1667/2719/1667 1648/2666/1648 
f 1648/2666/1648 1647/2665/1647 1653/2671/1653 
f 1665/2711/1665 1653/2712/1653 1647/2713/1647 
f 1665/2711/1665 1647/2713/1647 1666/2714/1666 
f 1644/2707/1644 1665/2708/1665 1666/2709/1666 
f 1644/2707/1644 1666/2709/1666 1657/2710/1657 
f 1644/2662/1644 1657/2676/1657 1659/2679/1659 
f 1644/2662/1644 1659/2679/1659 1655/2673/1655 
f 1642/2660/1642 1644/2662/1644 1655/2673/1655 
f 1655/2749/1655 1601/2726/1601 1642/2725/1642 
f 1642/2725/1642 1601/2726/1601 1600/2727/1600 
f 1642/2725/1642 1600/2727/1600 1643/2728/1643 
f 1642/2660/1642 1643/2661/1643 1644/2662/1644 
f 1644/2662/1644 1643/2661/1643 1641/2674/1641 
f 1665/2703/1665 1644/2704/1644 1641/2705/1641 
f 1665/2703/1665 1641/2705/1641 1653/2706/1653 
f 1641/2659/1641 1640/2658/1640 1653/2671/1653 
f 1639/2657/1639 1640/2658/1640 1641/2659/1641 
f 1639/2657/1639 1641/2659/1641 1645/2663/1645 
f 1645/2729/1645 1598/2722/1598 1639/2721/1639 
f 1639/2721/1639 1598/2722/1598 1597/2723/1597 
f 1639/2721/1639 1597/2723/1597 1640/2724/1640 
f 1645/2729/1645 1625/2730/1625 1598/2722/1598 
f 1599/2611/1599 1598/2610/1598 1625/2639/1625 
f 1630/2646/1630 1599/2611/1599 1625/2639/1625 
f 1652/2744/1652 1630/2743/1630 1625/2730/1625 
f 1652/2744/1652 1625/2730/1625 1645/2729/1645 
f 1641/2659/1641 1652/2670/1652 1645/2663/1645 
f 1641/2659/1641 1651/2669/1651 1652/2670/1652 
f 1652/2670/1652 1651/2669/1651 1650/2668/1650 
f 1650/2738/1650 1630/2743/1630 1652/2744/1652 
f 1650/2738/1650 1628/2737/1628 1630/2743/1630 
f 1609/2643/1609 1630/2646/1630 1628/2644/1628 
f 1609/2643/1609 1628/2644/1628 1629/2645/1629 
f 1609/2643/1609 1629/2645/1629 1616/2640/1616 
f 1618/2689/1618 1609/2695/1609 1616/2696/1616 
f 1616/2630/1616 1617/2631/1617 1618/2632/1618 
f 1621/2700/1621 1618/2632/1618 1617/2631/1617 
f 1621/2700/1621 1617/2631/1617 1619/2688/1619 
f 1619/2633/1619 1620/2634/1620 1621/2635/1621 
f 1623/2637/1623 1621/2635/1621 1620/2634/1620 
f 1623/2637/1623 1620/2634/1620 1624/2638/1624 
f 1622/2636/1622 1623/2637/1623 1624/2638/1624 
f 1602/2628/1602 1622/2636/1622 1624/2638/1624 
f 1602/2628/1602 1624/2638/1624 1615/2629/1615 
f 1614/2627/1614 1602/2628/1602 1615/2629/1615 
f 1615/2629/1615 1612/2625/1612 1614/2627/1614 
f 1606/2683/1606 1614/2684/1614 1612/2685/1612 
f 1606/2683/1606 1612/2685/1612 1604/2686/1604 
f 1606/2683/1606 1604/2686/1604 1603/2693/1603 
f 1606/2683/1606 1603/2693/1603 1599/2694/1599 
f 1606/2618/1606 1599/2619/1599 1607/2620/1607 
f 1607/2620/1607 1614/2697/1614 1606/2618/1606 
f 1607/2620/1607 1602/2614/1602 1614/2697/1614 
f 1600/2612/1600 1602/2614/1602 1607/2620/1607 
f 1600/2612/1600 1607/2620/1607 1638/2656/1638 
f 1643/2767/1643 1600/2768/1600 1638/2766/1638 
f 1643/2767/1643 1638/2766/1638 1662/2765/1662 
f 1641/2674/1641 1643/2661/1643 1662/2682/1662 
f 1641/2674/1641 1662/2682/1662 1668/2720/1668 
f 1641/2674/1641 1668/2720/1668 1661/2681/1661 
f 1661/2681/1661 1651/2677/1651 1641/2674/1641 
f 1660/2680/1660 1651/2677/1651 1661/2681/1661 
f 1661/2760/1661 1636/2761/1636 1660/2762/1660 
f 1660/2762/1660 1636/2761/1636 1633/2763/1633 
f 1660/2762/1660 1633/2763/1633 1656/2764/1656 
f 1656/2675/1656 1651/2677/1651 1660/2680/1660 
f 1656/2675/1656 1657/2676/1657 1651/2677/1651 
f 1657/2715/1657 1647/2717/1647 1651/2718/1651 
f 1649/2667/1649 1651/2669/1651 1647/2665/1647 
f 1649/2667/1649 1647/2665/1647 1646/2664/1646 
f 1646/2734/1646 1629/2739/1629 1649/2740/1649 
f 1649/2735/1649 1629/2736/1629 1628/2737/1628 
f 1649/2735/1649 1628/2737/1628 1650/2738/1650 
f 1649/2667/1649 1650/2668/1650 1651/2669/1651 
f 1646/2734/1646 1626/2733/1626 1629/2739/1629 
f 1616/2640/1616 1629/2645/1629 1626/2641/1626 
f 1616/2640/1616 1626/2641/1626 1627/2642/1627 
f 1603/2647/1603 1616/2640/1616 1627/2642/1627 
f 1603/2647/1603 1627/2642/1627 1663/2701/1663 
f 1603/2647/1603 1663/2701/1663 1631/2648/1631 
f 1654/2745/1654 1631/2746/1631 1663/2742/1663 
f 1654/2745/1654 1663/2742/1663 1667/2741/1667 
f 1667/2741/1667 1663/2742/1663 1627/2732/1627 
f 1667/2741/1667 1627/2732/1627 1648/2731/1648 
f 1648/2731/1648 1627/2732/1627 1626/2733/1626 
f 1648/2731/1648 1626/2733/1626 1646/2734/1646 
f 1646/2664/1646 1647/2665/1647 1648/2666/1648 
f 1616/2630/1616 1603/2615/1603 1605/2617/1605 
f 1616/2630/1616 1605/2617/1605 1617/2631/1617 
f 1617/2631/1617 1605/2617/1605 1611/2687/1611 
f 1617/2631/1617 1611/2687/1611 1619/2688/1619 
f 1619/2633/1619 1611/2624/1611 1613/2626/1613 
f 1619/2633/1619 1613/2626/1613 1620/2634/1620 
f 1620/2634/1620 1613/2626/1613 1615/2629/1615 
f 1620/2634/1620 1615/2629/1615 1624/2638/1624 
f 1615/2629/1615 1613/2626/1613 1612/2625/1612 
f 1611/2624/1611 1612/2625/1612 1613/2626/1613 
f 1611/2687/1611 1604/2616/1604 1612/2698/1612 
f 1611/2687/1611 1605/2617/1605 1604/2616/1604 
f 1603/2615/1603 1604/2616/1604 1605/2617/1605 
f 1657/2715/1657 1666/2716/1666 1647/2717/1647 
f 1658/2678/1658 1657/2676/1657 1656/2675/1656 
f 1656/2753/1656 1634/2755/1634 1658/2756/1658 
f 1658/2756/1658 1634/2755/1634 1635/2752/1635 
f 1658/2756/1658 1635/2752/1635 1659/2751/1659 
f 1659/2679/1659 1657/2676/1657 1658/2678/1658 
f 1659/2751/1659 1635/2752/1635 1632/2750/1632 
f 1659/2751/1659 1632/2750/1632 1655/2749/1655 
f 1655/2749/1655 1632/2750/1632 1601/2726/1601 
f 1602/2614/1602 1601/2613/1601 1632/2649/1632 
f 1635/2653/1635 1602/2614/1602 1632/2649/1632 
f 1635/2653/1635 1622/2650/1622 1602/2614/1602 
f 1622/2650/1622 1635/2653/1635 1634/2652/1634 
f 1622/2650/1622 1634/2652/1634 1633/2651/1633 
f 1622/2650/1622 1633/2651/1633 1608/2621/1608 
f 1610/2623/1610 1622/2650/1622 1608/2621/1608 
f 1608/2621/1608 1609/2622/1609 1610/2623/1610 
f 1618/2689/1618 1610/2692/1610 1609/2695/1609 
f 1618/2689/1618 1623/2691/1623 1610/2692/1610 
f 1610/2623/1610 1623/2699/1623 1622/2650/1622 
f 1618/2689/1618 1621/2690/1621 1623/2691/1623 
f 1608/2621/1608 1599/2619/1599 1609/2622/1609 
f 1630/2646/1630 1609/2643/1609 1599/2611/1599 
f 1608/2621/1608 1607/2620/1607 1599/2619/1599 
f 1607/2620/1607 1608/2621/1608 1637/2655/1637 
f 1607/2620/1607 1637/2655/1637 1664/2702/1664 
f 1607/2620/1607 1664/2702/1664 1638/2656/1638 
f 1662/2765/1662 1638/2766/1638 1664/2758/1664 
f 1662/2765/1662 1664/2758/1664 1668/2757/1668 
f 1668/2757/1668 1664/2758/1664 1637/2759/1637 
f 1668/2757/1668 1637/2759/1637 1661/2760/1661 
f 1661/2760/1661 1637/2759/1637 1636/2761/1636 
f 1608/2621/1608 1636/2654/1636 1637/2655/1637 
f 1608/2621/1608 1633/2651/1633 1636/2654/1636 
f 1656/2753/1656 1633/2754/1633 1634/2755/1634 
f 1600/2612/1600 1601/2613/1601 1602/2614/1602 
# mm_gid 205
g mmGroup205
usemtl 12281_container
f 1669/2769/1669 1670/2770/1670 1671/2771/1671 
f 1669/2769/1669 1671/2771/1671 1672/2772/1672 
f 1672/2853/1672 1718/2855/1718 1669/2856/1669 
f 1669/2769/1669 1718/2857/1718 1719/2858/1719 
f 1669/2769/1669 1719/2858/1719 1686/2798/1686 
f 1676/2781/1676 1669/2784/1669 1686/2823/1686 
f 1676/2781/1676 1686/2823/1686 1695/2822/1695 
f 1673/2773/1673 1676/2776/1676 1695/2807/1695 
f 1673/2773/1673 1695/2807/1695 1694/2806/1694 
f 1683/2795/1683 1673/2794/1673 1694/2851/1694 
f 1683/2795/1683 1694/2851/1694 1716/2850/1716 
f 1715/2849/1715 1716/2850/1716 1694/2851/1694 
f 1715/2849/1715 1694/2851/1694 1693/2852/1693 
f 1693/2805/1693 1694/2806/1694 1695/2807/1695 
f 1693/2805/1693 1695/2807/1695 1696/2808/1696 
f 1696/2821/1696 1695/2822/1695 1686/2823/1686 
f 1696/2821/1696 1686/2823/1686 1685/2824/1685 
f 1685/2797/1685 1686/2798/1686 1687/2799/1687 
f 1685/2797/1685 1687/2799/1687 1688/2800/1688 
f 1688/2833/1688 1687/2834/1687 1706/2835/1706 
f 1688/2833/1688 1706/2835/1706 1705/2836/1705 
f 1705/2817/1705 1706/2818/1706 1707/2819/1707 
f 1705/2817/1705 1707/2819/1707 1708/2820/1708 
f 1708/2837/1708 1707/2838/1707 1709/2839/1709 
f 1708/2837/1708 1709/2839/1709 1710/2840/1710 
f 1709/2897/1709 1734/2899/1734 1710/2900/1710 
f 1709/2897/1709 1733/2898/1733 1734/2899/1734 
f 1682/2904/1682 1733/2898/1733 1709/2897/1709 
f 1678/2789/1678 1682/2792/1682 1709/2839/1709 
f 1678/2789/1678 1709/2839/1709 1707/2838/1707 
f 1679/2779/1679 1678/2778/1678 1707/2819/1707 
f 1679/2779/1679 1707/2819/1707 1706/2818/1706 
f 1672/2787/1672 1679/2786/1679 1706/2835/1706 
f 1672/2787/1672 1706/2835/1706 1687/2834/1687 
f 1687/2834/1687 1717/2864/1717 1672/2787/1672 
f 1672/2853/1672 1717/2854/1717 1718/2855/1718 
f 1717/2854/1717 1726/2878/1726 1718/2855/1718 
f 1718/2879/1718 1726/2880/1726 1727/2881/1727 
f 1718/2879/1718 1727/2881/1727 1719/2882/1719 
f 1719/2860/1719 1727/2883/1727 1728/2884/1728 
f 1719/2860/1719 1728/2884/1728 1720/2861/1720 
f 1686/2859/1686 1719/2860/1719 1720/2861/1720 
f 1686/2859/1686 1720/2861/1720 1687/2862/1687 
f 1687/2834/1687 1720/2863/1720 1717/2864/1717 
f 1720/2863/1720 1725/2886/1725 1717/2864/1717 
f 1717/2854/1717 1725/2877/1725 1726/2878/1726 
f 1727/2909/1727 1726/2910/1726 1725/2911/1725 
f 1727/2909/1727 1725/2911/1725 1728/2912/1728 
f 1720/2863/1720 1728/2885/1728 1725/2886/1725 
f 1680/2785/1680 1679/2786/1679 1672/2787/1672 
f 1680/2785/1680 1672/2787/1672 1671/2788/1671 
f 1680/2785/1680 1671/2788/1671 1690/2831/1690 
f 1680/2785/1680 1690/2831/1690 1703/2830/1703 
f 1677/2777/1677 1680/2780/1680 1703/2815/1703 
f 1677/2777/1677 1703/2815/1703 1702/2814/1702 
f 1681/2791/1681 1677/2790/1677 1702/2843/1702 
f 1681/2791/1681 1702/2843/1702 1712/2842/1712 
f 1712/2908/1712 1735/2902/1735 1681/2901/1681 
f 1681/2901/1681 1735/2902/1735 1736/2903/1736 
f 1681/2901/1681 1736/2903/1736 1682/2904/1682 
f 1678/2789/1678 1681/2791/1681 1682/2792/1682 
f 1678/2789/1678 1677/2790/1677 1681/2791/1681 
f 1677/2777/1677 1678/2778/1678 1679/2779/1679 
f 1677/2777/1677 1679/2779/1679 1680/2780/1680 
f 1682/2904/1682 1736/2903/1736 1733/2898/1733 
f 1712/2908/1712 1738/2907/1738 1735/2902/1735 
f 1711/2905/1711 1738/2907/1738 1712/2908/1712 
f 1711/2841/1711 1712/2842/1712 1702/2843/1702 
f 1711/2841/1711 1702/2843/1702 1701/2844/1701 
f 1701/2813/1701 1702/2814/1702 1703/2815/1703 
f 1701/2813/1701 1703/2815/1703 1704/2816/1704 
f 1704/2829/1704 1703/2830/1703 1690/2831/1690 
f 1704/2829/1704 1690/2831/1690 1689/2832/1689 
f 1689/2801/1689 1690/2802/1690 1691/2803/1691 
f 1689/2801/1689 1691/2803/1691 1692/2804/1692 
f 1692/2825/1692 1691/2826/1691 1698/2827/1698 
f 1692/2825/1692 1698/2827/1698 1697/2828/1697 
f 1697/2809/1697 1698/2810/1698 1699/2811/1699 
f 1697/2809/1697 1699/2811/1699 1700/2812/1700 
f 1700/2845/1700 1699/2846/1699 1713/2847/1713 
f 1700/2845/1700 1713/2847/1713 1714/2848/1714 
f 1674/2793/1674 1713/2847/1713 1699/2846/1699 
f 1675/2775/1675 1674/2774/1674 1699/2811/1699 
f 1675/2775/1675 1699/2811/1699 1698/2810/1698 
f 1670/2783/1670 1675/2782/1675 1698/2827/1698 
f 1670/2783/1670 1698/2827/1698 1691/2826/1691 
f 1691/2803/1691 1721/2876/1721 1670/2770/1670 
f 1670/2865/1670 1721/2866/1721 1722/2867/1722 
f 1670/2865/1670 1722/2867/1722 1671/2868/1671 
f 1671/2788/1671 1722/2869/1722 1723/2870/1723 
f 1671/2788/1671 1723/2870/1723 1690/2831/1690 
f 1690/2871/1690 1723/2872/1723 1724/2873/1724 
f 1690/2871/1690 1724/2873/1724 1691/2874/1691 
f 1691/2803/1691 1724/2875/1724 1721/2876/1721 
f 1724/2893/1724 1729/2895/1729 1721/2896/1721 
f 1721/2866/1721 1729/2887/1729 1730/2888/1730 
f 1721/2866/1721 1730/2888/1730 1722/2867/1722 
f 1722/2869/1722 1730/2889/1730 1731/2890/1731 
f 1722/2869/1722 1731/2890/1731 1723/2870/1723 
f 1723/2872/1723 1731/2891/1731 1732/2892/1732 
f 1723/2872/1723 1732/2892/1732 1724/2873/1724 
f 1724/2893/1724 1732/2894/1732 1729/2895/1729 
f 1731/2913/1731 1729/2915/1729 1732/2916/1732 
f 1731/2913/1731 1730/2914/1730 1729/2915/1729 
f 1676/2781/1676 1675/2782/1675 1670/2783/1670 
f 1676/2781/1676 1670/2783/1670 1669/2784/1669 
f 1673/2773/1673 1675/2775/1675 1676/2776/1676 
f 1673/2773/1673 1674/2774/1674 1675/2775/1675 
f 1674/2793/1674 1673/2794/1673 1683/2795/1683 
f 1674/2793/1674 1683/2795/1683 1684/2796/1684 
f 1674/2793/1674 1684/2796/1684 1713/2847/1713 
f 1711/2905/1711 1737/2906/1737 1738/2907/1738 
# mm_gid 208
g mmGroup208
usemtl 12281_container
f 1739/2917/1739 1740/2918/1740 1741/2919/1741 
f 1739/2917/1739 1741/2919/1741 1742/2920/1742 
f 1774/2981/1774 1739/2983/1739 1742/2984/1742 
f 1789/3053/1789 1774/2981/1774 1742/2984/1742 
f 1789/3053/1789 1742/2984/1742 1755/3054/1755 
f 1781/2998/1781 1789/3047/1789 1755/3048/1755 
f 1781/2998/1781 1755/3048/1755 1747/2999/1747 
f 1782/2997/1782 1781/2998/1781 1747/2999/1747 
f 1782/2997/1782 1747/2999/1747 1750/3000/1750 
f 1800/3045/1800 1782/2997/1782 1750/3000/1750 
f 1800/3045/1800 1750/3000/1750 1768/3046/1768 
f 1777/2990/1777 1800/3059/1800 1768/3060/1768 
f 1777/2990/1777 1768/3060/1768 1743/2991/1743 
f 1778/2989/1778 1777/2990/1777 1743/2991/1743 
f 1778/2989/1778 1743/2991/1743 1746/2992/1746 
f 1797/3057/1797 1778/2989/1778 1746/2992/1746 
f 1797/3057/1797 1746/2992/1746 1763/3058/1763 
f 1785/3006/1785 1797/3051/1797 1763/3052/1763 
f 1785/3006/1785 1763/3052/1763 1751/3007/1751 
f 1786/3005/1786 1785/3006/1785 1751/3007/1751 
f 1786/3005/1786 1751/3007/1751 1754/3008/1754 
f 1792/3049/1792 1786/3005/1786 1754/3008/1754 
f 1792/3049/1792 1754/3008/1754 1760/3050/1760 
f 1773/2982/1773 1792/3055/1792 1760/3056/1760 
f 1773/2982/1773 1760/3056/1760 1739/2983/1739 
f 1774/2981/1774 1773/2982/1773 1739/2983/1739 
f 1771/2949/1771 1773/2951/1773 1774/2952/1774 
f 1788/2966/1788 1771/2949/1771 1774/2952/1774 
f 1788/2966/1788 1774/2952/1774 1789/2967/1789 
f 1787/2965/1787 1788/2966/1788 1789/2967/1789 
f 1787/2965/1787 1789/2967/1789 1790/2968/1790 
f 1787/3013/1787 1790/3014/1790 1758/3015/1758 
f 1787/3013/1787 1758/3015/1758 1757/3016/1757 
f 1788/3017/1788 1787/3018/1787 1757/3019/1757 
f 1788/3017/1788 1757/3019/1757 1756/3020/1756 
f 1771/2986/1771 1788/3017/1788 1756/3020/1756 
f 1771/2986/1771 1756/3020/1756 1741/2987/1741 
f 1772/2985/1772 1771/2986/1771 1741/2987/1741 
f 1772/2985/1772 1741/2987/1741 1740/2988/1740 
f 1793/3026/1793 1772/2985/1772 1740/2988/1740 
f 1793/3026/1793 1740/2988/1740 1759/3027/1759 
f 1794/3025/1794 1793/3026/1793 1759/3027/1759 
f 1794/3025/1794 1759/3027/1759 1762/3028/1762 
f 1791/3021/1791 1794/3022/1794 1762/3023/1762 
f 1791/3021/1791 1762/3023/1762 1761/3024/1761 
f 1783/3010/1783 1791/3021/1791 1761/3024/1761 
f 1783/3010/1783 1761/3024/1761 1753/3011/1753 
f 1784/3009/1784 1783/3010/1783 1753/3011/1753 
f 1784/3009/1784 1753/3011/1753 1752/3012/1752 
f 1798/3030/1798 1784/3009/1784 1752/3012/1752 
f 1798/3030/1798 1752/3012/1752 1766/3031/1766 
f 1795/3029/1795 1798/3030/1798 1766/3031/1766 
f 1795/3029/1795 1766/3031/1766 1765/3032/1765 
f 1796/3033/1796 1795/3034/1795 1765/3035/1765 
f 1796/3033/1796 1765/3035/1765 1764/3036/1764 
f 1775/2994/1775 1796/3033/1796 1764/3036/1764 
f 1775/2994/1775 1764/3036/1764 1745/2995/1745 
f 1776/2993/1776 1775/2994/1775 1745/2995/1745 
f 1776/2993/1776 1745/2995/1745 1744/2996/1744 
f 1801/3042/1801 1776/2993/1776 1744/2996/1744 
f 1801/3042/1801 1744/2996/1744 1767/3043/1767 
f 1802/3041/1802 1801/3042/1801 1767/3043/1767 
f 1802/3041/1802 1767/3043/1767 1770/3044/1770 
f 1799/3037/1799 1802/3038/1802 1770/3039/1770 
f 1799/3037/1799 1770/3039/1770 1769/3040/1769 
f 1779/3002/1779 1799/3037/1799 1769/3040/1769 
f 1779/3002/1779 1769/3040/1769 1749/3003/1749 
f 1780/3001/1780 1779/3002/1779 1749/3003/1749 
f 1780/3001/1780 1749/3003/1749 1748/3004/1748 
f 1790/3014/1790 1780/3001/1780 1748/3004/1748 
f 1790/3014/1790 1748/3004/1748 1758/3015/1758 
f 1748/2926/1748 1755/2933/1755 1758/2936/1758 
f 1755/2933/1755 1757/2935/1757 1758/2936/1758 
f 1755/2933/1755 1756/2934/1756 1757/2935/1757 
f 1742/2920/1742 1756/2934/1756 1755/2933/1755 
f 1742/2920/1742 1741/2919/1741 1756/2934/1756 
f 1748/2926/1748 1747/2925/1747 1755/2933/1755 
f 1747/2925/1747 1748/2926/1748 1749/2927/1749 
f 1747/2925/1747 1749/2927/1749 1750/2928/1750 
f 1750/2928/1750 1749/2927/1749 1769/2947/1769 
f 1750/2928/1750 1769/2947/1769 1768/2946/1768 
f 1767/2945/1767 1768/2946/1768 1769/2947/1769 
f 1767/2945/1767 1769/2947/1769 1770/2948/1770 
f 1744/2922/1744 1768/2946/1768 1767/2945/1767 
f 1744/2922/1744 1743/2921/1743 1768/2946/1768 
f 1743/2921/1743 1744/2922/1744 1745/2923/1745 
f 1743/2921/1743 1745/2923/1745 1746/2924/1746 
f 1746/2924/1746 1745/2923/1745 1764/2942/1764 
f 1746/2924/1746 1764/2942/1764 1763/2941/1763 
f 1763/2941/1763 1764/2942/1764 1765/2943/1765 
f 1763/2941/1763 1765/2943/1765 1766/2944/1766 
f 1752/2930/1752 1763/2941/1763 1766/2944/1766 
f 1752/2930/1752 1751/2929/1751 1763/2941/1763 
f 1751/2929/1751 1752/2930/1752 1753/2931/1753 
f 1751/2929/1751 1753/2931/1753 1754/2932/1754 
f 1754/2932/1754 1753/2931/1753 1761/2939/1761 
f 1754/2932/1754 1761/2939/1761 1760/2938/1760 
f 1759/2937/1759 1760/2938/1760 1761/2939/1761 
f 1759/2937/1759 1761/2939/1761 1762/2940/1762 
f 1740/2918/1740 1760/2938/1760 1759/2937/1759 
f 1740/2918/1740 1739/2917/1739 1760/2938/1760 
f 1789/2967/1789 1780/2958/1780 1790/2968/1790 
f 1789/2967/1789 1781/2959/1781 1780/2958/1780 
f 1779/2957/1779 1780/2958/1780 1781/2959/1781 
f 1779/2957/1779 1781/2959/1781 1782/2960/1782 
f 1799/2977/1799 1779/2957/1779 1782/2960/1782 
f 1799/2977/1799 1782/2960/1782 1800/2978/1800 
f 1799/2977/1799 1800/2978/1800 1801/2979/1801 
f 1799/2977/1799 1801/2979/1801 1802/2980/1802 
f 1800/2978/1800 1776/2954/1776 1801/2979/1801 
f 1800/2978/1800 1777/2955/1777 1776/2954/1776 
f 1775/2953/1775 1776/2954/1776 1777/2955/1777 
f 1775/2953/1775 1777/2955/1777 1778/2956/1778 
f 1796/2974/1796 1775/2953/1775 1778/2956/1778 
f 1796/2974/1796 1778/2956/1778 1797/2975/1797 
f 1795/2973/1795 1796/2974/1796 1797/2975/1797 
f 1795/2973/1795 1797/2975/1797 1798/2976/1798 
f 1797/2975/1797 1784/2962/1784 1798/2976/1798 
f 1797/2975/1797 1785/2963/1785 1784/2962/1784 
f 1783/2961/1783 1784/2962/1784 1785/2963/1785 
f 1783/2961/1783 1785/2963/1785 1786/2964/1786 
f 1791/2969/1791 1783/2961/1783 1786/2964/1786 
f 1791/2969/1791 1786/2964/1786 1792/2970/1792 
f 1791/2969/1791 1792/2970/1792 1793/2971/1793 
f 1791/2969/1791 1793/2971/1793 1794/2972/1794 
f 1792/2970/1792 1772/2950/1772 1793/2971/1793 
f 1792/2970/1792 1773/2951/1773 1772/2950/1772 
f 1771/2949/1771 1772/2950/1772 1773/2951/1773 
# mm_gid 210
g mmGroup210
usemtl 12281_container
f 1803/3061/1803 1804/3062/1804 1805/3063/1805 
f 1925/3194/1925 1803/3061/1803 1805/3063/1805 
f 1904/3232/1904 1925/3233/1925 1805/3234/1805 
f 1904/3232/1904 1805/3234/1805 1901/3235/1901 
f 1901/3170/1901 1883/3152/1883 1904/3173/1904 
f 1904/3173/1904 1883/3152/1883 1882/3151/1882 
f 1904/3173/1904 1882/3151/1882 1905/3174/1905 
f 1904/3173/1904 1905/3174/1905 1906/3175/1906 
f 1904/3173/1904 1906/3175/1906 1907/3176/1907 
f 1922/3216/1922 1904/3218/1904 1907/3219/1907 
f 1891/3305/1891 1922/3216/1922 1907/3219/1907 
f 1891/3305/1891 1907/3219/1907 1888/3306/1888 
f 1888/3157/1888 1890/3159/1890 1891/3160/1891 
f 1891/3280/1891 1890/3281/1890 1923/3192/1923 
f 1891/3280/1891 1923/3192/1923 1922/3191/1922 
f 1922/3191/1922 1923/3192/1923 1924/3193/1924 
f 1922/3191/1922 1924/3193/1924 1925/3194/1925 
f 1922/3216/1922 1925/3217/1925 1904/3218/1904 
f 1924/3193/1924 1941/3258/1941 1925/3194/1925 
f 1925/3194/1925 1941/3258/1941 1803/3061/1803 
f 1924/3193/1924 1940/3257/1940 1941/3258/1941 
f 1865/3134/1865 1940/3257/1940 1924/3193/1924 
f 1833/3228/1833 1865/3229/1865 1924/3230/1924 
f 1833/3228/1833 1924/3230/1924 1905/3231/1905 
f 1905/3174/1905 1834/3096/1834 1833/3095/1833 
f 1832/3094/1832 1833/3095/1833 1834/3096/1834 
f 1832/3094/1832 1834/3096/1834 1835/3097/1835 
f 1873/3142/1873 1832/3094/1832 1835/3097/1835 
f 1873/3142/1873 1835/3097/1835 1874/3143/1874 
f 1872/3141/1872 1873/3142/1873 1874/3143/1874 
f 1872/3141/1872 1874/3143/1874 1875/3144/1875 
f 1869/3138/1869 1872/3141/1872 1875/3144/1875 
f 1869/3138/1869 1875/3144/1875 1870/3139/1870 
f 1868/3137/1868 1869/3138/1869 1870/3139/1870 
f 1868/3137/1868 1870/3139/1870 1871/3140/1871 
f 1868/3137/1868 1871/3140/1871 1933/3244/1933 
f 1868/3137/1868 1933/3244/1933 1934/3245/1934 
f 1908/3177/1908 1868/3137/1868 1934/3245/1934 
f 1908/3177/1908 1934/3245/1934 1937/3248/1937 
f 1908/3177/1908 1937/3248/1937 1936/3263/1936 
f 1908/3177/1908 1936/3263/1936 1895/3288/1895 
f 1895/3288/1895 1909/3178/1909 1908/3177/1908 
f 1908/3177/1908 1909/3178/1909 1869/3138/1869 
f 1908/3177/1908 1869/3138/1869 1868/3137/1868 
f 1932/3240/1932 1869/3242/1869 1909/3243/1909 
f 1893/3307/1893 1932/3240/1932 1909/3243/1909 
f 1893/3307/1893 1909/3243/1909 1894/3308/1894 
f 1892/3161/1892 1893/3162/1893 1894/3163/1894 
f 1892/3161/1892 1894/3163/1894 1895/3164/1895 
f 1935/3246/1935 1892/3161/1892 1895/3164/1895 
f 1935/3246/1935 1895/3164/1895 1936/3247/1936 
f 1852/3115/1852 1935/3246/1935 1936/3247/1936 
f 1852/3115/1852 1936/3247/1936 1853/3116/1853 
f 1850/3113/1850 1852/3115/1852 1853/3116/1853 
f 1850/3261/1850 1853/3262/1853 1855/3121/1855 
f 1850/3261/1850 1855/3121/1855 1854/3120/1854 
f 1850/3291/1850 1854/3118/1854 1824/3117/1824 
f 1850/3291/1850 1824/3117/1824 1851/3292/1851 
f 1850/3113/1850 1851/3114/1851 1852/3115/1852 
f 1852/3270/1852 1851/3271/1851 1824/3086/1824 
f 1852/3270/1852 1824/3086/1824 1929/3237/1929 
f 1929/3237/1929 1935/3290/1935 1852/3270/1852 
f 1929/3237/1929 1931/3239/1931 1935/3290/1935 
f 1938/3250/1938 1935/3290/1935 1931/3239/1931 
f 1931/3239/1931 1915/3184/1915 1938/3250/1938 
f 1932/3249/1932 1938/3250/1938 1915/3184/1915 
f 1932/3249/1932 1915/3184/1915 1914/3183/1914 
f 1932/3240/1932 1914/3241/1914 1869/3242/1869 
f 1869/3220/1869 1914/3221/1914 1919/3222/1919 
f 1869/3220/1869 1919/3222/1919 1872/3223/1872 
f 1919/3295/1919 1911/3199/1911 1872/3296/1872 
f 1910/3179/1910 1872/3141/1872 1911/3180/1911 
f 1899/3272/1899 1910/3179/1910 1911/3180/1911 
f 1927/3196/1927 1899/3198/1899 1911/3199/1911 
f 1919/3295/1919 1927/3196/1927 1911/3199/1911 
f 1927/3255/1927 1919/3188/1919 1918/3187/1918 
f 1927/3255/1927 1918/3187/1918 1939/3256/1939 
f 1897/3284/1897 1927/3255/1927 1939/3256/1939 
f 1897/3309/1897 1939/3251/1939 1910/3254/1910 
f 1897/3309/1897 1910/3254/1910 1898/3310/1898 
f 1896/3165/1896 1897/3166/1897 1898/3167/1898 
f 1896/3165/1896 1898/3167/1898 1899/3168/1899 
f 1927/3196/1927 1896/3197/1896 1899/3198/1899 
f 1897/3284/1897 1896/3285/1896 1927/3255/1927 
f 1899/3272/1899 1898/3273/1898 1910/3179/1910 
f 1939/3251/1939 1873/3253/1873 1910/3254/1910 
f 1910/3179/1910 1873/3142/1873 1872/3141/1872 
f 1939/3251/1939 1918/3252/1918 1873/3253/1873 
f 1873/3224/1873 1918/3225/1918 1864/3226/1864 
f 1873/3224/1873 1864/3226/1864 1832/3227/1832 
f 1864/3297/1864 1857/3203/1857 1832/3298/1832 
f 1833/3095/1833 1832/3094/1832 1857/3123/1857 
f 1833/3095/1833 1857/3123/1857 1858/3124/1858 
f 1866/3208/1866 1833/3210/1833 1858/3211/1858 
f 1849/3301/1849 1866/3208/1866 1858/3211/1858 
f 1849/3301/1849 1858/3211/1858 1846/3302/1846 
f 1846/3109/1846 1848/3111/1848 1849/3112/1849 
f 1849/3282/1849 1848/3283/1848 1867/3136/1867 
f 1849/3282/1849 1867/3136/1867 1866/3135/1866 
f 1864/3133/1864 1866/3135/1866 1867/3136/1867 
f 1864/3297/1864 1867/3200/1867 1857/3203/1857 
f 1867/3200/1867 1847/3202/1847 1857/3203/1857 
f 1847/3274/1847 1858/3124/1858 1857/3123/1857 
f 1847/3274/1847 1846/3275/1846 1858/3124/1858 
f 1846/3109/1846 1847/3110/1847 1848/3111/1848 
f 1867/3200/1867 1848/3201/1848 1847/3202/1847 
f 1864/3133/1864 1865/3134/1865 1866/3135/1866 
f 1866/3208/1866 1865/3209/1865 1833/3210/1833 
f 1864/3133/1864 1943/3260/1943 1865/3134/1865 
f 1865/3134/1865 1943/3260/1943 1940/3257/1940 
f 1864/3133/1864 1942/3259/1942 1943/3260/1943 
f 1918/3187/1918 1942/3259/1942 1864/3133/1864 
f 1918/3187/1918 1917/3186/1917 1942/3259/1942 
f 1916/3185/1916 1917/3186/1917 1918/3187/1918 
f 1916/3185/1916 1918/3187/1918 1919/3188/1919 
f 1914/3183/1914 1916/3185/1916 1919/3188/1919 
f 1914/3183/1914 1913/3182/1913 1916/3185/1916 
f 1912/3181/1912 1913/3182/1913 1914/3183/1914 
f 1912/3181/1912 1914/3183/1914 1915/3184/1915 
f 1912/3181/1912 1915/3184/1915 1930/3238/1930 
f 1912/3181/1912 1930/3238/1930 1928/3236/1928 
f 1928/3382/1928 1974/3383/1974 1912/3384/1912 
f 1974/3930/1974 2266/3932/2266 1912/3933/1912 
f 1974/3930/1974 2265/3931/2265 2266/3932/2266 
f 2090/3934/2090 2265/3931/2265 1974/3930/1974 
f 2109/3725/2109 2090/3726/2090 1974/3383/1974 
f 2109/3725/2109 1974/3383/1974 1973/3381/1973 
f 1811/3724/1811 2109/3725/2109 1973/3381/1973 
f 1811/3724/1811 1973/3381/1973 1972/3380/1972 
f 1825/3087/1825 1811/3864/1811 1972/3862/1972 
f 1819/3077/1819 1825/3087/1825 1972/3862/1972 
f 1819/3077/1819 1972/3862/1972 1823/3863/1823 
f 1820/3083/1820 1819/3084/1819 1823/3085/1823 
f 1823/3085/1823 1824/3086/1824 1820/3083/1820 
f 1818/3076/1818 1820/3078/1820 1824/3117/1824 
f 1818/3076/1818 1824/3117/1824 1854/3118/1854 
f 1818/3119/1818 1854/3120/1854 1855/3121/1855 
f 1818/3119/1818 1855/3121/1855 1856/3122/1856 
f 1856/3338/1856 1965/3339/1965 1818/3340/1818 
f 1818/3341/1818 1965/3334/1965 1964/3333/1964 
f 1818/3341/1818 1964/3333/1964 1845/3342/1845 
f 1845/3108/1845 1819/3077/1819 1818/3076/1818 
f 1818/3076/1818 1819/3077/1819 1820/3078/1820 
f 1845/3108/1845 1826/3088/1826 1819/3077/1819 
f 1825/3087/1825 1819/3077/1819 1826/3088/1826 
f 1825/3087/1825 1826/3088/1826 1827/3089/1827 
f 1825/3087/1825 1827/3089/1827 2005/3438/2005 
f 1825/3087/1825 2005/3438/2005 1821/3081/1821 
f 1825/3087/1825 1821/3081/1821 1811/3864/1811 
f 1811/3069/1811 1821/3079/1821 1809/3067/1809 
f 1809/3067/1809 1810/3068/1810 1811/3069/1811 
f 2109/3588/2109 1811/3069/1811 1810/3068/1810 
f 2109/3588/2109 1810/3068/1810 2106/3585/2106 
f 2106/3585/2106 2108/3587/2108 2109/3588/2109 
f 2090/3530/2090 2109/3588/2109 2108/3587/2108 
f 2090/3530/2090 2108/3587/2108 2091/3531/2091 
f 2090/3530/2090 2091/3531/2091 2092/3532/2092 
f 2090/3530/2090 2092/3532/2092 2093/3533/2093 
f 2092/3532/2092 2094/3534/2094 2093/3533/2093 
f 2092/3532/2092 2095/3535/2095 2094/3534/2094 
f 2094/3534/2094 2095/3535/2095 2096/3536/2096 
f 2094/3534/2094 2096/3536/2096 2097/3537/2097 
f 2096/3536/2096 2121/3609/2121 2097/3537/2097 
f 2096/3536/2096 2042/3482/2042 2121/3609/2121 
f 2042/3482/2042 2120/3608/2120 2121/3609/2121 
f 2042/3482/2042 2045/3485/2045 2120/3608/2120 
f 2045/3485/2045 2119/3607/2119 2120/3608/2120 
f 2045/3485/2045 2102/3542/2102 2119/3607/2119 
f 2102/3542/2102 2118/3606/2118 2119/3607/2119 
f 2102/3542/2102 2101/3541/2101 2118/3606/2118 
f 2101/3541/2101 1812/3070/1812 2118/3606/2118 
f 2101/3541/2101 1813/3071/1813 1812/3070/1812 
f 1812/3070/1812 1813/3071/1813 1814/3072/1814 
f 2098/3538/2098 1814/3072/1814 1813/3071/1813 
f 2098/3538/2098 1813/3071/1813 2099/3539/2099 
f 2063/3617/2063 2098/3538/2098 2099/3539/2099 
f 2063/3617/2063 2099/3539/2099 2064/3618/2064 
f 2062/3502/2062 2063/3503/2063 2064/3504/2064 
f 2062/3502/2062 2064/3504/2064 2065/3505/2065 
f 2065/3627/2065 2079/3519/2079 2062/3628/2062 
f 2062/3628/2062 2079/3519/2079 2037/3474/2037 
f 2062/3628/2062 2037/3474/2037 2017/3614/2017 
f 2063/3503/2063 2062/3502/2062 2017/3450/2017 
f 2063/3503/2063 2017/3450/2017 2016/3449/2016 
f 2098/3538/2098 2063/3617/2063 2016/3615/2016 
f 2098/3538/2098 2016/3615/2016 2041/3479/2041 
f 1814/3072/1814 2098/3538/2098 2041/3479/2041 
f 1814/3072/1814 2041/3479/2041 2040/3478/2040 
f 1814/3736/1814 2040/3732/2040 2151/3731/2151 
f 1814/3736/1814 2151/3731/2151 2153/3737/2153 
f 2155/3739/2155 2153/3737/2153 2151/3731/2151 
f 2169/3763/2169 2155/3739/2155 2151/3731/2151 
f 2169/3763/2169 2151/3731/2151 2167/3758/2167 
f 2159/3743/2159 2169/3769/2169 2167/3751/2167 
f 2166/3750/2166 2159/3743/2159 2167/3751/2167 
f 2167/3758/2167 2152/3734/2152 2166/3759/2166 
f 2124/3771/2124 2166/3750/2166 2152/3775/2152 
f 2020/3454/2020 2124/3662/2124 2152/3735/2152 
f 2151/3731/2151 2020/3733/2020 2152/3734/2152 
f 2167/3758/2167 2151/3731/2151 2152/3734/2152 
f 2151/3731/2151 2040/3732/2040 2020/3733/2020 
f 2040/3478/2040 2039/3480/2039 2020/3481/2020 
f 2020/3454/2020 2039/3476/2039 1817/3477/1817 
f 2020/3454/2020 1817/3477/1817 1816/3451/1816 
f 1816/3451/1816 2019/3453/2019 2020/3454/2020 
f 2020/3454/2020 2019/3453/2019 2124/3662/2124 
f 2122/3660/2122 2124/3662/2124 2019/3453/2019 
f 2132/3672/2132 2122/3660/2122 2019/3453/2019 
f 2132/3672/2132 2019/3453/2019 2018/3452/2018 
f 2132/3702/2132 2018/3703/2018 2009/3442/2009 
f 2132/3702/2132 2009/3442/2009 2008/3441/2008 
f 2132/3702/2132 2008/3441/2008 2218/3901/2218 
f 2132/3702/2132 2218/3901/2218 2221/3902/2221 
f 2122/3907/2122 2132/3908/2132 2221/3827/2221 
f 2122/3907/2122 2221/3827/2221 2226/3834/2226 
f 2123/3906/2123 2122/3907/2122 2226/3834/2226 
f 2123/3906/2123 2226/3834/2226 2229/3837/2229 
f 2226/3834/2226 2228/3836/2228 2229/3837/2229 
f 2226/3834/2226 2227/3835/2227 2228/3836/2228 
f 2221/3827/2221 2227/3835/2227 2226/3834/2226 
f 2221/3827/2221 2220/3826/2220 2227/3835/2227 
f 2218/3824/2218 2220/3826/2220 2221/3827/2221 
f 2218/3824/2218 2219/3825/2219 2220/3826/2220 
f 2250/3858/2250 2219/3860/2219 2218/3861/2218 
f 2008/3441/2008 2250/3919/2250 2218/3901/2218 
f 2008/3441/2008 2007/3440/2007 2250/3919/2250 
f 2007/3440/2007 2245/3916/2245 2250/3919/2250 
f 2245/3853/2245 2251/3859/2251 2250/3858/2250 
f 2250/3858/2250 2251/3859/2251 2219/3860/2219 
f 2245/3853/2245 2244/3852/2244 2251/3859/2251 
f 2242/3850/2242 2244/3852/2244 2245/3853/2245 
f 2055/3495/2055 2242/3915/2242 2245/3916/2245 
f 2007/3440/2007 2055/3495/2055 2245/3916/2245 
f 2056/3496/2056 2055/3495/2055 2007/3440/2007 
f 2056/3496/2056 2007/3440/2007 2006/3439/2006 
f 2078/3518/2078 2056/3496/2056 2006/3439/2006 
f 2078/3518/2078 2006/3439/2006 2038/3475/2038 
f 2079/3519/2079 2078/3518/2078 2038/3475/2038 
f 2079/3519/2079 2038/3475/2038 2037/3474/2037 
f 1815/3073/1815 2037/3474/2037 2038/3475/2038 
f 1815/3704/1815 2038/3705/2038 2125/3706/2125 
f 1815/3704/1815 2125/3706/2125 2128/3707/2128 
f 2009/3716/2009 1815/3717/1815 2128/3718/2128 
f 2009/3716/2009 2128/3718/2128 2127/3719/2127 
f 2006/3712/2006 2009/3713/2009 2127/3714/2127 
f 2006/3712/2006 2127/3714/2127 2126/3715/2126 
f 2038/3708/2038 2006/3709/2006 2126/3710/2126 
f 2038/3708/2038 2126/3710/2126 2125/3711/2125 
f 2125/3663/2125 2126/3664/2126 2127/3665/2127 
f 2125/3663/2125 2127/3665/2127 2128/3666/2128 
f 2006/3439/2006 2008/3441/2008 2009/3442/2009 
f 2006/3439/2006 2007/3440/2007 2008/3441/2008 
f 2018/3703/2018 1815/3073/1815 2009/3442/2009 
f 2018/3703/2018 1816/3074/1816 1815/3073/1815 
f 1815/3073/1815 1816/3074/1816 1817/3075/1817 
f 1815/3073/1815 1817/3075/1817 2037/3474/2037 
f 1817/3075/1817 2017/3614/2017 2037/3474/2037 
f 1817/3075/1817 2014/3613/2014 2017/3614/2017 
f 2014/3447/2014 2016/3449/2016 2017/3450/2017 
f 2014/3447/2014 2015/3448/2015 2016/3449/2016 
f 2041/3479/2041 2016/3615/2016 2015/3616/2015 
f 2041/3479/2041 2015/3616/2015 2039/3480/2039 
f 2040/3478/2040 2041/3479/2041 2039/3480/2039 
f 2015/3642/2015 1817/3477/1817 2039/3476/2039 
f 2015/3642/2015 2014/3643/2014 1817/3477/1817 
f 1816/3451/1816 2018/3452/2018 2019/3453/2019 
f 2078/3518/2078 2079/3519/2079 2080/3520/2080 
f 2078/3518/2078 2080/3520/2080 2081/3521/2081 
f 2078/3518/2078 2081/3521/2081 2057/3497/2057 
f 2078/3518/2078 2057/3497/2057 2056/3496/2056 
f 2054/3494/2054 2056/3496/2056 2057/3497/2057 
f 2054/3494/2054 2057/3497/2057 2059/3499/2059 
f 2054/3494/2054 2059/3499/2059 2058/3498/2058 
f 2054/3494/2054 2058/3498/2058 2241/3914/2241 
f 2054/3494/2054 2241/3914/2241 2242/3915/2242 
f 2055/3495/2055 2054/3494/2054 2242/3915/2242 
f 2054/3494/2054 2055/3495/2055 2056/3496/2056 
f 2241/3849/2241 2243/3851/2243 2242/3850/2242 
f 2242/3850/2242 2243/3851/2243 2244/3852/2244 
f 2241/3849/2241 2240/3848/2240 2243/3851/2243 
f 2238/3846/2238 2240/3848/2240 2241/3849/2241 
f 2058/3498/2058 2238/3913/2238 2241/3914/2241 
f 2058/3498/2058 2061/3501/2061 2238/3913/2238 
f 2061/3501/2061 2237/3912/2237 2238/3913/2238 
f 2237/3845/2237 2239/3847/2239 2238/3846/2238 
f 2238/3846/2238 2239/3847/2239 2240/3848/2240 
f 2237/3845/2237 2236/3844/2236 2239/3847/2239 
f 2234/3842/2234 2236/3844/2236 2237/3845/2237 
f 2104/3544/2104 2234/3911/2234 2237/3912/2237 
f 2061/3501/2061 2104/3544/2104 2237/3912/2237 
f 2061/3501/2061 2012/3445/2012 2104/3544/2104 
f 2129/3667/2129 2104/3544/2104 2012/3445/2012 
f 2129/3667/2129 2012/3445/2012 2011/3444/2011 
f 2136/3676/2136 2129/3667/2129 2011/3444/2011 
f 2136/3676/2136 2011/3444/2011 2052/3492/2052 
f 2135/3675/2135 2136/3676/2136 2052/3492/2052 
f 2135/3675/2135 2052/3492/2052 2051/3491/2051 
f 2134/3674/2134 2135/3675/2135 2051/3491/2051 
f 2134/3674/2134 2051/3491/2051 2048/3488/2048 
f 2047/3487/2047 2134/3674/2134 2048/3488/2048 
f 2046/3486/2046 2047/3487/2047 2048/3488/2048 
f 2046/3486/2046 2048/3488/2048 2049/3489/2049 
f 2086/3526/2086 2046/3486/2046 2049/3489/2049 
f 2086/3526/2086 2049/3489/2049 2087/3527/2087 
f 2071/3637/2071 2086/3526/2086 2087/3527/2087 
f 2071/3637/2071 2087/3527/2087 2072/3638/2072 
f 2070/3510/2070 2071/3511/2071 2072/3512/2072 
f 2070/3510/2070 2072/3512/2072 2073/3513/2073 
f 2073/3635/2073 2116/3599/2116 2070/3636/2070 
f 2116/3599/2116 2113/3639/2113 2070/3636/2070 
f 2113/3595/2113 2071/3511/2071 2070/3510/2070 
f 2113/3595/2113 2114/3596/2114 2071/3511/2071 
f 2086/3526/2086 2071/3637/2071 2114/3612/2114 
f 2086/3526/2086 2114/3612/2114 2115/3597/2115 
f 2086/3526/2086 2115/3597/2115 2111/3593/2111 
f 2086/3526/2086 2111/3593/2111 2046/3486/2046 
f 2046/3486/2046 2111/3593/2111 2112/3594/2112 
f 2046/3486/2046 2112/3594/2112 2047/3487/2047 
f 2133/3673/2133 2047/3487/2047 2112/3594/2112 
f 2133/3673/2133 2112/3594/2112 2137/3677/2137 
f 2133/3673/2133 2137/3677/2137 2225/3904/2225 
f 2133/3673/2133 2225/3904/2225 2248/3918/2248 
f 2134/3674/2134 2133/3673/2133 2248/3918/2248 
f 2134/3674/2134 2248/3918/2248 2246/3917/2246 
f 2135/3675/2135 2134/3674/2134 2246/3917/2246 
f 2135/3675/2135 2246/3917/2246 2230/3909/2230 
f 2136/3676/2136 2135/3675/2135 2230/3909/2230 
f 2136/3676/2136 2230/3909/2230 2233/3910/2233 
f 2129/3667/2129 2136/3676/2136 2233/3910/2233 
f 2129/3667/2129 2233/3910/2233 2234/3911/2234 
f 2104/3544/2104 2129/3667/2129 2234/3911/2234 
f 2233/3841/2233 2235/3843/2235 2234/3842/2234 
f 2234/3842/2234 2235/3843/2235 2236/3844/2236 
f 2233/3841/2233 2232/3840/2232 2235/3843/2235 
f 2230/3838/2230 2232/3840/2232 2233/3841/2233 
f 2230/3838/2230 2231/3839/2231 2232/3840/2232 
f 2246/3854/2246 2231/3839/2231 2230/3838/2230 
f 2246/3854/2246 2247/3855/2247 2231/3839/2231 
f 2248/3856/2248 2247/3855/2247 2246/3854/2246 
f 2248/3856/2248 2249/3857/2249 2247/3855/2247 
f 2225/3831/2225 2249/3857/2249 2248/3856/2248 
f 2225/3831/2225 2224/3830/2224 2249/3857/2249 
f 2222/3828/2222 2224/3830/2224 2225/3831/2225 
f 2137/3677/2137 2222/3903/2222 2225/3904/2225 
f 2137/3677/2137 2130/3669/2130 2222/3903/2222 
f 2130/3669/2130 2217/3905/2217 2222/3903/2222 
f 2217/3832/2217 2223/3829/2223 2222/3828/2222 
f 2222/3828/2222 2223/3829/2223 2224/3830/2224 
f 2217/3832/2217 2216/3833/2216 2223/3829/2223 
f 2214/3820/2214 2216/3822/2216 2217/3823/2217 
f 2021/3455/2021 2214/3899/2214 2217/3900/2217 
f 2130/3669/2130 2021/3668/2021 2217/3905/2217 
f 2021/3668/2021 2130/3669/2130 2131/3670/2131 
f 2021/3668/2021 2131/3670/2131 2022/3671/2022 
f 2021/3455/2021 2022/3456/2022 2005/3438/2005 
f 2021/3455/2021 2005/3438/2005 2023/3457/2023 
f 2021/3455/2021 2023/3457/2023 2214/3899/2214 
f 2023/3457/2023 2213/3886/2213 2214/3899/2214 
f 2213/3819/2213 2215/3821/2215 2214/3820/2214 
f 2214/3820/2214 2215/3821/2215 2216/3822/2216 
f 2213/3819/2213 2212/3818/2212 2215/3821/2215 
f 2177/3779/2177 2212/3818/2212 2213/3819/2213 
f 1975/3385/1975 2177/3866/2177 2213/3886/2213 
f 2023/3457/2023 1975/3385/1975 2213/3886/2213 
f 2023/3457/2023 1827/3089/1827 1975/3385/1975 
f 1844/3107/1844 1975/3385/1975 1827/3089/1827 
f 1844/3107/1844 1827/3089/1827 1826/3088/1826 
f 1843/3106/1843 1844/3107/1844 1826/3088/1826 
f 1843/3106/1843 1826/3088/1826 1845/3108/1845 
f 1843/3319/1843 1845/3320/1845 1952/3321/1952 
f 1843/3319/1843 1952/3321/1952 1953/3322/1953 
f 1843/3319/1843 1953/3322/1953 2185/3870/2185 
f 1843/3319/1843 2185/3870/2185 2174/3871/2174 
f 1844/3107/1844 1843/3106/1843 2174/3865/2174 
f 1844/3107/1844 2174/3865/2174 2177/3866/2177 
f 1975/3385/1975 1844/3107/1844 2177/3866/2177 
f 2174/3776/2174 2176/3778/2176 2177/3779/2177 
f 2177/3779/2177 2176/3778/2176 2212/3818/2212 
f 2174/3776/2174 2175/3777/2175 2176/3778/2176 
f 2185/3787/2185 2175/3788/2175 2174/3789/2174 
f 2185/3787/2185 2184/3786/2184 2175/3788/2175 
f 2182/3784/2182 2184/3786/2184 2185/3787/2185 
f 1953/3322/1953 2182/3869/2182 2185/3870/2185 
f 1953/3322/1953 1959/3328/1959 2182/3869/2182 
f 1959/3328/1959 2209/3884/2209 2182/3869/2182 
f 2209/3813/2209 2183/3785/2183 2182/3784/2182 
f 2182/3784/2182 2183/3785/2183 2184/3786/2184 
f 2209/3813/2209 2208/3812/2208 2183/3785/2183 
f 2207/3811/2207 2208/3812/2208 2209/3813/2209 
f 1956/3325/1956 2207/3883/2207 2209/3884/2209 
f 1959/3328/1959 1956/3325/1956 2209/3884/2209 
f 1956/3325/1956 1959/3328/1959 1933/3244/1933 
f 1956/3325/1956 1933/3244/1933 1871/3140/1871 
f 1871/3140/1871 1955/3324/1955 1956/3325/1956 
f 1956/3325/1956 1955/3324/1955 2207/3883/2207 
f 1955/3324/1955 2193/3876/2193 2207/3883/2207 
f 2193/3797/2193 2206/3810/2206 2207/3811/2207 
f 2207/3811/2207 2206/3810/2206 2208/3812/2208 
f 2193/3797/2193 2192/3796/2192 2206/3810/2206 
f 2190/3794/2190 2192/3796/2192 2193/3797/2193 
f 1957/3326/1957 2190/3875/2190 2193/3876/2193 
f 1955/3324/1955 1957/3326/1957 2193/3876/2193 
f 1955/3324/1955 1875/3144/1875 1957/3326/1957 
f 1957/3326/1957 1875/3144/1875 1874/3143/1874 
f 1957/3326/1957 1874/3143/1874 1958/3327/1958 
f 1957/3326/1957 1958/3327/1958 2190/3875/2190 
f 1958/3327/1958 2197/3878/2197 2190/3875/2190 
f 2197/3801/2197 2191/3795/2191 2190/3794/2190 
f 2190/3794/2190 2191/3795/2191 2192/3796/2192 
f 2197/3801/2197 2196/3800/2196 2191/3795/2191 
f 2194/3798/2194 2196/3800/2196 2197/3801/2197 
f 1951/3318/1951 2194/3877/2194 2197/3878/2197 
f 1958/3327/1958 1951/3318/1951 2197/3878/2197 
f 1958/3327/1958 1835/3097/1835 1951/3318/1951 
f 1951/3318/1951 1835/3097/1835 1834/3096/1834 
f 1951/3318/1951 1834/3096/1834 1926/3195/1926 
f 1951/3318/1951 1926/3195/1926 2194/3877/2194 
f 1926/3195/1926 2201/3880/2201 2194/3877/2194 
f 2201/3805/2201 2195/3799/2195 2194/3798/2194 
f 2194/3798/2194 2195/3799/2195 2196/3800/2196 
f 2201/3805/2201 2200/3804/2200 2195/3799/2195 
f 2198/3802/2198 2200/3804/2200 2201/3805/2201 
f 1881/3150/1881 2198/3879/2198 2201/3880/2201 
f 1926/3195/1926 1881/3150/1881 2201/3880/2201 
f 1881/3150/1881 1926/3195/1926 1834/3096/1834 
f 1881/3150/1881 1834/3096/1834 1882/3151/1882 
f 1880/3149/1880 1881/3150/1881 1882/3151/1882 
f 1880/3149/1880 1882/3151/1882 1883/3152/1883 
f 1876/3145/1876 1880/3149/1880 1883/3152/1883 
f 1876/3145/1876 1883/3152/1883 1877/3146/1877 
f 1876/3145/1876 1877/3146/1877 1878/3147/1878 
f 1876/3145/1876 1878/3147/1878 1879/3148/1879 
f 1876/3145/1876 1879/3148/1879 2202/3881/2202 
f 1876/3145/1876 2202/3881/2202 2205/3882/2205 
f 1880/3149/1880 1876/3145/1876 2205/3882/2205 
f 1880/3149/1880 2205/3882/2205 2198/3879/2198 
f 1881/3150/1881 1880/3149/1880 2198/3879/2198 
f 2205/3809/2205 2199/3803/2199 2198/3802/2198 
f 2198/3802/2198 2199/3803/2199 2200/3804/2200 
f 2205/3809/2205 2204/3808/2204 2199/3803/2199 
f 2202/3806/2202 2204/3808/2204 2205/3809/2205 
f 2202/3806/2202 2203/3807/2203 2204/3808/2204 
f 2211/3817/2211 2203/3807/2203 2202/3806/2202 
f 1879/3148/1879 2211/3885/2211 2202/3881/2202 
f 1879/3148/1879 1831/3093/1831 2211/3885/2211 
f 1831/3093/1831 2181/3868/2181 2211/3885/2211 
f 2181/3814/2181 2210/3816/2210 2211/3817/2211 
f 2211/3817/2211 2210/3816/2210 2203/3807/2203 
f 2181/3814/2181 2180/3815/2180 2210/3816/2210 
f 2178/3780/2178 2180/3782/2180 2181/3783/2181 
f 1830/3092/1830 2178/3867/2178 2181/3868/2181 
f 1831/3093/1831 1830/3092/1830 2181/3868/2181 
f 1828/3090/1828 1830/3092/1830 1831/3093/1831 
f 1878/3147/1878 1828/3090/1828 1831/3093/1831 
f 1878/3147/1878 1831/3093/1831 1879/3148/1879 
f 1900/3169/1900 1828/3090/1828 1878/3147/1878 
f 1900/3169/1900 1878/3147/1878 1877/3146/1877 
f 1900/3169/1900 1877/3146/1877 1901/3170/1901 
f 1900/3169/1900 1901/3170/1901 1902/3171/1902 
f 1900/3169/1900 1902/3171/1902 1903/3172/1903 
f 1903/3172/1903 1859/3125/1859 1900/3169/1900 
f 1900/3169/1900 1859/3125/1859 1828/3090/1828 
f 1859/3359/1859 1950/3361/1950 1828/3362/1828 
f 1828/3363/1828 1950/3364/1950 1949/3365/1949 
f 1828/3363/1828 1949/3365/1949 1829/3366/1829 
f 1828/3090/1828 1829/3091/1829 1830/3092/1830 
f 1954/3353/1954 1830/3092/1830 1829/3091/1829 
f 1954/3353/1954 1829/3091/1829 1842/3354/1842 
f 1954/3323/1954 1842/3105/1842 1841/3104/1841 
f 1954/3323/1954 1841/3104/1841 1944/3311/1944 
f 1954/3323/1954 1944/3311/1944 2189/3873/2189 
f 1954/3323/1954 2189/3873/2189 2178/3874/2178 
f 1830/3092/1830 1954/3353/1954 2178/3867/2178 
f 2189/3793/2189 2179/3781/2179 2178/3780/2178 
f 2178/3780/2178 2179/3781/2179 2180/3782/2180 
f 2189/3793/2189 2188/3792/2188 2179/3781/2179 
f 2186/3790/2186 2188/3792/2188 2189/3793/2189 
f 1944/3311/1944 2186/3872/2186 2189/3873/2189 
f 1944/3311/1944 1946/3313/1946 2186/3872/2186 
f 1944/3311/1944 1945/3312/1945 1946/3313/1946 
f 1946/3313/1946 1945/3312/1945 1986/3432/1986 
f 1946/3313/1946 1986/3432/1986 1989/3433/1989 
f 1986/3400/1986 1988/3402/1988 1989/3403/1989 
f 1986/3400/1986 1987/3401/1987 1988/3402/1988 
f 1988/3402/1988 1987/3401/1987 2000/3428/2000 
f 1988/3402/1988 2000/3428/2000 2003/3429/2003 
f 1988/3402/1988 2003/3429/2003 2257/3896/2257 
f 1988/3402/1988 2257/3896/2257 2258/3897/2258 
f 2003/3417/2003 2256/3893/2256 2257/3894/2257 
f 2003/3417/2003 2002/3416/2002 2256/3893/2256 
f 2002/3431/2002 2255/3892/2255 2256/3895/2256 
f 2002/3431/2002 1995/3409/1995 2255/3892/2255 
f 1995/3409/1995 2254/3891/2254 2255/3892/2255 
f 1995/3409/1995 1994/3408/1994 2254/3891/2254 
f 1994/3408/1994 2253/3898/2253 2254/3891/2254 
f 1994/3408/1994 1980/3435/1980 2253/3898/2253 
f 1980/3887/1980 2252/3889/2252 2253/3890/2253 
f 1980/3887/1980 1979/3888/1979 2252/3889/2252 
f 1979/3888/1979 2259/3921/2259 2252/3889/2252 
f 1979/3888/1979 2150/3920/2150 2259/3921/2259 
f 2150/3774/2150 2261/3923/2261 2259/3929/2259 
f 2150/3774/2150 2164/3748/2164 2261/3923/2261 
f 2164/3748/2164 2260/3922/2260 2261/3923/2261 
f 2164/3748/2164 2165/3749/2165 2260/3922/2260 
f 2165/3749/2165 2263/3926/2263 2260/3922/2260 
f 2165/3749/2165 2173/3768/2173 2263/3926/2263 
f 2173/3757/2173 2262/3924/2262 2263/3925/2263 
f 2173/3757/2173 2172/3756/2172 2262/3924/2262 
f 2172/3764/2172 2264/3927/2264 2262/3928/2262 
f 2172/3764/2172 2158/3742/2158 2264/3927/2264 
f 2158/3742/2158 2172/3764/2172 2170/3765/2170 
f 2158/3742/2158 2170/3765/2170 2159/3743/2159 
f 2156/3740/2156 2158/3742/2158 2159/3743/2159 
f 2166/3750/2166 2156/3740/2156 2159/3743/2159 
f 2124/3771/2124 2156/3740/2156 2166/3750/2166 
f 2123/3770/2123 2156/3740/2156 2124/3771/2124 
f 2122/3660/2122 2123/3661/2123 2124/3662/2124 
f 2123/3770/2123 2157/3741/2157 2156/3740/2156 
f 2156/3740/2156 2157/3741/2157 2158/3742/2158 
f 2159/3743/2159 2170/3765/2170 2169/3769/2169 
f 2168/3752/2168 2169/3753/2169 2170/3754/2170 
f 2168/3752/2168 2170/3754/2170 2171/3755/2171 
f 2162/3746/2162 2168/3766/2168 2171/3767/2171 
f 2162/3746/2162 2171/3767/2171 2163/3747/2163 
f 2160/3744/2160 2162/3746/2162 2163/3747/2163 
f 2164/3748/2164 2160/3744/2160 2163/3747/2163 
f 2164/3748/2164 2163/3747/2163 2165/3749/2165 
f 2163/3747/2163 2173/3768/2173 2165/3749/2165 
f 2163/3747/2163 2171/3767/2171 2173/3768/2173 
f 2171/3755/2171 2172/3756/2172 2173/3757/2173 
f 2171/3755/2171 2170/3754/2170 2172/3756/2172 
f 2146/3773/2146 2160/3744/2160 2164/3748/2164 
f 2146/3773/2146 2164/3748/2164 2150/3774/2150 
f 1979/3389/1979 2146/3723/2146 2150/3730/2150 
f 1979/3389/1979 1970/3377/1970 2146/3723/2146 
f 2145/3722/2145 2146/3723/2146 1970/3377/1970 
f 2145/3722/2145 1970/3377/1970 1967/3376/1967 
f 1966/3371/1966 2145/3721/2145 1967/3372/1967 
f 1966/3371/1966 1967/3372/1967 1968/3373/1968 
f 1966/3371/1966 1968/3373/1968 1969/3374/1969 
f 1966/3371/1966 1969/3374/1969 1976/3386/1976 
f 1966/3371/1966 1976/3386/1976 2004/3437/2004 
f 1966/3371/1966 2004/3437/2004 2147/3727/2147 
f 1966/3371/1966 2147/3727/2147 2144/3720/2144 
f 1966/3371/1966 2144/3720/2144 2145/3721/2145 
f 2145/3721/2145 2144/3720/2144 2162/3760/2162 
f 2145/3721/2145 2162/3760/2162 2161/3761/2161 
f 2145/3772/2145 2161/3745/2161 2160/3744/2160 
f 2145/3772/2145 2160/3744/2160 2146/3773/2146 
f 2160/3744/2160 2161/3745/2161 2162/3746/2162 
f 2162/3760/2162 2144/3720/2144 2149/3729/2149 
f 2162/3760/2162 2149/3729/2149 2168/3762/2168 
f 2168/3762/2168 2149/3729/2149 2155/3739/2155 
f 2168/3762/2168 2155/3739/2155 2169/3763/2169 
f 2148/3728/2148 2155/3739/2155 2149/3729/2149 
f 2147/3727/2147 2148/3728/2148 2149/3729/2149 
f 2147/3727/2147 2149/3729/2149 2144/3720/2144 
f 2148/3728/2148 2154/3738/2154 2155/3739/2155 
f 2155/3739/2155 2154/3738/2154 2153/3737/2153 
f 1976/3386/1976 1969/3374/1969 1977/3387/1977 
f 1976/3386/1976 1977/3387/1977 1978/3388/1978 
f 1978/3388/1978 1977/3387/1977 1984/3398/1984 
f 1978/3388/1978 1984/3398/1984 1985/3399/1985 
f 1984/3398/1984 1983/3397/1983 1985/3399/1985 
f 1984/3398/1984 1981/3391/1981 1983/3397/1983 
f 1804/3396/1804 1983/3397/1983 1981/3391/1981 
f 1804/3396/1804 1981/3391/1981 1862/3394/1862 
f 1804/3062/1804 1862/3129/1862 1863/3132/1863 
f 1804/3062/1804 1863/3132/1863 1920/3189/1920 
f 1920/3189/1920 1805/3063/1805 1804/3062/1804 
f 1920/3189/1920 1921/3190/1921 1805/3063/1805 
f 1805/3303/1805 1921/3212/1921 1902/3215/1902 
f 1805/3303/1805 1902/3215/1902 1901/3304/1901 
f 1921/3212/1921 1885/3214/1885 1902/3215/1902 
f 1885/3154/1885 1903/3278/1903 1902/3279/1902 
f 1885/3154/1885 1884/3153/1884 1903/3278/1903 
f 1884/3153/1884 1860/3265/1860 1903/3278/1903 
f 1903/3172/1903 1860/3126/1860 1859/3125/1859 
f 1806/3064/1806 1859/3125/1859 1860/3126/1860 
f 1806/3064/1806 1860/3126/1860 1807/3065/1807 
f 1806/3064/1806 1807/3065/1807 1808/3066/1808 
f 1842/3354/1842 1806/3064/1806 1808/3066/1808 
f 1808/3102/1808 1841/3104/1841 1842/3105/1842 
f 1808/3102/1808 1840/3103/1840 1841/3104/1841 
f 1840/3103/1840 1945/3312/1945 1841/3104/1841 
f 1944/3311/1944 1841/3104/1841 1945/3312/1945 
f 1840/3103/1840 1982/3395/1982 1945/3312/1945 
f 1945/3312/1945 1982/3395/1982 1996/3436/1996 
f 1945/3312/1945 1996/3436/1996 1986/3432/1986 
f 1996/3410/1996 1987/3401/1987 1986/3400/1986 
f 1996/3410/1996 1997/3411/1997 1987/3401/1987 
f 1987/3401/1987 1997/3411/1997 2001/3424/2001 
f 1987/3401/1987 2001/3424/2001 2000/3428/2000 
f 1998/3412/1998 2000/3414/2000 2001/3415/2001 
f 1998/3412/1998 2001/3415/2001 1984/3422/1984 
f 1998/3412/1998 1984/3422/1984 1977/3423/1977 
f 1992/3406/1992 1998/3426/1998 1977/3427/1977 
f 1992/3406/1992 1977/3427/1977 1969/3421/1969 
f 1968/3420/1968 1992/3406/1992 1969/3421/1969 
f 1968/3420/1968 1993/3407/1993 1992/3406/1992 
f 1990/3404/1990 1992/3406/1992 1993/3407/1993 
f 1968/3420/1968 1990/3404/1990 1993/3407/1993 
f 1968/3420/1968 1971/3434/1971 1990/3404/1990 
f 1971/3434/1971 1994/3408/1994 1990/3404/1990 
f 1994/3408/1994 1991/3405/1991 1990/3404/1990 
f 1990/3404/1990 1991/3405/1991 1992/3406/1992 
f 1992/3406/1992 1991/3405/1991 1999/3430/1999 
f 1992/3406/1992 1999/3430/1999 1998/3426/1998 
f 1998/3412/1998 1999/3413/1999 2000/3414/2000 
f 1999/3413/1999 2003/3417/2003 2000/3414/2000 
f 1999/3413/1999 2002/3416/2002 2003/3417/2003 
f 1991/3405/1991 2002/3431/2002 1999/3430/1999 
f 1991/3405/1991 1995/3409/1995 2002/3431/2002 
f 1994/3408/1994 1995/3409/1995 1991/3405/1991 
f 1971/3434/1971 1980/3435/1980 1994/3408/1994 
f 1979/3389/1979 1980/3390/1980 1971/3378/1971 
f 1979/3389/1979 1971/3378/1971 1970/3377/1970 
f 1968/3375/1968 1970/3377/1970 1971/3378/1971 
f 1968/3375/1968 1967/3376/1967 1970/3377/1970 
f 2001/3424/2001 1981/3419/1981 1984/3425/1984 
f 2001/3424/2001 1997/3411/1997 1981/3419/1981 
f 1997/3411/1997 1982/3418/1982 1981/3419/1981 
f 1981/3391/1981 1982/3392/1982 1840/3393/1840 
f 1981/3391/1981 1840/3393/1840 1862/3394/1862 
f 1862/3129/1862 1840/3130/1840 1861/3131/1861 
f 1862/3129/1862 1861/3131/1861 1863/3132/1863 
f 1863/3266/1863 1861/3267/1861 1839/3101/1839 
f 1863/3266/1863 1839/3101/1839 1838/3100/1838 
f 1920/3269/1920 1863/3266/1863 1838/3100/1838 
f 1920/3269/1920 1838/3100/1838 1887/3156/1887 
f 1887/3156/1887 1921/3268/1921 1920/3269/1920 
f 1887/3156/1887 1886/3155/1886 1921/3268/1921 
f 1921/3212/1921 1886/3213/1886 1885/3214/1885 
f 1884/3153/1884 1885/3154/1885 1886/3155/1886 
f 1884/3153/1884 1886/3155/1886 1887/3156/1887 
f 1887/3156/1887 1837/3099/1837 1884/3153/1884 
f 1884/3153/1884 1837/3099/1837 1860/3265/1860 
f 1807/3264/1807 1860/3265/1860 1837/3099/1837 
f 1807/3264/1807 1837/3099/1837 1836/3098/1836 
f 1839/3293/1839 1807/3127/1807 1836/3294/1836 
f 1836/3098/1836 1838/3100/1838 1839/3101/1839 
f 1836/3098/1836 1837/3099/1837 1838/3100/1838 
f 1887/3156/1887 1838/3100/1838 1837/3099/1837 
f 1839/3293/1839 1861/3128/1861 1807/3127/1807 
f 1840/3103/1840 1807/3127/1807 1861/3128/1861 
f 1840/3103/1840 1808/3102/1808 1807/3127/1807 
f 1997/3411/1997 1996/3410/1996 1982/3418/1982 
f 1842/3354/1842 1829/3091/1829 1806/3064/1806 
f 1829/3367/1829 1948/3369/1948 1806/3370/1806 
f 1806/3355/1806 1948/3356/1948 1947/3357/1947 
f 1806/3355/1806 1947/3357/1947 1859/3358/1859 
f 1859/3359/1859 1947/3360/1947 1950/3361/1950 
f 1947/3314/1947 1949/3316/1949 1950/3317/1950 
f 1947/3314/1947 1948/3315/1948 1949/3316/1949 
f 1829/3367/1829 1949/3368/1949 1948/3369/1948 
f 2186/3790/2186 2187/3791/2187 2188/3792/2188 
f 1901/3170/1901 1877/3146/1877 1883/3152/1883 
f 1905/3174/1905 1882/3151/1882 1834/3096/1834 
f 1958/3327/1958 1874/3143/1874 1835/3097/1835 
f 1955/3324/1955 1870/3139/1870 1875/3144/1875 
f 1871/3140/1871 1870/3139/1870 1955/3324/1955 
f 1953/3322/1953 1933/3244/1933 1959/3328/1959 
f 1953/3322/1953 1952/3321/1952 1933/3244/1933 
f 1952/3346/1952 1962/3347/1962 1933/3348/1933 
f 1933/3349/1933 1962/3350/1962 1961/3351/1961 
f 1933/3349/1933 1961/3351/1961 1934/3352/1934 
f 1934/3335/1934 1961/3336/1961 1960/3337/1960 
f 1934/3335/1934 1960/3337/1960 1856/3338/1856 
f 1937/3248/1937 1934/3245/1934 1856/3122/1856 
f 1937/3248/1937 1856/3122/1856 1855/3121/1855 
f 1855/3121/1855 1936/3263/1936 1937/3248/1937 
f 1855/3121/1855 1853/3262/1853 1936/3263/1936 
f 1856/3338/1856 1960/3337/1960 1965/3339/1965 
f 1960/3329/1960 1964/3333/1964 1965/3334/1965 
f 1960/3329/1960 1963/3332/1963 1964/3333/1964 
f 1845/3343/1845 1964/3344/1964 1963/3345/1963 
f 1845/3343/1845 1963/3345/1963 1952/3346/1952 
f 1952/3346/1952 1963/3345/1963 1962/3347/1962 
f 1960/3329/1960 1962/3331/1962 1963/3332/1963 
f 1960/3329/1960 1961/3330/1961 1962/3331/1962 
f 2023/3457/2023 2005/3438/2005 1827/3089/1827 
f 2005/3438/2005 2022/3456/2022 1822/3082/1822 
f 2005/3438/2005 1822/3082/1822 1821/3081/1821 
f 1809/3080/1809 1821/3081/1821 1822/3082/1822 
f 1810/3466/1810 1809/3080/1809 1822/3082/1822 
f 1810/3466/1810 1822/3082/1822 2032/3467/2032 
f 2028/3640/2028 1810/3466/1810 2032/3467/2032 
f 2028/3610/2028 2032/3471/2032 2034/3470/2034 
f 2028/3610/2028 2034/3470/2034 2029/3611/2029 
f 2028/3462/2028 2029/3463/2029 2030/3464/2030 
f 2028/3462/2028 2030/3464/2030 2031/3465/2031 
f 2028/3640/2028 2031/3641/2031 1810/3466/1810 
f 2030/3619/2030 1810/3068/1810 2031/3620/2031 
f 2030/3619/2030 2106/3585/2106 1810/3068/1810 
f 2106/3585/2106 2030/3619/2030 2113/3639/2113 
f 2106/3585/2106 2113/3639/2113 2107/3586/2107 
f 2106/3585/2106 2107/3586/2107 2108/3587/2108 
f 2107/3586/2107 2091/3531/2091 2108/3587/2108 
f 2107/3586/2107 2116/3599/2116 2091/3531/2091 
f 2110/3598/2110 2091/3531/2091 2116/3599/2116 
f 2073/3635/2073 2110/3598/2110 2116/3599/2116 
f 2073/3656/2073 2087/3590/2087 2110/3589/2110 
f 2110/3589/2110 2087/3590/2087 2049/3591/2049 
f 2110/3589/2110 2049/3591/2049 2092/3592/2092 
f 2110/3598/2110 2092/3532/2092 2091/3531/2091 
f 2049/3569/2049 2095/3571/2095 2092/3572/2092 
f 2049/3569/2049 2050/3570/2050 2095/3571/2095 
f 2095/3644/2095 2050/3645/2050 2089/3546/2089 
f 2095/3644/2095 2089/3546/2089 2105/3545/2105 
f 2105/3604/2105 2096/3536/2096 2095/3535/2095 
f 2105/3604/2105 2117/3605/2117 2096/3536/2096 
f 2117/3600/2117 2053/3602/2053 2096/3603/2096 
f 2053/3573/2053 2042/3575/2042 2096/3576/2096 
f 2053/3573/2053 2010/3574/2010 2042/3575/2042 
f 2042/3646/2042 2010/3647/2010 2036/3550/2036 
f 2042/3646/2042 2036/3550/2036 2043/3549/2043 
f 2042/3482/2042 2043/3483/2043 2044/3484/2044 
f 2042/3482/2042 2044/3484/2044 2045/3485/2045 
f 2044/3557/2044 2013/3559/2013 2045/3560/2045 
f 2013/3577/2013 2102/3579/2102 2045/3580/2045 
f 2013/3577/2013 2085/3578/2085 2102/3579/2102 
f 2102/3648/2102 2085/3649/2085 2084/3554/2084 
f 2102/3648/2102 2084/3554/2084 2103/3553/2103 
f 2100/3540/2100 2102/3542/2102 2103/3543/2103 
f 2067/3629/2067 2100/3540/2100 2103/3543/2103 
f 2067/3629/2067 2103/3543/2103 2068/3630/2068 
f 2066/3506/2066 2067/3507/2067 2068/3508/2068 
f 2066/3506/2066 2068/3508/2068 2069/3509/2069 
f 2069/3625/2069 2083/3523/2083 2066/3626/2066 
f 2067/3654/2067 2066/3655/2066 2083/3566/2083 
f 2067/3654/2067 2083/3566/2083 2100/3565/2100 
f 2100/3565/2100 2083/3566/2083 2082/3567/2082 
f 2100/3565/2100 2082/3567/2082 2101/3568/2101 
f 2100/3540/2100 2101/3541/2101 2102/3542/2102 
f 2082/3581/2082 1813/3583/1813 2101/3584/2101 
f 2082/3581/2082 2081/3582/2081 1813/3583/1813 
f 1813/3652/1813 2081/3653/2081 2080/3562/2080 
f 1813/3652/1813 2080/3562/2080 2099/3561/2099 
f 2099/3561/2099 2080/3562/2080 2065/3563/2065 
f 2099/3561/2099 2065/3563/2065 2064/3564/2064 
f 2065/3627/2065 2080/3520/2080 2079/3519/2079 
f 2081/3521/2081 2082/3522/2082 2059/3499/2059 
f 2081/3521/2081 2059/3499/2059 2057/3497/2057 
f 2082/3522/2082 2060/3500/2060 2059/3499/2059 
f 2058/3498/2058 2059/3499/2059 2060/3500/2060 
f 2058/3498/2058 2060/3500/2060 2061/3501/2061 
f 2061/3501/2061 2060/3500/2060 2012/3445/2012 
f 2085/3525/2085 2012/3445/2012 2060/3500/2060 
f 2082/3522/2082 2085/3525/2085 2060/3500/2060 
f 2082/3522/2082 2084/3524/2084 2085/3525/2085 
f 2082/3522/2082 2083/3523/2083 2084/3524/2084 
f 2069/3625/2069 2084/3524/2084 2083/3523/2083 
f 2103/3553/2103 2084/3554/2084 2069/3555/2069 
f 2103/3553/2103 2069/3555/2069 2068/3556/2068 
f 2085/3525/2085 2013/3446/2013 2012/3445/2012 
f 2010/3443/2010 2012/3445/2012 2013/3446/2013 
f 2013/3446/2013 2036/3473/2036 2010/3443/2010 
f 2013/3446/2013 2035/3472/2035 2036/3473/2036 
f 2027/3623/2027 2036/3473/2036 2035/3472/2035 
f 2027/3623/2027 2035/3472/2035 2024/3624/2024 
f 2024/3458/2024 2026/3460/2026 2027/3461/2027 
f 2043/3549/2043 2027/3551/2027 2026/3552/2026 
f 2025/3631/2025 2043/3483/2043 2026/3632/2026 
f 2024/3458/2024 2025/3459/2025 2026/3460/2026 
f 2025/3650/2025 2024/3651/2024 2035/3558/2035 
f 2025/3650/2025 2035/3558/2035 2044/3557/2044 
f 2025/3631/2025 2044/3484/2044 2043/3483/2043 
f 2044/3557/2044 2035/3558/2035 2013/3559/2013 
f 2043/3549/2043 2036/3550/2036 2027/3551/2027 
f 2010/3443/2010 2011/3444/2011 2012/3445/2012 
f 2053/3493/2053 2011/3444/2011 2010/3443/2010 
f 2053/3493/2053 2052/3492/2052 2011/3444/2011 
f 2050/3490/2050 2052/3492/2052 2053/3493/2053 
f 2088/3528/2088 2050/3490/2050 2053/3493/2053 
f 2117/3600/2117 2088/3601/2088 2053/3602/2053 
f 2077/3658/2077 2088/3601/2088 2117/3600/2117 
f 2077/3633/2077 2117/3605/2117 2105/3604/2105 
f 2077/3633/2077 2105/3604/2105 2074/3634/2074 
f 2074/3514/2074 2076/3516/2076 2077/3517/2077 
f 2077/3658/2077 2076/3659/2076 2088/3601/2088 
f 2075/3621/2075 2088/3528/2088 2076/3622/2076 
f 2074/3514/2074 2075/3515/2075 2076/3516/2076 
f 2105/3545/2105 2075/3547/2075 2074/3548/2074 
f 2105/3545/2105 2089/3546/2089 2075/3547/2075 
f 2075/3621/2075 2089/3529/2089 2088/3528/2088 
f 2088/3528/2088 2089/3529/2089 2050/3490/2050 
f 2050/3490/2050 2051/3491/2051 2052/3492/2052 
f 2049/3489/2049 2051/3491/2051 2050/3490/2050 
f 2049/3489/2049 2048/3488/2048 2051/3491/2051 
f 2073/3656/2073 2072/3657/2072 2087/3590/2087 
f 2116/3599/2116 2107/3586/2107 2113/3639/2113 
f 2030/3464/2030 2114/3596/2114 2113/3595/2113 
f 2030/3464/2030 2029/3463/2029 2114/3596/2114 
f 2034/3470/2034 2114/3612/2114 2029/3611/2029 
f 2034/3470/2034 2115/3597/2115 2114/3612/2114 
f 2115/3597/2115 2034/3470/2034 2033/3469/2033 
f 2115/3597/2115 2033/3469/2033 2111/3593/2111 
f 2111/3684/2111 2033/3685/2033 2138/3686/2138 
f 2111/3684/2111 2138/3686/2138 2141/3687/2141 
f 2112/3698/2112 2111/3699/2111 2141/3700/2141 
f 2112/3698/2112 2141/3700/2141 2140/3701/2140 
f 2131/3693/2131 2112/3696/2112 2140/3697/2140 
f 2131/3693/2131 2140/3697/2140 2139/3694/2139 
f 2022/3692/2022 2131/3693/2131 2139/3694/2139 
f 2022/3692/2022 2139/3694/2139 2143/3695/2143 
f 1822/3690/1822 2022/3691/2022 2143/3683/2143 
f 1822/3690/1822 2143/3683/2143 2142/3682/2142 
f 2033/3685/2033 1822/3688/1822 2142/3689/2142 
f 2033/3685/2033 2142/3689/2142 2138/3686/2138 
f 2138/3678/2138 2142/3682/2142 2143/3683/2143 
f 2138/3678/2138 2143/3683/2143 2139/3679/2139 
f 2138/3678/2138 2139/3679/2139 2140/3680/2140 
f 2138/3678/2138 2140/3680/2140 2141/3681/2141 
f 1822/3468/1822 2033/3469/2033 2034/3470/2034 
f 1822/3468/1822 2034/3470/2034 2032/3471/2032 
f 2130/3669/2130 2112/3594/2112 2131/3670/2131 
f 2130/3669/2130 2137/3677/2137 2112/3594/2112 
f 2047/3487/2047 2133/3673/2133 2134/3674/2134 
f 1823/3085/1823 1929/3237/1929 1824/3086/1824 
f 1823/3085/1823 1928/3236/1928 1929/3237/1929 
f 1929/3237/1929 1928/3236/1928 1930/3238/1930 
f 1929/3237/1929 1930/3238/1930 1931/3239/1931 
f 1931/3239/1931 1930/3238/1930 1915/3184/1915 
f 1823/3379/1823 1973/3381/1973 1928/3382/1928 
f 1928/3382/1928 1973/3381/1973 1974/3383/1974 
f 1823/3379/1823 1972/3380/1972 1973/3381/1973 
f 2090/3934/2090 2267/3935/2267 2265/3931/2265 
f 1893/3286/1893 1938/3250/1938 1932/3249/1932 
f 1893/3286/1893 1892/3287/1892 1938/3250/1938 
f 1938/3250/1938 1892/3287/1892 1935/3290/1935 
f 1895/3288/1895 1894/3289/1894 1909/3178/1909 
f 1924/3299/1924 1906/3207/1906 1905/3300/1905 
f 1924/3299/1924 1923/3204/1923 1906/3207/1906 
f 1923/3204/1923 1889/3206/1889 1906/3207/1906 
f 1889/3276/1889 1907/3176/1907 1906/3175/1906 
f 1889/3276/1889 1888/3277/1888 1907/3176/1907 
f 1888/3157/1888 1889/3158/1889 1890/3159/1890 
f 1923/3204/1923 1890/3205/1890 1889/3206/1889 
# mm_gid 212
g mmGroup212
usemtl 12281_container
f 2268/3936/2268 2269/3937/2269 2270/3938/2270 
f 2310/4048/2310 2268/4050/2268 2270/4051/2270 
f 2316/4056/2316 2310/4048/2310 2270/4051/2270 
f 2316/4056/2316 2270/4051/2270 2296/4057/2296 
f 2323/4070/2323 2316/4056/2316 2296/4057/2296 
f 2323/4070/2323 2296/4057/2296 2301/4071/2301 
f 2322/4063/2322 2323/4070/2323 2301/4071/2301 
f 2322/4063/2322 2301/4071/2301 2300/4064/2300 
f 2320/4062/2320 2322/4063/2322 2300/4064/2300 
f 2320/4062/2320 2300/4064/2300 2299/4065/2299 
f 2317/4059/2317 2320/4066/2320 2299/4067/2299 
f 2317/4059/2317 2299/4067/2299 2298/4060/2298 
f 2318/4058/2318 2317/4059/2317 2298/4060/2298 
f 2318/4058/2318 2298/4060/2298 2297/4061/2297 
f 2336/4068/2336 2318/4058/2318 2297/4061/2297 
f 2336/4068/2336 2297/4061/2297 2334/4069/2334 
f 2325/4072/2325 2336/4068/2336 2334/4069/2334 
f 2325/4072/2325 2334/4069/2334 2302/4073/2302 
f 2312/4074/2312 2325/4072/2325 2302/4073/2302 
f 2312/4074/2312 2302/4073/2302 2268/4075/2268 
f 2310/4048/2310 2312/4049/2312 2268/4050/2268 
f 2310/3982/2310 2311/3983/2311 2312/3984/2312 
f 2311/3983/2311 2324/3996/2324 2312/3984/2312 
f 2324/3996/2324 2325/3997/2325 2312/3984/2312 
f 2336/4010/2336 2325/3997/2325 2324/3996/2324 
f 2318/3990/2318 2336/4010/2336 2324/3996/2324 
f 2318/3990/2318 2324/3996/2324 2319/3991/2319 
f 2317/3989/2317 2318/3990/2318 2319/3991/2319 
f 2320/3992/2320 2317/3989/2317 2319/3991/2319 
f 2320/3992/2320 2319/3991/2319 2321/3993/2321 
f 2320/3992/2320 2321/3993/2321 2322/3994/2322 
f 2323/3995/2323 2322/3994/2322 2321/3993/2321 
f 2311/3983/2311 2323/3995/2323 2321/3993/2321 
f 2332/4006/2332 2311/3999/2311 2321/4001/2321 
f 2331/4005/2331 2332/4006/2332 2321/4001/2321 
f 2327/4000/2327 2331/4005/2331 2321/4001/2321 
f 2327/4000/2327 2321/4001/2321 2328/4002/2328 
f 2329/4003/2329 2327/4000/2327 2328/4002/2328 
f 2330/4004/2330 2329/4003/2329 2328/4002/2328 
f 2314/3986/2314 2330/4004/2330 2328/4002/2328 
f 2314/4036/2314 2328/4037/2328 2339/4038/2339 
f 2314/4036/2314 2339/4038/2339 2338/4039/2338 
f 2338/4032/2338 2311/4034/2311 2314/4035/2314 
f 2314/3986/2314 2311/3999/2311 2315/3987/2315 
f 2313/3985/2313 2314/3986/2314 2315/3987/2315 
f 2313/4052/2313 2315/4053/2315 2271/4054/2271 
f 2313/4052/2313 2271/4054/2271 2273/4055/2273 
f 2326/4076/2326 2313/4052/2313 2273/4055/2273 
f 2326/4076/2326 2273/4055/2273 2303/4077/2303 
f 2330/4078/2330 2326/4076/2326 2303/4077/2303 
f 2330/4078/2330 2303/4077/2303 2306/4079/2306 
f 2329/4081/2329 2330/4078/2330 2306/4079/2306 
f 2329/4081/2329 2306/4079/2306 2305/4082/2305 
f 2327/4080/2327 2329/4081/2329 2305/4082/2305 
f 2327/4080/2327 2305/4082/2305 2304/4083/2304 
f 2331/4088/2331 2327/4090/2327 2304/4091/2304 
f 2331/4088/2331 2304/4091/2304 2308/4089/2308 
f 2332/4085/2332 2331/4088/2331 2308/4089/2308 
f 2332/4085/2332 2308/4089/2308 2307/4086/2307 
f 2337/4084/2337 2332/4085/2332 2307/4086/2307 
f 2337/4084/2337 2307/4086/2307 2335/4087/2335 
f 2333/4092/2333 2337/4084/2337 2335/4087/2335 
f 2333/4092/2333 2335/4087/2335 2309/4093/2309 
f 2315/4094/2315 2333/4092/2333 2309/4093/2309 
f 2315/4094/2315 2309/4093/2309 2271/4095/2271 
f 2271/3939/2271 2309/3981/2309 2278/3946/2278 
f 2271/3939/2271 2278/3946/2278 2272/3940/2272 
f 2271/3939/2271 2272/3940/2272 2273/3941/2273 
f 2272/3940/2272 2303/3975/2303 2273/3941/2273 
f 2306/3978/2306 2303/3975/2303 2272/3940/2272 
f 2306/3978/2306 2272/3940/2272 2293/3962/2293 
f 2293/3962/2293 2305/3977/2305 2306/3978/2306 
f 2293/3962/2293 2304/3976/2304 2305/3977/2305 
f 2293/3962/2293 2279/3948/2279 2304/3976/2304 
f 2279/3948/2279 2308/3980/2308 2304/3976/2304 
f 2279/3948/2279 2307/3979/2307 2308/3980/2308 
f 2278/3946/2278 2307/3979/2307 2279/3948/2279 
f 2279/3948/2279 2269/3947/2269 2278/3946/2278 
f 2277/3945/2277 2278/3946/2278 2269/3947/2269 
f 2277/4012/2277 2269/4024/2269 2274/4025/2274 
f 2277/4012/2277 2274/4025/2274 2276/4013/2276 
f 2277/4012/2277 2276/4013/2276 2284/4014/2284 
f 2277/4012/2277 2284/4014/2284 2285/4015/2285 
f 2278/3946/2278 2277/3945/2277 2285/3954/2285 
f 2278/3946/2278 2285/3954/2285 2272/3940/2272 
f 2285/3954/2285 2286/3955/2286 2272/3940/2272 
f 2272/3940/2272 2286/3955/2286 2294/3963/2294 
f 2272/3940/2272 2294/3963/2294 2293/3962/2293 
f 2293/3962/2293 2294/3963/2294 2295/3964/2295 
f 2280/3949/2280 2293/3962/2293 2295/3964/2295 
f 2288/4020/2288 2280/4021/2280 2295/4022/2295 
f 2288/4020/2288 2295/4022/2295 2291/4023/2291 
f 2291/4031/2291 2289/3958/2289 2288/3957/2288 
f 2287/3956/2287 2288/3957/2288 2289/3958/2289 
f 2287/3956/2287 2289/3958/2289 2275/3943/2275 
f 2287/3956/2287 2275/3943/2275 2274/3942/2274 
f 2274/3974/2274 2297/3967/2297 2287/3966/2287 
f 2287/3966/2287 2297/3967/2297 2298/3968/2298 
f 2287/3966/2287 2298/3968/2298 2299/3970/2299 
f 2281/3969/2281 2287/3966/2287 2299/3970/2299 
f 2281/3969/2281 2299/3970/2299 2300/3971/2300 
f 2281/3969/2281 2300/3971/2300 2301/3972/2301 
f 2301/3972/2301 2269/3937/2269 2281/3969/2281 
f 2279/3948/2279 2281/3950/2281 2269/3947/2269 
f 2279/3948/2279 2280/3949/2280 2281/3950/2281 
f 2288/4020/2288 2281/4027/2281 2280/4021/2280 
f 2288/4020/2288 2287/4026/2287 2281/4027/2281 
f 2280/3949/2280 2279/3948/2279 2293/3962/2293 
f 2301/3972/2301 2296/3965/2296 2269/3937/2269 
f 2269/3937/2269 2296/3965/2296 2270/3938/2270 
f 2274/3974/2274 2334/4008/2334 2297/3967/2297 
f 2274/3974/2274 2302/3973/2302 2334/4008/2334 
f 2268/3936/2268 2302/3973/2302 2274/3974/2274 
f 2268/3936/2268 2274/3974/2274 2269/3937/2269 
f 2274/3942/2274 2275/3943/2275 2276/3944/2276 
f 2282/4019/2282 2276/3944/2276 2275/3943/2275 
f 2289/3958/2289 2282/4019/2282 2275/3943/2275 
f 2289/3958/2289 2290/4018/2290 2282/4019/2282 
f 2290/3959/2290 2283/3952/2283 2282/3951/2282 
f 2282/3951/2282 2283/3952/2283 2284/3953/2284 
f 2282/4019/2282 2284/4029/2284 2276/3944/2276 
f 2286/4017/2286 2284/3953/2284 2283/3952/2283 
f 2292/3961/2292 2286/4017/2286 2283/3952/2283 
f 2290/3959/2290 2292/3961/2292 2283/3952/2283 
f 2290/3959/2290 2291/3960/2291 2292/3961/2292 
f 2295/4030/2295 2292/3961/2292 2291/3960/2291 
f 2295/4030/2295 2294/4016/2294 2292/3961/2292 
f 2292/3961/2292 2294/4016/2294 2286/4017/2286 
f 2291/4031/2291 2290/4018/2290 2289/3958/2289 
f 2286/4017/2286 2285/4028/2285 2284/3953/2284 
f 2278/3946/2278 2335/4009/2335 2307/3979/2307 
f 2278/3946/2278 2309/3981/2309 2335/4009/2335 
f 2311/3999/2311 2333/4007/2333 2315/3987/2315 
f 2337/4011/2337 2333/4007/2333 2311/3999/2311 
f 2332/4006/2332 2337/4011/2337 2311/3999/2311 
f 2314/3986/2314 2326/3998/2326 2330/4004/2330 
f 2313/3985/2313 2326/3998/2326 2314/3986/2314 
f 2338/4032/2338 2324/4033/2324 2311/4034/2311 
f 2338/4040/2338 2319/4042/2319 2324/4043/2324 
f 2338/4040/2338 2339/4041/2339 2319/4042/2319 
f 2328/4044/2328 2319/4046/2319 2339/4047/2339 
f 2328/4044/2328 2321/4045/2321 2319/4046/2319 
f 2311/3983/2311 2316/3988/2316 2323/3995/2323 
f 2310/3982/2310 2316/3988/2316 2311/3983/2311 
# mm_gid 214
g mmGroup214
usemtl 12281_container
f 2340/4096/2340 2341/4097/2341 2342/4098/2342 
f 2340/4096/2340 2342/4098/2342 2346/4133/2346 
f 2340/4096/2340 2346/4133/2346 2374/4134/2374 
f 2383/4234/2383 2340/4235/2340 2374/4233/2374 
f 2383/4234/2383 2374/4233/2374 2397/4232/2397 
f 2396/4156/2396 2383/4143/2383 2397/4157/2397 
f 2396/4156/2396 2397/4157/2397 2410/4206/2410 
f 2396/4156/2396 2410/4206/2410 2391/4151/2391 
f 2391/4151/2391 2390/4150/2390 2396/4156/2396 
f 2408/4198/2408 2396/4199/2396 2390/4200/2390 
f 2408/4198/2408 2390/4200/2390 2409/4201/2409 
f 2387/4194/2387 2408/4195/2408 2409/4196/2409 
f 2387/4194/2387 2409/4196/2409 2400/4197/2400 
f 2387/4147/2387 2400/4161/2400 2402/4164/2402 
f 2387/4147/2387 2402/4164/2402 2398/4158/2398 
f 2385/4145/2385 2387/4147/2387 2398/4158/2398 
f 2398/4236/2398 2344/4213/2344 2385/4212/2385 
f 2385/4212/2385 2344/4213/2344 2343/4214/2343 
f 2385/4212/2385 2343/4214/2343 2386/4215/2386 
f 2385/4145/2385 2386/4146/2386 2387/4147/2387 
f 2387/4147/2387 2386/4146/2386 2384/4159/2384 
f 2408/4190/2408 2387/4191/2387 2384/4192/2384 
f 2408/4190/2408 2384/4192/2384 2396/4193/2396 
f 2384/4144/2384 2383/4143/2383 2396/4156/2396 
f 2382/4142/2382 2383/4143/2383 2384/4144/2384 
f 2382/4142/2382 2384/4144/2384 2388/4148/2388 
f 2388/4216/2388 2341/4209/2341 2382/4208/2382 
f 2382/4208/2382 2341/4209/2341 2340/4210/2340 
f 2382/4208/2382 2340/4210/2340 2383/4211/2383 
f 2388/4216/2388 2368/4217/2368 2341/4209/2341 
f 2342/4098/2342 2341/4097/2341 2368/4125/2368 
f 2373/4132/2373 2342/4098/2342 2368/4125/2368 
f 2395/4231/2395 2373/4230/2373 2368/4217/2368 
f 2395/4231/2395 2368/4217/2368 2388/4216/2388 
f 2384/4144/2384 2395/4155/2395 2388/4148/2388 
f 2384/4144/2384 2394/4154/2394 2395/4155/2395 
f 2395/4155/2395 2394/4154/2394 2393/4153/2393 
f 2393/4225/2393 2373/4230/2373 2395/4231/2395 
f 2393/4225/2393 2371/4224/2371 2373/4230/2373 
f 2352/4129/2352 2373/4132/2373 2371/4130/2371 
f 2352/4129/2352 2371/4130/2371 2372/4131/2372 
f 2352/4129/2352 2372/4131/2372 2359/4126/2359 
f 2361/4118/2361 2352/4181/2352 2359/4116/2359 
f 2359/4116/2359 2360/4117/2360 2361/4118/2361 
f 2364/4121/2364 2361/4118/2361 2360/4117/2360 
f 2364/4121/2364 2360/4117/2360 2362/4119/2362 
f 2362/4119/2362 2363/4120/2363 2364/4121/2364 
f 2366/4178/2366 2364/4121/2364 2363/4120/2363 
f 2366/4178/2366 2363/4120/2363 2367/4187/2367 
f 2365/4122/2365 2366/4123/2366 2367/4124/2367 
f 2345/4101/2345 2365/4122/2365 2367/4124/2367 
f 2345/4101/2345 2367/4124/2367 2358/4115/2358 
f 2357/4114/2357 2345/4101/2345 2358/4115/2358 
f 2358/4182/2358 2355/4112/2355 2357/4169/2357 
f 2349/4168/2349 2357/4169/2357 2355/4112/2355 
f 2349/4168/2349 2355/4112/2355 2347/4103/2347 
f 2349/4168/2349 2347/4103/2347 2346/4102/2346 
f 2349/4168/2349 2346/4102/2346 2342/4180/2342 
f 2349/4105/2349 2342/4106/2342 2350/4107/2350 
f 2350/4107/2350 2357/4114/2357 2349/4105/2349 
f 2350/4107/2350 2345/4101/2345 2357/4114/2357 
f 2343/4099/2343 2345/4101/2345 2350/4107/2350 
f 2343/4099/2343 2350/4107/2350 2381/4141/2381 
f 2386/4254/2386 2343/4255/2343 2381/4253/2381 
f 2386/4254/2386 2381/4253/2381 2405/4252/2405 
f 2384/4159/2384 2386/4146/2386 2405/4167/2405 
f 2384/4159/2384 2405/4167/2405 2411/4207/2411 
f 2384/4159/2384 2411/4207/2411 2404/4166/2404 
f 2404/4166/2404 2394/4162/2394 2384/4159/2384 
f 2403/4165/2403 2394/4162/2394 2404/4166/2404 
f 2404/4247/2404 2379/4248/2379 2403/4249/2403 
f 2403/4249/2403 2379/4248/2379 2376/4250/2376 
f 2403/4249/2403 2376/4250/2376 2399/4251/2399 
f 2399/4160/2399 2394/4162/2394 2403/4165/2403 
f 2399/4160/2399 2400/4161/2400 2394/4162/2394 
f 2400/4202/2400 2390/4204/2390 2394/4205/2394 
f 2392/4152/2392 2394/4154/2394 2390/4150/2390 
f 2392/4152/2392 2390/4150/2390 2389/4149/2389 
f 2389/4221/2389 2372/4226/2372 2392/4227/2392 
f 2392/4222/2392 2372/4223/2372 2371/4224/2371 
f 2392/4222/2392 2371/4224/2371 2393/4225/2393 
f 2392/4152/2392 2393/4153/2393 2394/4154/2394 
f 2389/4221/2389 2369/4220/2369 2372/4226/2372 
f 2359/4126/2359 2372/4131/2372 2369/4127/2369 
f 2359/4126/2359 2369/4127/2369 2370/4128/2370 
f 2346/4133/2346 2359/4126/2359 2370/4128/2370 
f 2346/4133/2346 2370/4128/2370 2406/4188/2406 
f 2346/4133/2346 2406/4188/2406 2374/4134/2374 
f 2397/4232/2397 2374/4233/2374 2406/4229/2406 
f 2397/4232/2397 2406/4229/2406 2410/4228/2410 
f 2410/4228/2410 2406/4229/2406 2370/4219/2370 
f 2410/4228/2410 2370/4219/2370 2391/4218/2391 
f 2391/4218/2391 2370/4219/2370 2369/4220/2369 
f 2391/4218/2391 2369/4220/2369 2389/4221/2389 
f 2389/4149/2389 2390/4150/2390 2391/4151/2391 
f 2359/4126/2359 2346/4133/2346 2348/4183/2348 
f 2359/4126/2359 2348/4183/2348 2360/4184/2360 
f 2360/4174/2360 2348/4175/2348 2354/4176/2354 
f 2360/4174/2360 2354/4176/2354 2362/4177/2362 
f 2362/4185/2362 2354/4186/2354 2356/4171/2356 
f 2362/4185/2362 2356/4171/2356 2363/4170/2363 
f 2363/4170/2363 2356/4171/2356 2358/4172/2358 
f 2363/4170/2363 2358/4172/2358 2367/4173/2367 
f 2358/4182/2358 2356/4113/2356 2355/4112/2355 
f 2354/4111/2354 2355/4112/2355 2356/4113/2356 
f 2354/4111/2354 2347/4103/2347 2355/4112/2355 
f 2354/4111/2354 2348/4104/2348 2347/4103/2347 
f 2346/4102/2346 2347/4103/2347 2348/4104/2348 
f 2400/4202/2400 2409/4203/2409 2390/4204/2390 
f 2401/4163/2401 2400/4161/2400 2399/4160/2399 
f 2399/4240/2399 2377/4242/2377 2401/4243/2401 
f 2401/4243/2401 2377/4242/2377 2378/4239/2378 
f 2401/4243/2401 2378/4239/2378 2402/4238/2402 
f 2402/4164/2402 2400/4161/2400 2401/4163/2401 
f 2402/4238/2402 2378/4239/2378 2375/4237/2375 
f 2402/4238/2402 2375/4237/2375 2398/4236/2398 
f 2398/4236/2398 2375/4237/2375 2344/4213/2344 
f 2345/4101/2345 2344/4100/2344 2375/4135/2375 
f 2378/4138/2378 2345/4101/2345 2375/4135/2375 
f 2378/4138/2378 2365/4122/2365 2345/4101/2345 
f 2365/4122/2365 2378/4138/2378 2377/4137/2377 
f 2365/4122/2365 2377/4137/2377 2376/4136/2376 
f 2365/4122/2365 2376/4136/2376 2351/4108/2351 
f 2353/4110/2353 2365/4122/2365 2351/4108/2351 
f 2351/4108/2351 2352/4109/2352 2353/4110/2353 
f 2361/4118/2361 2353/4179/2353 2352/4181/2352 
f 2361/4118/2361 2366/4178/2366 2353/4179/2353 
f 2353/4110/2353 2366/4123/2366 2365/4122/2365 
f 2361/4118/2361 2364/4121/2364 2366/4178/2366 
f 2351/4108/2351 2342/4106/2342 2352/4109/2352 
f 2373/4132/2373 2352/4129/2352 2342/4098/2342 
f 2351/4108/2351 2350/4107/2350 2342/4106/2342 
f 2350/4107/2350 2351/4108/2351 2380/4140/2380 
f 2350/4107/2350 2380/4140/2380 2407/4189/2407 
f 2350/4107/2350 2407/4189/2407 2381/4141/2381 
f 2405/4252/2405 2381/4253/2381 2407/4245/2407 
f 2405/4252/2405 2407/4245/2407 2411/4244/2411 
f 2411/4244/2411 2407/4245/2407 2380/4246/2380 
f 2411/4244/2411 2380/4246/2380 2404/4247/2404 
f 2404/4247/2404 2380/4246/2380 2379/4248/2379 
f 2351/4108/2351 2379/4139/2379 2380/4140/2380 
f 2351/4108/2351 2376/4136/2376 2379/4139/2379 
f 2399/4240/2399 2376/4241/2376 2377/4242/2377 
f 2343/4099/2343 2344/4100/2344 2345/4101/2345 
# mm_gid 216
g mmGroup216
usemtl 12281_container
f 2412/4256/2412 2413/4257/2413 2414/4258/2414 
f 2412/4256/2412 2414/4258/2414 2415/4259/2415 
f 2414/4268/2414 2420/4270/2420 2415/4271/2415 
f 2414/4268/2414 2421/4269/2421 2420/4270/2420 
f 2419/4264/2419 2420/4266/2420 2421/4267/2421 
f 2419/4264/2419 2418/4265/2418 2420/4266/2420 
f 2416/4260/2416 2418/4262/2418 2419/4263/2419 
f 2416/4260/2416 2417/4261/2417 2418/4262/2418 
f 2416/4272/2416 2412/4256/2412 2417/4273/2417 
f 2416/4272/2416 2413/4257/2413 2412/4256/2412 
# mm_gid 352
g mmGroup352
usemtl 12281_container
f 2422/4274/2422 2423/4275/2423 2424/4276/2424 
f 2422/4274/2422 2424/4276/2424 2425/4277/2425 
f 2424/4276/2424 2556/4408/2556 2425/4277/2425 
f 2424/4276/2424 2557/4409/2557 2556/4408/2556 
f 2554/4406/2554 2556/4408/2556 2557/4409/2557 
f 2554/4406/2554 2555/4407/2555 2556/4408/2556 
f 2554/4406/2554 2553/4405/2553 2555/4407/2555 
f 2554/4406/2554 2550/4402/2550 2553/4405/2553 
f 2550/4402/2550 2552/4404/2552 2553/4405/2553 
f 2550/4402/2550 2551/4403/2551 2552/4404/2552 
f 2686/4538/2686 2552/4404/2552 2551/4403/2551 
f 2686/4538/2686 2551/4403/2551 2687/4539/2687 
f 2686/4538/2686 2687/4539/2687 2688/4540/2688 
f 2686/4538/2686 2688/4540/2688 2689/4541/2689 
f 2488/4340/2488 2689/4541/2689 2688/4540/2688 
f 2488/4340/2488 2688/4540/2688 2489/4341/2489 
f 2486/4338/2486 2488/4340/2488 2489/4341/2489 
f 2486/4338/2486 2487/4339/2487 2488/4340/2488 
f 2486/4338/2486 2684/4536/2684 2487/4339/2487 
f 2486/4338/2486 2685/4537/2685 2684/4536/2684 
f 2682/4534/2682 2684/4536/2684 2685/4537/2685 
f 2682/4534/2682 2683/4535/2683 2684/4536/2684 
f 2682/4534/2682 2549/4401/2549 2683/4535/2683 
f 2682/4534/2682 2546/4398/2546 2549/4401/2549 
f 2546/4398/2546 2548/4400/2548 2549/4401/2549 
f 2546/4398/2546 2547/4399/2547 2548/4400/2548 
f 2678/4530/2678 2548/4400/2548 2547/4399/2547 
f 2678/4530/2678 2547/4399/2547 2679/4531/2679 
f 2678/4530/2678 2679/4531/2679 2680/4532/2680 
f 2678/4530/2678 2680/4532/2680 2681/4533/2681 
f 2484/4336/2484 2681/4533/2681 2680/4532/2680 
f 2484/4336/2484 2680/4532/2680 2485/4337/2485 
f 2482/4334/2482 2484/4336/2484 2485/4337/2485 
f 2482/4334/2482 2483/4335/2483 2484/4336/2484 
f 2482/4334/2482 2676/4528/2676 2483/4335/2483 
f 2482/4334/2482 2677/4529/2677 2676/4528/2676 
f 2674/4526/2674 2676/4528/2676 2677/4529/2677 
f 2674/4526/2674 2675/4527/2675 2676/4528/2676 
f 2674/4526/2674 2545/4397/2545 2675/4527/2675 
f 2674/4526/2674 2542/4394/2542 2545/4397/2545 
f 2542/4394/2542 2544/4396/2544 2545/4397/2545 
f 2542/4394/2542 2543/4395/2543 2544/4396/2544 
f 2670/4522/2670 2544/4396/2544 2543/4395/2543 
f 2670/4522/2670 2543/4395/2543 2671/4523/2671 
f 2670/4522/2670 2671/4523/2671 2672/4524/2672 
f 2670/4522/2670 2672/4524/2672 2673/4525/2673 
f 2480/4332/2480 2673/4525/2673 2672/4524/2672 
f 2480/4332/2480 2672/4524/2672 2481/4333/2481 
f 2478/4330/2478 2480/4332/2480 2481/4333/2481 
f 2478/4330/2478 2479/4331/2479 2480/4332/2480 
f 2478/4330/2478 2668/4520/2668 2479/4331/2479 
f 2478/4330/2478 2669/4521/2669 2668/4520/2668 
f 2666/4518/2666 2668/4520/2668 2669/4521/2669 
f 2666/4518/2666 2667/4519/2667 2668/4520/2668 
f 2666/4518/2666 2541/4393/2541 2667/4519/2667 
f 2666/4518/2666 2538/4390/2538 2541/4393/2541 
f 2538/4390/2538 2540/4392/2540 2541/4393/2541 
f 2538/4390/2538 2539/4391/2539 2540/4392/2540 
f 2662/4514/2662 2540/4392/2540 2539/4391/2539 
f 2662/4514/2662 2539/4391/2539 2663/4515/2663 
f 2662/4514/2662 2663/4515/2663 2664/4516/2664 
f 2662/4514/2662 2664/4516/2664 2665/4517/2665 
f 2476/4328/2476 2665/4517/2665 2664/4516/2664 
f 2476/4328/2476 2664/4516/2664 2477/4329/2477 
f 2474/4326/2474 2476/4328/2476 2477/4329/2477 
f 2474/4326/2474 2475/4327/2475 2476/4328/2476 
f 2474/4326/2474 2660/4512/2660 2475/4327/2475 
f 2474/4326/2474 2661/4513/2661 2660/4512/2660 
f 2658/4510/2658 2660/4512/2660 2661/4513/2661 
f 2658/4510/2658 2659/4511/2659 2660/4512/2660 
f 2658/4510/2658 2537/4389/2537 2659/4511/2659 
f 2658/4510/2658 2534/4386/2534 2537/4389/2537 
f 2534/4386/2534 2536/4388/2536 2537/4389/2537 
f 2534/4386/2534 2535/4387/2535 2536/4388/2536 
f 2654/4506/2654 2536/4388/2536 2535/4387/2535 
f 2654/4506/2654 2535/4387/2535 2655/4507/2655 
f 2654/4506/2654 2655/4507/2655 2656/4508/2656 
f 2654/4506/2654 2656/4508/2656 2657/4509/2657 
f 2472/4324/2472 2657/4509/2657 2656/4508/2656 
f 2472/4324/2472 2656/4508/2656 2473/4325/2473 
f 2470/4322/2470 2472/4324/2472 2473/4325/2473 
f 2470/4322/2470 2471/4323/2471 2472/4324/2472 
f 2470/4322/2470 2652/4504/2652 2471/4323/2471 
f 2470/4322/2470 2653/4505/2653 2652/4504/2652 
f 2650/4502/2650 2652/4504/2652 2653/4505/2653 
f 2650/4502/2650 2651/4503/2651 2652/4504/2652 
f 2650/4502/2650 2533/4385/2533 2651/4503/2651 
f 2650/4502/2650 2530/4382/2530 2533/4385/2533 
f 2530/4382/2530 2532/4384/2532 2533/4385/2533 
f 2530/4382/2530 2531/4383/2531 2532/4384/2532 
f 2646/4498/2646 2532/4384/2532 2531/4383/2531 
f 2646/4498/2646 2531/4383/2531 2647/4499/2647 
f 2646/4498/2646 2647/4499/2647 2648/4500/2648 
f 2646/4498/2646 2648/4500/2648 2649/4501/2649 
f 2468/4320/2468 2649/4501/2649 2648/4500/2648 
f 2468/4320/2468 2648/4500/2648 2469/4321/2469 
f 2466/4318/2466 2468/4320/2468 2469/4321/2469 
f 2466/4318/2466 2467/4319/2467 2468/4320/2468 
f 2466/4318/2466 2644/4496/2644 2467/4319/2467 
f 2466/4318/2466 2645/4497/2645 2644/4496/2644 
f 2642/4494/2642 2644/4496/2644 2645/4497/2645 
f 2642/4494/2642 2643/4495/2643 2644/4496/2644 
f 2642/4494/2642 2529/4381/2529 2643/4495/2643 
f 2642/4494/2642 2526/4378/2526 2529/4381/2529 
f 2526/4378/2526 2528/4380/2528 2529/4381/2529 
f 2526/4378/2526 2527/4379/2527 2528/4380/2528 
f 2638/4490/2638 2528/4380/2528 2527/4379/2527 
f 2638/4490/2638 2527/4379/2527 2639/4491/2639 
f 2638/4490/2638 2639/4491/2639 2640/4492/2640 
f 2638/4490/2638 2640/4492/2640 2641/4493/2641 
f 2464/4316/2464 2641/4493/2641 2640/4492/2640 
f 2464/4316/2464 2640/4492/2640 2465/4317/2465 
f 2462/4314/2462 2464/4316/2464 2465/4317/2465 
f 2462/4314/2462 2463/4315/2463 2464/4316/2464 
f 2462/4314/2462 2636/4488/2636 2463/4315/2463 
f 2462/4314/2462 2637/4489/2637 2636/4488/2636 
f 2634/4486/2634 2636/4488/2636 2637/4489/2637 
f 2634/4486/2634 2635/4487/2635 2636/4488/2636 
f 2634/4486/2634 2525/4377/2525 2635/4487/2635 
f 2634/4486/2634 2522/4374/2522 2525/4377/2525 
f 2522/4374/2522 2524/4376/2524 2525/4377/2525 
f 2522/4374/2522 2523/4375/2523 2524/4376/2524 
f 2630/4482/2630 2524/4376/2524 2523/4375/2523 
f 2630/4482/2630 2523/4375/2523 2631/4483/2631 
f 2630/4482/2630 2631/4483/2631 2632/4484/2632 
f 2630/4482/2630 2632/4484/2632 2633/4485/2633 
f 2460/4312/2460 2633/4485/2633 2632/4484/2632 
f 2460/4312/2460 2632/4484/2632 2461/4313/2461 
f 2458/4310/2458 2460/4312/2460 2461/4313/2461 
f 2458/4310/2458 2459/4311/2459 2460/4312/2460 
f 2458/4310/2458 2628/4480/2628 2459/4311/2459 
f 2458/4310/2458 2629/4481/2629 2628/4480/2628 
f 2626/4478/2626 2628/4480/2628 2629/4481/2629 
f 2626/4478/2626 2627/4479/2627 2628/4480/2628 
f 2626/4478/2626 2691/4543/2691 2627/4479/2627 
f 2626/4478/2626 2690/4542/2690 2691/4543/2691 
f 2422/4274/2422 2560/4412/2560 2423/4275/2423 
f 2422/4274/2422 2561/4413/2561 2560/4412/2560 
f 2558/4410/2558 2560/4412/2560 2561/4413/2561 
f 2558/4410/2558 2559/4411/2559 2560/4412/2560 
f 2558/4410/2558 2521/4373/2521 2559/4411/2559 
f 2558/4410/2558 2518/4370/2518 2521/4373/2521 
f 2518/4370/2518 2520/4372/2520 2521/4373/2521 
f 2518/4370/2518 2519/4371/2519 2520/4372/2520 
f 2618/4470/2618 2520/4372/2520 2519/4371/2519 
f 2618/4470/2618 2519/4371/2519 2619/4471/2619 
f 2618/4470/2618 2619/4471/2619 2620/4472/2620 
f 2618/4470/2618 2620/4472/2620 2621/4473/2621 
f 2456/4308/2456 2621/4473/2621 2620/4472/2620 
f 2456/4308/2456 2620/4472/2620 2457/4309/2457 
f 2454/4306/2454 2456/4308/2456 2457/4309/2457 
f 2454/4306/2454 2455/4307/2455 2456/4308/2456 
f 2454/4306/2454 2624/4476/2624 2455/4307/2455 
f 2454/4306/2454 2625/4477/2625 2624/4476/2624 
f 2622/4474/2622 2624/4476/2624 2625/4477/2625 
f 2622/4474/2622 2623/4475/2623 2624/4476/2624 
f 2622/4474/2622 2517/4369/2517 2623/4475/2623 
f 2622/4474/2622 2514/4366/2514 2517/4369/2517 
f 2514/4366/2514 2516/4368/2516 2517/4369/2517 
f 2514/4366/2514 2515/4367/2515 2516/4368/2516 
f 2610/4462/2610 2516/4368/2516 2515/4367/2515 
f 2610/4462/2610 2515/4367/2515 2611/4463/2611 
f 2610/4462/2610 2611/4463/2611 2612/4464/2612 
f 2610/4462/2610 2612/4464/2612 2613/4465/2613 
f 2452/4304/2452 2613/4465/2613 2612/4464/2612 
f 2452/4304/2452 2612/4464/2612 2453/4305/2453 
f 2450/4302/2450 2452/4304/2452 2453/4305/2453 
f 2450/4302/2450 2451/4303/2451 2452/4304/2452 
f 2450/4302/2450 2616/4468/2616 2451/4303/2451 
f 2450/4302/2450 2617/4469/2617 2616/4468/2616 
f 2614/4466/2614 2616/4468/2616 2617/4469/2617 
f 2614/4466/2614 2615/4467/2615 2616/4468/2616 
f 2614/4466/2614 2513/4365/2513 2615/4467/2615 
f 2614/4466/2614 2510/4362/2510 2513/4365/2513 
f 2510/4362/2510 2512/4364/2512 2513/4365/2513 
f 2510/4362/2510 2511/4363/2511 2512/4364/2512 
f 2602/4454/2602 2512/4364/2512 2511/4363/2511 
f 2602/4454/2602 2511/4363/2511 2603/4455/2603 
f 2602/4454/2602 2603/4455/2603 2604/4456/2604 
f 2602/4454/2602 2604/4456/2604 2605/4457/2605 
f 2448/4300/2448 2605/4457/2605 2604/4456/2604 
f 2448/4300/2448 2604/4456/2604 2449/4301/2449 
f 2446/4298/2446 2448/4300/2448 2449/4301/2449 
f 2446/4298/2446 2447/4299/2447 2448/4300/2448 
f 2446/4298/2446 2608/4460/2608 2447/4299/2447 
f 2446/4298/2446 2609/4461/2609 2608/4460/2608 
f 2606/4458/2606 2608/4460/2608 2609/4461/2609 
f 2606/4458/2606 2607/4459/2607 2608/4460/2608 
f 2606/4458/2606 2509/4361/2509 2607/4459/2607 
f 2606/4458/2606 2506/4358/2506 2509/4361/2509 
f 2506/4358/2506 2508/4360/2508 2509/4361/2509 
f 2506/4358/2506 2507/4359/2507 2508/4360/2508 
f 2594/4446/2594 2508/4360/2508 2507/4359/2507 
f 2594/4446/2594 2507/4359/2507 2595/4447/2595 
f 2594/4446/2594 2595/4447/2595 2596/4448/2596 
f 2594/4446/2594 2596/4448/2596 2597/4449/2597 
f 2444/4296/2444 2597/4449/2597 2596/4448/2596 
f 2444/4296/2444 2596/4448/2596 2445/4297/2445 
f 2442/4294/2442 2444/4296/2444 2445/4297/2445 
f 2442/4294/2442 2443/4295/2443 2444/4296/2444 
f 2442/4294/2442 2600/4452/2600 2443/4295/2443 
f 2442/4294/2442 2601/4453/2601 2600/4452/2600 
f 2598/4450/2598 2600/4452/2600 2601/4453/2601 
f 2598/4450/2598 2599/4451/2599 2600/4452/2600 
f 2598/4450/2598 2505/4357/2505 2599/4451/2599 
f 2598/4450/2598 2502/4354/2502 2505/4357/2505 
f 2502/4354/2502 2504/4356/2504 2505/4357/2505 
f 2502/4354/2502 2503/4355/2503 2504/4356/2504 
f 2586/4438/2586 2504/4356/2504 2503/4355/2503 
f 2586/4438/2586 2503/4355/2503 2587/4439/2587 
f 2586/4438/2586 2587/4439/2587 2588/4440/2588 
f 2586/4438/2586 2588/4440/2588 2589/4441/2589 
f 2440/4292/2440 2589/4441/2589 2588/4440/2588 
f 2440/4292/2440 2588/4440/2588 2441/4293/2441 
f 2438/4290/2438 2440/4292/2440 2441/4293/2441 
f 2438/4290/2438 2439/4291/2439 2440/4292/2440 
f 2438/4290/2438 2592/4444/2592 2439/4291/2439 
f 2438/4290/2438 2593/4445/2593 2592/4444/2592 
f 2590/4442/2590 2592/4444/2592 2593/4445/2593 
f 2590/4442/2590 2591/4443/2591 2592/4444/2592 
f 2590/4442/2590 2501/4353/2501 2591/4443/2591 
f 2590/4442/2590 2498/4350/2498 2501/4353/2501 
f 2498/4350/2498 2500/4352/2500 2501/4353/2501 
f 2498/4350/2498 2499/4351/2499 2500/4352/2500 
f 2578/4430/2578 2500/4352/2500 2499/4351/2499 
f 2578/4430/2578 2499/4351/2499 2579/4431/2579 
f 2578/4430/2578 2579/4431/2579 2580/4432/2580 
f 2578/4430/2578 2580/4432/2580 2581/4433/2581 
f 2436/4288/2436 2581/4433/2581 2580/4432/2580 
f 2436/4288/2436 2580/4432/2580 2437/4289/2437 
f 2434/4286/2434 2436/4288/2436 2437/4289/2437 
f 2434/4286/2434 2435/4287/2435 2436/4288/2436 
f 2434/4286/2434 2584/4436/2584 2435/4287/2435 
f 2434/4286/2434 2585/4437/2585 2584/4436/2584 
f 2582/4434/2582 2584/4436/2584 2585/4437/2585 
f 2582/4434/2582 2583/4435/2583 2584/4436/2584 
f 2582/4434/2582 2497/4349/2497 2583/4435/2583 
f 2582/4434/2582 2494/4346/2494 2497/4349/2497 
f 2494/4346/2494 2496/4348/2496 2497/4349/2497 
f 2494/4346/2494 2495/4347/2495 2496/4348/2496 
f 2570/4422/2570 2496/4348/2496 2495/4347/2495 
f 2570/4422/2570 2495/4347/2495 2571/4423/2571 
f 2570/4422/2570 2571/4423/2571 2572/4424/2572 
f 2570/4422/2570 2572/4424/2572 2573/4425/2573 
f 2432/4284/2432 2573/4425/2573 2572/4424/2572 
f 2432/4284/2432 2572/4424/2572 2433/4285/2433 
f 2430/4282/2430 2432/4284/2432 2433/4285/2433 
f 2430/4282/2430 2431/4283/2431 2432/4284/2432 
f 2430/4282/2430 2576/4428/2576 2431/4283/2431 
f 2430/4282/2430 2577/4429/2577 2576/4428/2576 
f 2574/4426/2574 2576/4428/2576 2577/4429/2577 
f 2574/4426/2574 2575/4427/2575 2576/4428/2576 
f 2574/4426/2574 2493/4345/2493 2575/4427/2575 
f 2574/4426/2574 2490/4342/2490 2493/4345/2493 
f 2490/4342/2490 2492/4344/2492 2493/4345/2493 
f 2490/4342/2490 2491/4343/2491 2492/4344/2492 
f 2562/4414/2562 2492/4344/2492 2491/4343/2491 
f 2562/4414/2562 2491/4343/2491 2563/4415/2563 
f 2562/4414/2562 2563/4415/2563 2564/4416/2564 
f 2562/4414/2562 2564/4416/2564 2565/4417/2565 
f 2428/4280/2428 2565/4417/2565 2564/4416/2564 
f 2428/4280/2428 2564/4416/2564 2429/4281/2429 
f 2426/4278/2426 2428/4280/2428 2429/4281/2429 
f 2426/4278/2426 2427/4279/2427 2428/4280/2428 
f 2426/4278/2426 2568/4420/2568 2427/4279/2427 
f 2426/4278/2426 2569/4421/2569 2568/4420/2568 
f 2566/4418/2566 2568/4420/2568 2569/4421/2569 
f 2566/4418/2566 2567/4419/2567 2568/4420/2568 
f 2566/4418/2566 2693/4545/2693 2567/4419/2567 
f 2566/4418/2566 2692/4544/2692 2693/4545/2693 
