mtllib cnt-40.mtl
v 13.54940128 6.374019623 -0.1785150468
vn 0 -1 2.237317403e-06
v 13.55139637 6.373838902 -0.2925071418
vn 0.974234879 -0.225535661 9.867535846e-05
v 13.62506962 6.374019623 -0.1785150468
vn 0.9036491513 -0.4002983868 0.1522479355
v 13.61069965 6.548136711 -0.8893772364
vn -0.7053152919 0.6159837842 0.3508479297
v 13.69378471 6.548136711 -0.9121694565
vn 0.1643413752 0.6483765841 -0.743370533
v 13.55139637 6.548136711 -0.9121694565
vn 0 0.07747814059 -0.9969940782
v 13.57219124 -1.728295445 7.375337601
vn 0 0.1204178482 0.9927232862
v 13.69378471 -1.728295445 7.375337601
vn 0.09070947766 0.9226307869 0.3748655319
v 13.55139637 -1.728295445 7.354195118
vn 0.9974754453 0.01770925522 0.06876823306
v 13.54940128 -1.728475213 -0.1785150468
vn 0 1 4.155678198e-06
v 13.62506962 -1.728475213 -0.1785150468
vn 0.9036490321 0.4002988636 0.1522471905
v 13.55139637 -1.728295445 -0.2925071418
vn 0.9742350578 0.2255351394 9.802488057e-05
v 13.61069965 -1.902592897 -0.8893772364
vn -0.7053178549 -0.6159802079 0.3508491814
v 13.55139637 -1.902592897 -0.9121694565
vn 0 -0.07747840136 -0.9969940186
v 13.69378471 -1.902592897 -0.9121694565
vn 0.1643571407 -0.6483761072 -0.7433674335
v 13.62247658 6.548136711 7.375337601
vn -0.4307590127 0.8942731023 0.1213352829
v 13.5306015 6.373838902 7.375337601
vn 0.1174674556 -0.0006029819488 0.9930765629
v 13.57219124 6.373838902 7.375337601
vn 0 -0.1204174384 0.9927233458
v 13.5306015 -1.728295445 7.375337601
vn 0.06583543122 0.0006758904201 0.9978302717
v 13.62247658 -1.902592897 7.375337601
vn -0.3578396738 -0.742882669 0.5657526851
v 13.55139637 6.373838902 7.354195118
vn 0.9986943007 -0.03656358272 0.03567649052
v 13.69378471 6.373838902 7.375337601
vn 0.1378849149 -0.8101624846 0.569758296
v 13.5306015 2.322772264 7.375337601
vn 0.0525781028 6.114764595e-17 0.9986168146
v 13.24502945 6.373838902 7.375337601
vn 0 6.123234263e-17 1
v 13.24502945 2.322772264 7.375337601
vn 0 6.123234263e-17 1
v 13.24502945 6.548136711 -0.5218213797
vn 0.1895617247 0.9773305058 -0.09429447353
v 13.24502945 6.548136711 -0.8893772364
vn 0.2660414577 0.8056102991 0.5293524265
v 12.923069 6.548136711 -0.8893772364
vn -0.03497508913 0.9993881583 -0.0003015061666
v 12.923069 6.548136711 -0.5218213797
vn -0.07115706801 0.9974651337 -6.107712384e-17
v 13.62458038 6.548136711 4.054118633
vn 0.04667415842 0.9988785386 0.007950191386
v 13.62458038 6.548136711 2.412475824
vn 0.1394123286 0.9899529219 -0.02361069247
v 13.24502945 6.548136711 2.412475824
vn 0 1 -6.123234263e-17
v 13.24502945 6.548136711 4.054118633
vn 0 1 -6.123234263e-17
v 13.70890903 6.532720089 -0.9121694565
vn 0.9985828996 0.04995138943 -0.01835869253
v 13.70890903 6.532720089 -0.5218213797
vn 0.993874073 0.110518679 -7.191187299e-18
v 13.70890903 6.389255047 -0.5218213797
vn 0.9967137575 -0.08100425452 5.177830516e-18
v 13.70890903 6.389255047 -0.9121694565
vn 0.9828956723 -0.1705750674 -0.06942836195
v 13.55139637 6.373838902 -0.9121694565
vn 0.7265641093 -0.06136865169 -0.6843526363
v 13.24502945 6.373838902 -0.9121694565
vn 0 -6.123234263e-17 -1
v 13.24502945 6.548136711 -0.9121694565
vn 0 0.202578783 -0.9792659879
v 12.923069 6.548136711 7.375337601
vn -0.0678807348 0.8704959154 0.4874721766
v 12.923069 6.373838902 7.375337601
vn -0.03387788311 1.829565372e-05 0.9994260073
v 13.24502945 6.548136711 7.375337601
vn 0.3845129609 0.6294838786 0.6752035618
v 13.70890903 6.532720089 2.412475824
vn 0.9987416863 0.04995933548 -0.00436600484
v 13.70890903 6.532720089 4.054118633
vn 0.9851385355 0.1709631383 0.0165446382
v 13.70890903 6.389255047 4.054118633
vn 0.9987414479 -0.04996424541 0.004366434179
v 13.70890903 6.389255047 2.412475824
vn 0.9851285815 -0.1710198969 -0.01655013114
v 13.70890903 6.532720089 7.375337601
vn 0.9942620397 0.09464455396 0.04985383153
v 13.70890903 6.389255047 7.375337601
vn 0.9944902062 -0.09466663003 0.04502696171
v 13.70890903 6.389255047 7.073710442
vn 0.9963838458 -0.08496592939 5.425777904e-18
v 13.70890903 6.532720089 7.073710442
vn 0.9954999089 0.09476239234 -5.361616813e-18
v 13.69378471 6.548136711 7.375337601
vn 0.1526279598 0.8556902409 0.4944682717
v 13.69378471 6.548136711 7.073710442
vn 0.1931933165 0.9811607003 -6.036440517e-17
v 13.62247658 6.548136711 7.073710442
vn -0.9159673452 0.4005025327 0.02452730015
v 13.69378471 6.548136711 4.054118633
vn 0.09936177731 0.9895303845 0.1046751291
v 13.69378471 6.548136711 2.412475824
vn 0.2946952283 0.950533092 -0.09819160402
v 13.61069965 6.548136711 -0.5218213797
vn -0.2564872205 0.8208320737 -0.5103420615
v 13.69378471 6.548136711 -0.5218213797
vn 0.1366769224 0.9906156659 -6.06577168e-17
v 13.69378471 6.373838902 -0.9121694565
vn 0.04998376966 -0.9723682404 -0.2280385494
v 13.55139637 6.373838902 -0.5218213797
vn 0.9643160701 -0.2647537291 1.621149096e-17
v 13.69378471 6.373838902 -0.5218213797
vn 0.1136138737 -0.9935249686 6.083585842e-17
v 13.62506962 6.373992443 4.054118633
vn 0.2691102326 -0.962018609 0.04582491145
v 13.62506962 6.373992443 2.412475824
vn 0.2299796194 -0.9724219441 -0.03879407793
v 13.69378471 6.373867989 2.412475824
vn 0.09819812328 -0.98957479 -0.1053513959
v 13.69378471 6.373867989 4.054118633
vn 0.2944134474 -0.9506208301 0.09818725288
v 13.58798885 6.548136711 6.815443516
vn 0 1 -6.123234263e-17
v 13.62458038 6.548136711 6.713953972
vn 0.3617579341 0.9303289056 -0.06016124412
v 13.24502945 6.548136711 6.713953972
vn 0 1 -6.123234263e-17
v 13.24502945 6.548136711 6.815443516
vn 0 1 -6.123234263e-17
v 13.62458038 6.548136711 6.299132824
vn 0.03992403299 0.9991804957 0.006660521496
v 13.62458038 6.548136711 4.460406303
vn 0.1238022372 0.9920842648 -0.0210206341
v 13.24502945 6.548136711 4.460406303
vn 0 1 -6.123234263e-17
v 13.24502945 6.548136711 6.299132824
vn 0 1 -6.123234263e-17
v 12.923069 6.548136711 -0.1785150468
vn -0.03851498291 0.9992580414 -6.118690725e-17
v 13.24502945 6.548136711 -0.1785150468
vn 0 1 -6.123234263e-17
v 13.24502945 6.548136711 -0.2925071418
vn 0 1 -6.123234263e-17
v 12.923069 6.548136711 -0.2925071418
vn -0.09847093374 0.9951399565 -6.093474951e-17
v 12.923069 6.548136711 0.2305494994
vn -0.04130147025 0.9991467595 -6.124475696e-17
v 12.923069 6.548136711 2.006167173
vn -0.0910519734 0.9958461523 -6.09779879e-17
v 13.24502945 6.548136711 2.006167173
vn 0 1 -6.123234263e-17
v 13.24502945 6.548136711 0.2305494994
vn 0 1 -6.123234263e-17
v 13.70890903 6.532720089 -0.2925071418
vn 0.9932994246 0.1155694425 -7.076587216e-18
v 13.70890903 6.532720089 -0.1785150468
vn 0.9584367275 0.1663292497 0.2318050861
v 13.70890903 6.389255047 -0.1785150468
vn 0.9967820644 -0.04986676574 0.06275997311
v 13.70890903 6.389255047 -0.2925071418
vn 0.99700737 -0.07730652392 5.491525826e-06
v 13.70890903 6.532720089 0.2305494994
vn 0.9987431169 0.04995940253 -0.004036584403
v 13.70890903 6.532720089 2.006167173
vn 0.9851580858 0.1709665358 0.0152971819
v 13.70890903 6.389255047 2.006167173
vn 0.998742938 -0.04996234924 0.004036822356
v 13.70890903 6.389255047 0.2305494994
vn 0.9851521254 -0.171000585 -0.01530022919
v 13.70890903 6.389255047 6.815443516
vn 0.9974808693 -0.07093591988 4.343572546e-18
v 13.70890903 6.389255047 6.713953972
vn 0.9517463446 -0.1652111262 -0.2586198151
v 13.70890903 6.532720089 6.713953972
vn 0.9962698221 0.04983568564 -0.07044754922
v 13.70890903 6.532720089 6.815443516
vn 0.9966731071 0.08150298148 -6.181022341e-18
v 13.70890903 6.389255047 6.299132824
vn 0.9987434149 -0.04996434227 0.003898425493
v 13.70890903 6.389255047 4.460406303
vn 0.9851559401 -0.1710246503 -0.01477661729
v 13.70890903 6.532720089 4.460406303
vn 0.9987436533 0.04995943233 -0.003898042254
v 13.70890903 6.532720089 6.299132824
vn 0.9851658344 0.1709678769 0.01477171294
v 13.62427044 6.548136711 -0.2925071418
vn 0 1 -6.123234263e-17
v 13.62458038 6.548136711 -0.1785150468
vn 0.1930139214 0.9806525111 0.03265363351
v 13.69378471 6.548136711 -0.1785150468
vn 0.05498854071 0.5487288833 0.8341899514
v 13.69378471 6.548136711 -0.2925071418
vn 0.1400769204 0.9901406169 -6.131952085e-17
v 13.62458038 6.548136711 0.2305494994
vn 0.08117129654 0.9966061115 -0.01369017735
v 13.62458038 6.548136711 2.006167173
vn 0.06388780475 0.9978977442 0.01088169683
v 13.69378471 6.548136711 2.006167173
vn 0.09944269061 0.9903361201 0.09667212516
v 13.69378471 6.548136711 0.2305494994
vn 0.2949015796 0.9511986971 -0.09085178375
v 13.69378471 6.548136711 6.815443516
vn 0.1175298244 0.9930693507 -6.22330525e-17
v 13.69378471 6.548136711 6.713953972
vn 0.1572242826 0.5071235299 -0.8474115133
v 13.69378471 6.548136711 4.460406303
vn 0.1795799881 0.9822917581 -0.05342206731
v 13.69378471 6.548136711 6.299132824
vn 0.1773180813 0.9699192643 0.1667779684
v 13.55139637 6.373838902 6.815826416
vn 0.9337105155 -0.03305109218 -0.3565001488
v 13.55100632 6.373838902 6.713953972
vn 0.001714090002 -0.9999985099 -0.0002185580524
v 13.62507343 6.37396574 6.713953972
vn 0.653473556 -0.7491742373 -0.1082142591
v 13.62507343 6.37396574 6.815443516
vn -0.0002095362142 -0.9999999404 -0.0001487832051
v 13.55175781 6.373952389 6.299132824
vn 0.0008457832737 -0.9999996424 -2.308232797e-05
v 13.55039692 6.373916626 4.460406303
vn 0.001013728674 -0.9999994636 -1.885226629e-05
v 13.62506962 6.373992443 4.460406303
vn 0.119550325 -0.9926208854 -0.02028597333
v 13.62506962 6.373992443 6.299132824
vn 0.4429836273 -0.8934932351 0.07372470945
v 13.69378471 6.373838902 -0.2925071418
vn 0.1335615665 -0.9910404086 0.0004317530256
v 13.69378471 6.373871326 -0.1785150468
vn 0.1702611595 -0.5497179627 0.8178149462
v 13.69378471 6.373856068 0.2305494994
vn 0.09940934926 -0.9902392626 -0.09769351035
v 13.69378471 6.373856068 2.006167173
vn 0.2961442471 -0.9508180022 0.09079481661
v 13.62539005 6.373930454 2.006167173
vn 0.2520732582 -0.9667573571 0.04288737103
v 13.62539005 6.373930454 0.2305494994
vn 0.2185451537 -0.9751319289 -0.03682067618
v 12.923069 6.548136711 2.412475824
vn -0.07297984511 0.9973334074 -6.106905718e-17
v 13.69378471 6.373867989 6.299132824
vn 0.1788468063 -0.9824229479 0.05346932262
v 13.55139637 6.373838902 7.073710442
vn 0.9998144507 -0.01926298812 -2.762662461e-06
v 13.69378471 6.373838902 7.073710442
vn 0.06572408974 -0.9978378415 -9.199983469e-05
v 13.58823395 6.373901367 6.984532356
vn 0.0003957441659 -0.9999998808 -0.0003052639368
v 13.69378471 6.373850822 6.984532356
vn 0.09187604487 -0.9957703948 -0.0002548301418
v 13.69378471 6.373860836 6.713953972
vn 0.04991868883 -0.5014991164 -0.8637168407
v 13.24502945 6.548136711 6.984532356
vn 0.03778541088 0.9515258074 0.3052391112
v 13.60523033 6.548136711 6.984532356
vn -0.195955053 0.8795219064 0.4336391091
v 13.70890903 6.389255047 6.984532356
vn 0.9937000871 -0.1120722443 -4.784990779e-06
v 13.70890903 6.532720089 6.984532356
vn 0.9909924269 0.1339179873 -8.604489896e-18
v 13.69378471 6.548136711 6.984532356
vn 0.1193025783 0.992857933 -6.079501555e-17
v 13.69378471 6.373860836 6.815443516
vn 0.2962066829 -0.9551238418 -3.030160406e-05
v 13.69378471 6.373867989 4.460406303
vn 0.1765651554 -0.9698896408 -0.1677462906
v 13.54972172 6.373930454 2.006167173
vn -2.323728378e-20 -1 4.790033199e-05
v 13.54972172 6.373930454 0.2305494994
vn 0 -1 -2.257580491e-05
v 13.54940128 6.373992443 4.054118633
vn 0.0001659733243 -1 -3.091131293e-05
v 13.54940128 6.373992443 2.412475824
vn 0 -1 1.680098649e-05
v 12.923069 6.373838902 -0.9121694565
vn -0.04714035615 0.0003537111625 -0.9988881946
v 13.24502945 5.532369614 -0.9121694565
vn -8.455236821e-05 -0.02008044906 -0.9997983575
v 12.923069 5.532369614 -0.9121694565
vn -0.02851846069 -0.05013306066 -0.9983353019
v 13.61069965 6.42113924 -0.5218213797
vn -0.3237947226 0.9323167801 -0.161066547
v 13.61069965 6.42113924 -0.8893772364
vn -0.2747244537 0.791026473 0.54662925
v 13.24502945 6.42113924 -0.8893772364
vn 0.3237947226 0.9323167801 0.161066547
v 13.24502945 6.42113924 -0.5218213797
vn 0.2747244537 0.791026473 -0.54662925
v 12.923069 6.548136711 4.054118633
vn -0.06159557402 0.9981011748 -6.111607412e-17
v 13.24502945 6.548136711 7.073710442
vn 0.2637451887 0.9645923972 -5.90642493e-17
v 12.923069 6.548136711 7.073710442
vn -0.06167202443 0.9980964661 -6.111578295e-17
v 12.923069 6.548136711 -0.9121694565
vn -0.06025659293 0.1248559356 -0.9903434515
v 12.923069 6.548136711 6.713953972
vn -0.05589444935 0.9984366894 -6.081150622e-17
v 12.923069 6.548136711 6.815443516
vn -0.05268478766 0.9986112118 -6.160092769e-17
v 12.923069 6.548136711 6.299132824
vn -0.06159415469 0.998101294 -6.107433128e-17
v 12.923069 6.548136711 4.460406303
vn -0.06167978793 0.9980959892 -6.111574987e-17
v 12.923069 6.548136711 6.984532356
vn -0.09777157754 0.9952088594 -6.037308726e-17
v 13.62247658 6.42113924 7.073710442
vn -0.2085894048 0.9778612256 0.01666948944
v 13.60523033 6.42113924 6.984532356
vn -0.1136186048 0.3222540319 0.9398101568
v 13.24502945 6.42113924 6.984532356
vn 0.272035867 0.7900411487 0.5493918657
v 13.24502945 6.42113924 7.073710442
vn 0.5347455144 0.8450131416 -5.174213255e-17
v 13.24502945 6.42113924 7.326976299
vn 0.1291000843 0.9139264226 -0.3848008215
v 13.62247658 6.42113924 7.326976299
vn -0.4955163896 0.8005344272 -0.3370580971
v 13.55139637 2.322772264 -0.5218213797
vn 1 0 0
v 13.55139637 2.322772264 -0.9121694565
vn 0.7866466045 -3.780506236e-17 -0.6174035072
v 13.55139637 4.687049389 -0.9121694565
vn 0.7856561542 0.0120691089 -0.618545711
v 13.55139637 4.687049389 -0.5240878463
vn 0.9999854565 0.005391424522 -0.0002631796233
v 13.24502945 2.322772264 -0.9121694565
vn 0 -6.123234263e-17 -1
v 13.24502945 4.683196545 -0.9121694565
vn -4.02768128e-05 0.009934117086 -0.9999506474
v 13.55139637 2.322772264 7.354195118
vn 0.9950459003 6.10801993e-18 0.09941681474
v 13.55139637 2.322772264 7.073710442
vn 1 0 0
v 13.55139637 2.322772264 6.815986156
vn 0.9613334537 -3.61965931e-06 -0.2753870487
v 12.923069 2.322772264 7.375337601
vn -0.08933374286 6.098751702e-17 0.9960017204
v 13.55139637 4.683206558 -0.2925071418
vn 1 0 0
v 13.55139637 4.706962109 -0.5042430758
vn 0.9965741634 0.003235362237 -0.08264057338
v 13.55139637 4.706962109 -0.2925071418
vn 1 0 0
v 12.923069 2.322772264 -0.9121694565
vn -0.04497710243 1.636984234e-05 -0.9989880323
v 12.923069 4.683196545 -0.9121694565
vn -0.1083246842 0.009259499609 -0.9940724373
v 13.55139637 5.528516293 -0.5240663886
vn 0.9999697804 -0.007747460622 -0.0006032034871
v 13.55139637 5.528516293 -0.9121694565
vn 0.7899196744 -0.05002561957 -0.6111664176
v 13.55139637 5.529064655 -0.2925071418
vn 1 0 0
v 13.55139637 5.508603573 -0.5042430758
vn 0.9966554046 -0.001013970352 -0.08171293139
v 13.55139637 5.508603573 -0.2925071418
vn 1 0 0
v 13.24502945 5.508603573 -0.8884834647
vn -2.166779452e-19 -0.9979757667 -0.06359561533
v 13.24502945 5.508603573 -0.5392184854
vn 0.0001707025804 -0.9993734956 -0.03539131209
v 12.923069 5.508603573 -0.5392184854
vn 0.0008087845054 -0.9992666245 -0.03828264773
v 12.923069 5.508603573 -0.8884834647
vn -6.263913076e-19 -0.9979757667 -0.06359561533
v 13.24502945 4.706962109 -0.8884834647
vn -0.0002718170872 0.9981076717 -0.0614894405
v 13.24502945 4.706962109 -0.5392184854
vn 8.147907647e-05 0.9993710518 -0.03546074778
v 13.53186035 4.706962109 -0.5370798707
vn 0.07075373083 0.9968533516 -0.03573967144
v 13.53186035 4.706962109 -0.8884834647
vn 0.06094868109 0.9969003201 -0.04974891618
v 12.923069 4.706962109 -0.8884834647
vn -0.02966109104 0.9974263906 -0.06527529657
v 12.923069 4.706962109 -0.5392184854
vn -0.09181289375 0.9952206016 -0.03326110914
v 13.53186035 5.508603573 -0.8884834647
vn 0.03105608001 -0.997808516 -0.05842686445
v 13.53186035 5.508603573 -0.5370798707
vn 0.1262573749 -0.9914569855 -0.03274322301
v 13.53186035 4.719808578 -0.5242580175
vn 0.07358621061 0.00816317834 -0.9972554445
v 13.24502945 4.719808578 -0.5264392495
vn 0.00238210219 0.0156137608 -0.9998752475
v 13.24502945 5.49575758 -0.5264392495
vn 0.004827388097 -0.01682310738 -0.9998468161
v 13.53186035 5.49575758 -0.5242580175
vn 0.07444511354 -0.03237072751 -0.9966995716
v 12.923069 4.719808578 -0.5264392495
vn -0.05379110575 0.03176774457 -0.9980467558
v 12.923069 5.49575758 -0.5264392495
vn -0.07804229856 -0.007431827951 -0.9969223738
v 13.55139637 2.322772264 -0.2925071418
vn 1 0 0
v 13.24502945 -1.728295445 7.375337601
vn 0 6.123234263e-17 1
v 13.24502945 -1.902592897 -0.5218213797
vn 0.1895634234 -0.9773300886 -0.0942953229
v 12.923069 -1.902592897 -0.5218213797
vn -0.06164515764 -0.998098135 6.130840354e-17
v 12.923069 -1.902592897 -0.8893772364
vn -0.06158594042 -0.9981017709 6.111610721e-17
v 13.24502945 -1.902592897 -0.8893772364
vn 0.2660430968 -0.8056076169 0.5293556452
v 13.62458038 -1.902592897 4.054118633
vn 0.04667415842 -0.9988785386 0.007950191386
v 13.24502945 -1.902592897 4.054118633
vn 0 -1 6.123234263e-17
v 13.24502945 -1.902592897 2.412475824
vn 0 -1 6.123234263e-17
v 13.62458038 -1.902592897 2.412475824
vn 0.1394119859 -0.9899529219 -0.02361073345
v 13.70890903 -1.887174606 -0.9121694565
vn 0.9985828996 -0.04995124415 -0.01835859939
v 13.70890903 -1.743709803 -0.9121694565
vn 0.9828948975 0.1705787331 -0.06942965835
v 13.70890903 -1.743709803 -0.5218213797
vn 0.9967136979 0.08100517839 -5.547453691e-18
v 13.70890903 -1.887174606 -0.5218213797
vn 0.9938741326 -0.1105176806 6.767256408e-18
v 13.24502945 -1.902592897 -0.9121694565
vn 0 -0.2025794536 -0.9792658091
v 13.24502945 -1.728295445 -0.9121694565
vn 0 -6.123234263e-17 -1
v 13.55139637 -1.728295445 -0.9121694565
vn 0.7265645266 0.06136859953 -0.6843521595
v 12.923069 -1.902592897 7.375337601
vn -0.05744085461 -0.8577711582 0.5108123422
v 13.24502945 -1.902592897 7.375337601
vn 0.4573034644 -0.7486417294 0.4800094664
v 12.923069 -1.728295445 7.375337601
vn -0.06145421788 6.107488053e-17 0.9981098771
v 13.70890903 -1.887174606 2.412475824
vn 0.9987417459 -0.04995918646 -0.004365982953
v 13.70890903 -1.743709803 2.412475824
vn 0.9851283431 0.1710213125 -0.01655028388
v 13.70890903 -1.743709803 4.054118633
vn 0.9987414479 0.04996444285 0.004366442095
v 13.70890903 -1.887174606 4.054118633
vn 0.9851389527 -0.1709605753 0.01654440723
v 13.70890903 -1.887174606 7.375337601
vn 0.9942621589 -0.0946438536 0.04985332489
v 13.70890903 -1.887174606 7.073710442
vn 0.9954999685 -0.09476168454 5.361553534e-18
v 13.70890903 -1.743709803 7.073710442
vn 0.9963837862 0.08496693522 -5.793470854e-18
v 13.70890903 -1.743709803 7.375337601
vn 0.994490087 0.09466785938 0.04502745345
v 13.69378471 -1.902592897 7.375337601
vn 0.1526425034 -0.8556890488 0.4944658875
v 13.62247658 -1.902592897 7.073710442
vn -0.9159687161 -0.4004993737 0.0245273374
v 13.69378471 -1.902592897 7.073710442
vn 0.1932112873 -0.9811571836 6.036420003e-17
v 13.69378471 -1.902592897 2.412475824
vn 0.294721216 -0.950525105 -0.09819104522
v 13.69378471 -1.902592897 4.054118633
vn 0.09937128425 -0.9895294309 0.1046752259
v 13.69378471 -1.902592897 -0.5218213797
vn 0.1366898865 -0.9906138778 6.029715208e-17
v 13.61069965 -1.902592897 -0.5218213797
vn -0.2564888597 -0.8208295703 -0.5103452802
v 13.69378471 -1.728295445 -0.9121694565
vn 0.04997799173 0.9723687172 -0.2280378789
v 13.55139637 -1.728295445 -0.5218213797
vn 0.9643161297 0.2647534013 -1.621147111e-17
v 13.69378471 -1.728295445 -0.5218213797
vn 0.1136008725 0.9935264587 -6.126340492e-17
v 13.62506962 -1.728448391 4.054118633
vn 0.2691067755 0.9620195627 0.04582503438
v 13.69378471 -1.72832346 4.054118633
vn 0.2943977714 0.9506255984 0.09818801284
v 13.69378471 -1.72832346 2.412475824
vn 0.09818663448 0.9895758629 -0.1053517088
v 13.62506962 -1.728448391 2.412475824
vn 0.2299765944 0.9724225998 -0.03879454359
v 13.58798885 -1.902592897 6.815443516
vn 0 -1 6.123234263e-17
v 13.24502945 -1.902592897 6.815443516
vn 0 -1 6.123234263e-17
v 13.24502945 -1.902592897 6.713953972
vn 0 -1 6.123234263e-17
v 13.62458038 -1.902592897 6.713953972
vn 0.3617592752 -0.9303283691 -0.06016151607
v 13.62458038 -1.902592897 6.299132824
vn 0.03992403299 -0.9991804957 0.006660521496
v 13.24502945 -1.902592897 6.299132824
vn 0 -1 6.123234263e-17
v 13.24502945 -1.902592897 4.460406303
vn 0 -1 6.123234263e-17
v 13.62458038 -1.902592897 4.460406303
vn 0.1238022372 -0.9920842648 -0.02102066949
v 12.923069 -1.902592897 -0.1785150468
vn -0.05526875705 -0.9984714985 6.139776552e-17
v 12.923069 -1.902592897 -0.2925071418
vn -0.08040285856 -0.9967624545 6.056008302e-17
v 13.24502945 -1.902592897 -0.2925071418
vn 0 -1 6.123234263e-17
v 13.24502945 -1.902592897 -0.1785150468
vn 0 -1 6.123234263e-17
v 12.923069 -1.902592897 0.2305494994
vn -0.06159634143 -0.9981011152 6.11160675e-17
v 13.24502945 -1.902592897 0.2305494994
vn 0 -1 6.123234263e-17
v 13.24502945 -1.902592897 2.006167173
vn 0 -1 6.123234263e-17
v 12.923069 -1.902592897 2.006167173
vn -0.06168162078 -0.99809587 6.111574325e-17
v 13.70890903 -1.887174606 -0.2925071418
vn 0.9932995439 -0.1155683398 6.61589311e-18
v 13.70890903 -1.743709803 -0.2925071418
vn 0.9970073104 0.07730720192 5.189285275e-06
v 13.70890903 -1.743709803 -0.1785150468
vn 0.9967820644 0.0498668626 0.06275996566
v 13.70890903 -1.887174606 -0.1785150468
vn 0.9584378004 -0.1663268805 0.2318024188
v 13.70890903 -1.887174606 0.2305494994
vn 0.9987431169 -0.04995925725 -0.004036563914
v 13.70890903 -1.743709803 0.2305494994
vn 0.9851514697 0.1710042655 -0.01530051604
v 13.70890903 -1.743709803 2.006167173
vn 0.998742938 0.04996274412 0.004036845639
v 13.70890903 -1.887174606 2.006167173
vn 0.9851585031 -0.1709639728 0.01529691089
v 13.70890903 -1.743709803 6.815443516
vn 0.9974808693 0.07093635201 -5.228506909e-18
v 13.70890903 -1.887174606 6.815443516
vn 0.9966731668 -0.0815024823 5.441036491e-18
v 13.70890903 -1.887174606 6.713953972
vn 0.9962698221 -0.04983554035 -0.07044719905
v 13.70890903 -1.743709803 6.713953972
vn 0.9517452717 0.1652129143 -0.2586226165
v 13.70890903 -1.743709803 6.299132824
vn 0.9987433553 0.04996453971 0.003898432711
v 13.70890903 -1.887174606 6.299132824
vn 0.9851663113 -0.1709653288 0.01477150619
v 13.70890903 -1.887174606 4.460406303
vn 0.9987436533 -0.04995928332 -0.003898022696
v 13.70890903 -1.743709803 4.460406303
vn 0.9851557016 0.1710260659 -0.01477675326
v 13.62427044 -1.902592897 -0.2925071418
vn 0 -1 6.123234263e-17
v 13.69378471 -1.902592897 -0.2925071418
vn 0.1400901973 -0.9901387691 5.994267541e-17
v 13.69378471 -1.902592897 -0.1785150468
vn 0.05499364063 -0.5487266779 0.8341910243
v 13.62458038 -1.902592897 -0.1785150468
vn 0.1930145621 -0.9806523919 0.03265374154
v 13.62458038 -1.902592897 0.2305494994
vn 0.08117122948 -0.9966061711 -0.01369011868
v 13.69378471 -1.902592897 0.2305494994
vn 0.2949276268 -0.9511907697 -0.09085073322
v 13.69378471 -1.902592897 2.006167173
vn 0.099452205 -0.9903352261 0.09667163342
v 13.62458038 -1.902592897 2.006167173
vn 0.06388747692 -0.9978978038 0.01088164095
v 13.69378471 -1.902592897 6.815443516
vn 0.11754103 -0.9930680394 6.134713545e-17
v 13.69378471 -1.902592897 6.713953972
vn 0.1572389752 -0.5071219206 -0.8474097252
v 13.69378471 -1.902592897 4.460406303
vn 0.1795967817 -0.9822887182 -0.05342204496
v 13.69378471 -1.902592897 6.299132824
vn 0.1773346663 -0.9699162841 0.1667777598
v 13.55139637 -1.728295445 6.815826416
vn 0.7944591045 0.02813391387 -0.6066656709
v 13.62507343 -1.728420377 6.815443516
vn -0.0002106463653 0.9999999404 -0.0001484599052
v 13.62507343 -1.728420377 6.713953972
vn 0.6534731984 0.7491744161 -0.1082150042
v 13.55100632 -1.728295445 6.713953972
vn 0.001685924246 0.9999985695 -0.0002151170193
v 13.55175781 -1.728407264 6.299132824
vn 0.000844670285 0.9999996424 -2.354681237e-05
v 13.62506962 -1.728448391 6.299132824
vn 0.4429890811 0.8934905529 0.07372428477
v 13.62506962 -1.728448391 4.460406303
vn 0.1195458546 0.9926214218 -0.02028612979
v 13.55039692 -1.728373885 4.460406303
vn 0.0009977645241 0.9999995232 -1.936650733e-05
v 13.69378471 -1.728295445 -0.2925071418
vn 0.1335453093 0.991042614 0.0004269082856
v 13.69378471 -1.728326201 -0.1785150468
vn 0.1702486724 0.5497204065 0.8178158998
v 13.69378471 -1.728312731 0.2305494994
vn 0.09939396381 0.9902408123 -0.09769325703
v 13.62539005 -1.728387237 0.2305494994
vn 0.218542546 0.975132525 -0.03681982309
v 13.62539005 -1.728387237 2.006167173
vn 0.252070874 0.9667579532 0.04288709536
v 13.69378471 -1.728312731 2.006167173
vn 0.296110183 0.9508285522 0.09079553187
v 12.923069 -1.902592897 2.412475824
vn -0.1054475009 -0.9944248796 6.089096188e-17
v 13.69378471 -1.72832346 6.299132824
vn 0.1788332909 0.9824253917 0.05346960202
v 13.69378471 -1.728295445 7.073710442
vn 0.1017012 0.994814992 -0.0001374765707
v 13.69378471 -1.728306174 6.984532356
vn 0.09187892079 0.9957701564 -0.000250343699
v 13.58823395 -1.7283566 6.984532356
vn 0.0003850849462 0.9999998808 -0.0002991420624
v 13.55139637 -1.728295445 7.073710442
vn 0.9994695783 0.03256637231 -2.695953981e-06
v 13.69378471 -1.728316665 6.713953972
vn 0.0499233976 0.5014972091 -0.8637176752
v 13.60523033 -1.902592897 6.984532356
vn -0.1959564835 -0.879519999 0.4336422384
v 13.24502945 -1.902592897 6.984532356
vn 0.03778573126 -0.9515249729 0.305241704
v 13.70890903 -1.743709803 6.984532356
vn 0.9936999679 0.1120731905 -4.591043307e-06
v 13.70890903 -1.887174606 6.984532356
vn 0.9909926057 -0.1339164823 7.728577592e-18
v 13.69378471 -1.902592897 6.984532356
vn 0.1193139404 -0.9928565621 6.079492952e-17
v 13.69378471 -1.728316665 6.815443516
vn 0.2962030768 0.9551249743 -3.119286339e-05
v 13.69378471 -1.72832346 4.460406303
vn 0.176551789 0.9698919654 -0.1677470058
v 13.54972172 -1.728387237 0.2305494994
vn 0 1 -2.219954149e-05
v 13.54972172 -1.728387237 2.006167173
vn -2.323728378e-20 1 4.720946163e-05
v 13.54940128 -1.728448391 2.412475824
vn 0 1 1.655866436e-05
v 13.54940128 -1.728448391 4.054118633
vn 0.0001633595675 1 -3.042451863e-05
v 12.923069 -1.728295445 -0.9121694565
vn -0.03930788487 0.0001224850275 -0.9992271662
v 12.923069 -0.886826098 -0.9121694565
vn -0.1550782472 0.0481437631 -0.9867283702
v 13.24502945 -0.886826098 -0.9121694565
vn -8.457180957e-05 0.02008040622 -0.9997983575
v 13.61069965 -1.775594115 -0.5218213797
vn -0.323797375 -0.9323156476 -0.1610678583
v 13.24502945 -1.775594115 -0.5218213797
vn 0.274726063 -0.7910237312 -0.5466324687
v 13.24502945 -1.775594115 -0.8893772364
vn 0.323797375 -0.9323156476 0.1610678583
v 13.61069965 -1.775594115 -0.8893772364
vn -0.274726063 -0.7910237312 0.5466324687
v 12.923069 -1.902592897 4.054118633
vn -0.04191973805 -0.9991210103 6.117851633e-17
v 12.923069 -1.902592897 7.073710442
vn -0.08204129338 -0.9966288805 -0.0003010307846
v 13.24502945 -1.902592897 7.073710442
vn 0.2637474835 -0.9645917416 5.90642096e-17
v 12.923069 -1.902592897 -0.9121694565
vn -0.03496597335 -0.1330134422 -0.9904972315
v 12.923069 -1.902592897 6.815443516
vn -0.06161305308 -0.9981001019 6.059995974e-17
v 12.923069 -1.902592897 6.713953972
vn -0.03786728159 -0.9992827773 6.118842265e-17
v 12.923069 -1.902592897 6.299132824
vn -0.04112992063 -0.9991537929 6.118052804e-17
v 12.923069 -1.902592897 4.460406303
vn -0.09165664762 -0.9957906604 6.086736407e-17
v 12.923069 -1.902592897 6.984532356
vn -0.08112895489 -0.9967036247 6.103049732e-17
v 13.62247658 -1.775594115 7.073710442
vn -0.2085912675 -0.9778608084 0.01666963845
v 13.24502945 -1.775594115 7.073710442
vn 0.5347490907 -0.8450108767 5.174199358e-17
v 13.24502945 -1.775594115 6.984532356
vn 0.2720374763 -0.7900384068 0.5493950844
v 13.60523033 -1.775594115 6.984532356
vn -0.1136187166 -0.3222513199 0.9398110509
v 13.62247658 -1.775594115 7.326976299
vn -0.4955193698 -0.800531745 -0.3370601237
v 13.24502945 -1.775594115 7.326976299
vn 0.1291010976 -0.9139249921 -0.3848038316
v 13.55139637 -0.04150504991 -0.5240878463
vn 0.9999854565 -0.005391421728 -0.000263193273
v 13.55139637 -0.04150504991 -0.9121694565
vn 0.7856561542 -0.01206910331 -0.618545711
v 13.24502945 -0.03765042126 -0.9121694565
vn -4.029548654e-05 -0.009934111498 -0.9999506474
v 13.55139637 -0.0376636833 -0.2925071418
vn 1 0 0
v 13.55139637 -0.06141881272 -0.2925071418
vn 1 0 0
v 13.55139637 -0.06141881272 -0.5042430758
vn 0.9965741634 -0.003235369222 -0.08264054358
v 12.923069 -0.03765042126 -0.9121694565
vn -0.05572536588 -0.01055632439 -0.998390317
v 13.55139637 -0.8829717636 -0.5240663886
vn 0.9999697804 0.00774744153 -0.0006032184465
v 13.55139637 -0.8829717636 -0.9121694565
vn 0.7899199724 0.0500254482 -0.6111660004
v 13.55139637 -0.8835183382 -0.2925071418
vn 1 0 0
v 13.55139637 -0.8630578518 -0.2925071418
vn 1 0 0
v 13.55139637 -0.8630578518 -0.5042430758
vn 0.9966554046 0.001013972913 -0.0817130059
v 13.24502945 -0.8630578518 -0.8884834647
vn -1.933133499e-19 0.997975409 -0.06360118091
v 12.923069 -0.8630578518 -0.8884834647
vn 0 0.997975409 -0.06360118091
v 12.923069 -0.8630578518 -0.5392184854
vn 0.0003703885304 0.9993313551 -0.03656069934
v 13.24502945 -0.8630578518 -0.5392184854
vn 0.0001706986222 0.9993735552 -0.03539049253
v 13.24502945 -0.06141881272 -0.8884834647
vn -0.0002719431359 -0.9981073141 -0.06149560586
v 13.53186035 -0.06141881272 -0.8884834647
vn 0.06095185131 -0.996900022 -0.04975150526
v 13.53186035 -0.06141881272 -0.5370798707
vn 0.0707571879 -0.9968531728 -0.03573778272
v 13.24502945 -0.06141881272 -0.5392184854
vn 8.147435437e-05 -0.9993711114 -0.03545869142
v 12.923069 -0.06141881272 -0.8884834647
vn -0.0489547886 -0.9968948364 -0.0616770722
v 12.923069 -0.06141881272 -0.5392184854
vn -0.05510187894 -0.9977741838 -0.03755651787
v 13.53186035 -0.8630578518 -0.8884834647
vn 0.03105785884 0.997808218 -0.05843126029
v 13.53186035 -0.8630578518 -0.5370798707
vn 0.1262646765 0.9914560914 -0.03274243325
v 13.53186035 -0.07426450402 -0.5242580175
vn 0.073586151 -0.008163196966 -0.9972554445
v 13.53186035 -0.8502121568 -0.5242580175
vn 0.07444527745 0.03237080202 -0.9966995716
v 13.24502945 -0.8502121568 -0.5264392495
vn 0.004827389028 0.01682314277 -0.9998468161
v 13.24502945 -0.07426450402 -0.5264392495
vn 0.002382100094 -0.01561380178 -0.9998752475
v 12.923069 -0.8502121568 -0.5264392495
vn -0.05396901816 0.009144940414 -0.9985007048
v 12.923069 -0.07426450402 -0.5264392495
vn -0.1448627263 -0.03028147668 -0.9889882803
v 12.90227318 6.529394627 7.35176897
vn -0.9977745414 0.04432241991 0.04981449619
v 12.90227318 6.351728916 7.128232479
vn -1 0 0
v 12.90227318 6.185533047 7.128232479
vn -1 0 0
v 12.90227318 6.357738495 7.354195118
vn -0.9963284135 2.515425331e-05 0.08561347425
v 12.90227318 6.523275852 -0.894697547
vn -0.9930468202 0.02482391335 -0.1150731146
v 12.90227318 6.351728916 -0.7740658522
vn -1 0 0
v 12.90227318 6.351728916 -0.7523271441
vn -1 0 0
v 12.90227318 6.526939869 -0.874576211
vn -0.9942509532 0.1070734039 -0.0005207193899
v 12.90227318 6.526939869 6.959825039
vn -0.9943220615 0.1064127907 -5.742397827e-18
v 12.90227318 6.351728916 6.755600929
vn -1 0 0
v 12.90227318 6.351728916 6.840640068
vn -1 0 0
v 12.90227318 6.526939869 7.048566818
vn -0.994184792 0.1076866388 -0.000381144695
v 12.90227318 5.524517536 -0.901858747
vn -0.9865579605 0.001065042918 -0.1634083688
v 12.90227318 5.52328825 -0.7740658522
vn -1 0 0
v 12.90227318 6.185533047 -0.7740658522
vn -1 0 0
v 12.90227318 6.3450284 -0.8910264969
vn -0.9889019132 0.0009069634252 -0.1485671997
v 12.90227318 6.526939869 4.44836092
vn -0.9942291975 0.1072769836 -6.494522966e-18
v 12.90227318 6.351728916 4.348786831
vn -1 0 0
v 12.90227318 6.351728916 6.102016926
vn -1 0 0
v 12.90227318 6.526939869 6.277851582
vn -0.9943696856 0.1059668139 -6.156437706e-18
v 12.90227318 6.526939869 2.410720348
vn -0.9942317605 0.1072529033 -6.567346293e-18
v 12.90227318 6.351728916 2.396057606
vn -1 0 0
v 12.90227318 6.351728916 3.961375713
vn -1 0 0
v 12.90227318 6.526939869 4.044126987
vn -0.9943647981 0.1060126945 -6.491405323e-18
v 12.90227318 6.526939869 0.2397003025
vn -0.9942302108 0.1072676331 -6.680585665e-18
v 12.90227318 6.351728916 0.3155352771
vn -1 0 0
v 12.90227318 6.351728916 2.008625031
vn -1 0 0
v 12.90227318 6.526939869 2.006411791
vn -0.9943687916 0.1059750468 -6.48909997e-18
v 12.90227318 6.526939869 -0.2807069123
vn -0.9943255782 0.1063795835 -6.513870721e-18
v 12.90227318 6.351728916 -0.1832184494
vn -1 0 0
v 12.90227318 6.351728916 -0.07451449335
vn -1 0 0
v 12.90227318 6.526939869 -0.1672575176
vn -0.9942347407 0.1072253063 -7.042786962e-18
v 12.90227318 6.351728916 6.497610569
vn -1 0 0
v 12.90227318 6.526939869 6.690619469
vn -0.9943652153 0.1060084552 -6.103921664e-18
v 12.90227318 6.351728916 6.59437561
vn -1 0 0
v 12.90227318 6.526939869 6.791597843
vn -0.994260788 0.106983453 -6.732654203e-18
v 12.90227318 6.351728916 -0.4018598795
vn -1 0 0
v 12.90227318 6.526939869 -0.5088612437
vn -0.9943118095 0.1065085083 -6.521764919e-18
v 12.90227318 2.322772264 7.128232479
vn -1 0 0
v 12.90227318 2.322772264 7.354195118
vn -0.9963758588 5.168394039e-18 0.08505975455
v 12.90227318 -1.712193608 7.354195118
vn -0.9964687824 -4.650042683e-05 0.08396423608
v 12.90227318 -1.539989829 7.128232479
vn -1 0 0
v 12.90227318 -1.706184506 7.128232479
vn -1 0 0
v 12.90227318 -1.883849621 7.35176897
vn -0.9966023564 -0.07934136689 0.02210716344
v 12.90227318 -1.88139534 -0.874576211
vn -0.994484961 -0.1048750207 -0.0009400378331
v 12.90227318 -1.706184506 -0.7523271441
vn -1 0 0
v 12.90227318 -1.706184506 -0.7740658522
vn -1 0 0
v 12.90227318 -1.877732635 -0.894697547
vn -0.9897831082 -0.006577610504 -0.1424294859
v 12.90227318 -1.88139534 7.048566818
vn -0.9942868948 -0.1067390889 -0.0005444799317
v 12.90227318 -1.706184506 6.840640068
vn -1 0 0
v 12.90227318 -1.706184506 6.755600929
vn -1 0 0
v 12.90227318 -1.88139534 6.959825039
vn -0.9942554832 -0.1070327163 5.612728581e-18
v 12.90227318 -1.699483514 -0.8910264969
vn -0.9865853786 0.002011236036 -0.1632338911
v 12.90227318 -1.539989829 -0.7740658522
vn -1 0 0
v 12.90227318 -0.8874248266 -0.7740658522
vn -1 0 0
v 12.90227318 -0.8849160671 -0.8720969558
vn -0.988848567 0.003459891304 -0.1488844901
v 12.90227318 -1.88139534 6.277851582
vn -0.9942296743 -0.1072725877 6.440829846e-18
v 12.90227318 -1.706184506 6.102016926
vn -1 0 0
v 12.90227318 -1.706184506 4.348786831
vn -1 0 0
v 12.90227318 -1.88139534 4.44836092
vn -0.9943705201 -0.1059585437 6.293073881e-18
v 12.90227318 -1.88139534 4.044126987
vn -0.9942317605 -0.1072527766 6.567338435e-18
v 12.90227318 -1.706184506 3.961375713
vn -1 0 0
v 12.90227318 -1.706184506 2.396057606
vn -1 0 0
v 12.90227318 -1.88139534 2.410720348
vn -0.9943647981 -0.1060124859 6.491392501e-18
v 12.90227318 -1.88139534 2.006411791
vn -0.994230032 -0.1072688177 6.568320712e-18
v 12.90227318 -1.706184506 2.008625031
vn -1 0 0
v 12.90227318 -1.706184506 0.3155352771
vn -1 0 0
v 12.90227318 -1.88139534 0.2397003025
vn -0.994368434 -0.1059784964 6.671614064e-18
v 12.90227318 -1.88139534 -0.1672575176
vn -0.9943586588 -0.1060701683 6.778811294e-18
v 12.90227318 -1.706184506 -0.07451449335
vn -1 0 0
v 12.90227318 -1.706184506 -0.1832184494
vn -1 0 0
v 12.90227318 -1.88139534 -0.2807069123
vn -0.9942530394 -0.1070555672 6.533042699e-18
v 12.90227318 -1.88139534 6.690619469
vn -0.9942321777 -0.1072491333 6.56711551e-18
v 12.90227318 -1.706184506 6.497610569
vn -1 0 0
v 12.90227318 -1.88139534 6.791597843
vn -0.9943140745 -0.1064873561 5.444288552e-18
v 12.90227318 -1.706184506 6.59437561
vn -1 0 0
v 12.90227318 -1.88139534 -0.5088612437
vn -0.9942625165 -0.10696733 6.842068277e-18
v 12.90227318 -1.706184506 -0.4018598795
vn -1 0 0
v 12.90227318 2.322772264 -0.8910264969
vn -0.6985730529 -4.350413164e-17 -0.7155387402
v 12.90227318 4.66838789 -0.8935376406
vn -0.6735176444 0.01437233947 -0.7390313745
v 12.90227318 4.69055891 -0.8682026863
vn -0.6402381063 0.7678368688 -0.02283961698
v 12.90227318 4.689869881 -0.5206084251
vn -0.6602817178 0.7492640615 -0.05129710212
v 12.90227318 4.703213215 -0.5085101724
vn -0.7990255952 0.01199843176 -0.6011772752
v 12.90227318 5.450967312 -0.4899317026
vn -0.8646210432 -0.00827128347 -0.5023564696
v 12.90227318 5.471039295 -0.5085846782
vn 0.148911804 -0.6731514335 -0.7243565321
v 12.90227318 -0.02284418046 -0.8935376406
vn -0.6924058795 -0.003482794156 -0.7214998007
v 12.90227318 -0.04432732984 -0.5206084251
vn -0.634773016 -0.7725755572 -0.01379119605
v 12.90227318 -0.04501233622 -0.8682026863
vn -0.6627881527 -0.7439802289 -0.08488392085
v 12.90227318 -0.8054222465 -0.4899317026
vn -0.7940689325 2.933502583e-05 -0.607827723
v 12.90227318 -0.05766789243 -0.5085101724
vn -0.6716143489 -0.04153538868 -0.7397357821
v 12.90227318 -0.8254956007 -0.5085846782
vn 0.1959546506 0.6771963835 -0.7092297673
v 13.45292759 2.322772264 6.815986156
vn 0 1.314389647e-05 -1
v 13.45292759 6.373838902 6.815826416
vn 0 -3.943169941e-05 -1
v 13.45292759 -1.728295445 6.815826416
vn 0 3.943168485e-05 -1
v 3.501196384 6.373838902 7.087724209
vn 0.05649985373 1.819765849e-08 0.9984025955
v 3.501199484 -1.768789411 7.087724209
vn 0.05649975687 2.150628653e-08 0.9984025955
v 3.811265469 -1.768789411 7.087724209
vn -0.05649938434 -1.158023188e-08 0.9984026551
v 3.811262131 6.373838902 7.087724209
vn -0.05649913102 -2.316035896e-08 0.9984026551
v -5.382730484 6.373838902 7.087724209
vn 0.03679167107 6.119088434e-17 0.9993229508
v -5.382730484 -1.768789411 7.087724209
vn 0.03679150715 6.119088434e-17 0.9993229508
v -4.941025734 -1.768789411 7.087724209
vn -0.03679170832 -1.508181136e-08 0.9993229508
v -4.941030025 6.373838902 7.087724209
vn -0.03679180145 -1.939094751e-08 0.9993229508
v -4.113191128 6.373838902 7.087724209
vn 0.05650008842 9.926036881e-09 0.9984025955
v -4.113188267 -1.768789411 7.087724209
vn 0.05649995059 1.985202402e-08 0.9984025955
v -3.80312252 -1.768789411 7.087724209
vn -0.05649944395 -5.790121715e-09 0.9984026551
v -3.803124189 6.373838902 7.087724209
vn -0.05649920925 -1.158019547e-08 0.9984026551
v -3.025418997 6.373838902 7.087724209
vn 0.05649989471 1.15803358e-08 0.9984025955
v -3.025418997 -1.768789411 7.087724209
vn 0.05649995059 6.113453018e-17 0.9984025955
v -2.715353251 -1.768789411 7.087724209
vn -0.05649968237 -9.098800824e-09 0.9984025955
v -2.71535635 6.373838902 7.087724209
vn -0.05649968237 -1.819760165e-08 0.9984025955
v -1.93764925 6.373838902 7.087724209
vn 0.05649968237 1.158029228e-08 0.9984025955
v -1.93764925 -1.768789411 7.087724209
vn 0.05649995059 6.113453018e-17 0.9984025955
v -1.627583623 -1.768789411 7.087724209
vn -0.05649979413 6.113453018e-17 0.9984025955
v -1.627583623 6.373838902 7.087724209
vn -0.05649979413 6.113453018e-17 0.9984025955
v -0.8498804569 6.373838902 7.087724209
vn 0.05649997294 6.113453018e-17 0.9984025955
v -0.8498804569 -1.768789411 7.087724209
vn 0.05649997294 6.113453018e-17 0.9984025955
v -0.5398156047 -1.768789411 7.087724209
vn -0.05649970844 6.113453018e-17 0.9984025955
v -0.5398156047 6.373838902 7.087724209
vn -0.05649970844 6.113453018e-17 0.9984025955
v 0.2378887236 6.373838902 7.087724209
vn 0.05649992451 6.113453018e-17 0.9984025955
v 0.2378887236 -1.768789411 7.087724209
vn 0.05649992451 6.113453018e-17 0.9984025955
v 0.5479544401 -1.768789411 7.087724209
vn -0.05649970099 6.113453018e-17 0.9984025955
v 0.5479544401 6.373838902 7.087724209
vn -0.05649970099 6.113453018e-17 0.9984025955
v 1.325658441 6.373838902 7.087724209
vn 0.05649970099 1.158029672e-08 0.9984025955
v 1.325661778 -1.768789411 7.087724209
vn 0.05649970099 2.316059344e-08 0.9984025955
v 1.635724306 -1.768789411 7.087724209
vn -0.0564998351 -5.790161683e-09 0.9984025955
v 1.635724306 6.373838902 7.087724209
vn -0.05649970099 6.113453018e-17 0.9984025955
v 2.413429737 6.373838902 7.087724209
vn 0.05649991333 1.158034024e-08 0.9984025955
v 2.413429737 -1.768789411 7.087724209
vn 0.05650018528 6.113452356e-17 0.9984025955
v 2.723494291 -1.768789411 7.087724209
vn -0.05649991333 -1.158034024e-08 0.9984025955
v 2.723494291 6.373838902 7.087724209
vn -0.05650018528 6.113452356e-17 0.9984025955
v 12.6951952 -1.768789411 7.087724209
vn -0.03679158166 6.118184491e-17 0.9993229508
v 12.6951952 6.373838902 7.087724209
vn -0.03679143265 6.119088434e-17 0.9993229508
v 12.25348759 6.373838902 7.087724209
vn 0.03679158166 1.723629417e-08 0.9993229508
v 12.2534914 -1.768789411 7.087724209
vn 0.03679172695 1.723636345e-08 0.9993229508
v 11.4256525 -1.768789411 7.087724209
vn -0.05650018528 -6.617369319e-09 0.9984025955
v 11.4256506 6.373838902 7.087724209
vn -0.05649995059 -1.323468357e-08 0.9984025955
v 11.11558533 6.373838902 7.087724209
vn 0.0564994812 9.9259303e-09 0.9984026551
v 11.11558819 -1.768789411 7.087724209
vn 0.05649932474 1.985180553e-08 0.9984026551
v 10.33788204 -1.768789411 7.087724209
vn -0.05649971589 6.111032356e-17 0.9984025955
v 10.33788204 6.373838902 7.087724209
vn -0.05649964139 6.113453018e-17 0.9984025955
v 10.02781582 6.373838902 7.087724209
vn 0.0564994812 3.308643359e-09 0.9984026551
v 10.02781677 -1.768789411 7.087724209
vn 0.0564994812 6.617286719e-09 0.9984026551
v 9.250112534 -1.768789411 7.087724209
vn -0.05649932474 -1.323453702e-08 0.9984026551
v 9.250112534 6.373838902 7.087724209
vn -0.05649964139 6.113453018e-17 0.9984025955
v 8.940045357 6.373838902 7.087724209
vn 0.05649995059 6.113453018e-17 0.9984025955
v 8.940045357 -1.768789411 7.087724209
vn 0.05649995059 6.113453018e-17 0.9984025955
v 8.162343979 -1.768789411 7.087724209
vn -0.05650010705 6.113453018e-17 0.9984025955
v 8.162343979 6.373838902 7.087724209
vn -0.05649979413 6.113453018e-17 0.9984025955
v 7.852275848 6.373838902 7.087724209
vn 0.0564994812 1.323457344e-08 0.9984026551
v 7.852279663 -1.768789411 7.087724209
vn 0.0564994812 2.646914687e-08 0.9984026551
v 7.074573517 -1.768789411 7.087724209
vn -0.05649964139 6.111033018e-17 0.9984025955
v 7.074573517 6.373838902 7.087724209
vn -0.05649964139 6.113453018e-17 0.9984025955
v 6.764507294 6.373838902 7.087724209
vn 0.05649971589 6.115873017e-17 0.9984025955
v 6.764507294 -1.768789411 7.087724209
vn 0.05649971589 6.113453018e-17 0.9984025955
v 5.986803532 -1.768789411 7.087724209
vn -0.05649964139 -4.962978917e-09 0.9984025955
v 5.986802101 6.373838902 7.087724209
vn -0.05649964139 -9.925957833e-09 0.9984025955
v 5.676737785 6.373838902 7.087724209
vn 0.05649979413 1.158031537e-08 0.9984025955
v 5.676737785 -1.768789411 7.087724209
vn 0.05649995059 6.113453018e-17 0.9984025955
v 4.899035931 -1.768789411 7.087724209
vn -0.05650002882 -1.158036422e-08 0.9984025955
v 4.899032593 6.373838902 7.087724209
vn -0.05650002882 -2.316072845e-08 0.9984025955
v 4.588970184 6.373838902 7.087724209
vn 0.05649964139 1.158028429e-08 0.9984025955
v 4.588970184 -1.768789411 7.087724209
vn 0.05649964139 6.113453018e-17 0.9984025955
v -4.292189121 6.373838902 7.325188637
vn 0.02221462503 6.119817676e-17 0.9997532368
v -4.711894035 6.373838902 7.325188637
vn -0.07126116008 -3.129821735e-08 0.9974576831
v -4.711891174 -1.768789411 7.325188637
vn -0.02004529163 -7.04318559e-09 0.9997990727
v -4.292189121 -1.768789411 7.325188637
vn 0.07955002785 6.987745493e-09 0.9968308806
v -3.204419613 6.373838902 7.325188637
vn 0.02221446112 6.121722839e-17 0.9997532368
v -3.624125004 6.373838902 7.325188637
vn -0.07955029607 6.103828606e-17 0.9968308806
v -3.624125004 -1.768789411 7.325188637
vn -0.02221456543 6.121722839e-17 0.9997532368
v -3.204419613 -1.768789411 7.325188637
vn 0.07954897732 6.103829267e-17 0.9968309402
v -2.116650343 6.373838902 7.325188637
vn 0.022214517 7.154924209e-09 0.9997532368
v -2.536355257 6.373838902 7.325188637
vn -0.07954994589 6.100417313e-17 0.9968308806
v -2.536355257 -1.768789411 7.325188637
vn -0.02221449837 6.119817676e-17 0.9997532368
v -2.116647959 -1.768789411 7.325188637
vn 0.07954975218 2.562164703e-08 0.9968308806
v -1.02888155 6.373838902 7.325188637
vn 0.0222145021 9.106261523e-09 0.9997532368
v -1.448584914 6.373838902 7.325188637
vn -0.07954977453 -9.316964089e-09 0.9968308806
v -1.448583126 -1.768789411 7.325188637
vn -0.02221452259 -5.203582454e-09 0.9997532368
v -1.028878212 -1.768789411 7.325188637
vn 0.07954952121 1.630463586e-08 0.9968309402
v 0.0588882491 6.373838902 7.325188637
vn 0.02221456729 9.065635354e-09 0.9997532368
v -0.3608169258 6.373838902 7.325188637
vn -0.07954981178 -1.630469626e-08 0.9968308806
v -0.3608136475 -1.768789411 7.325188637
vn -0.02221448347 -9.106253529e-09 0.9997532368
v 0.05889152735 -1.768789411 7.325188637
vn 0.07955035567 3.246403324e-08 0.996830821
v 1.146656513 6.373838902 7.325188637
vn 0.022214517 9.10626774e-09 0.9997532368
v 0.7269528508 6.373838902 7.325188637
vn -0.0795500949 -3.231835066e-08 0.9968308806
v 0.7269561291 -1.768789411 7.325188637
vn -0.02221461199 -8.943693786e-09 0.9997532368
v 1.146659851 -1.768789411 7.325188637
vn 0.0795494318 1.63046181e-08 0.9968309402
v 2.234429598 6.373838902 7.325188637
vn 0.02221452817 6.119817676e-17 0.9997532368
v 1.814724565 6.373838902 7.325188637
vn -0.07954979688 -1.805162242e-08 0.9968308806
v 1.814724565 -1.768789411 7.325188637
vn -0.0222145766 6.119817676e-17 0.9997532368
v 2.234429598 -1.768789411 7.325188637
vn 0.0795494616 9.316927674e-09 0.9968309402
v 3.322199821 6.373838902 7.325188637
vn 0.02221457101 6.123628001e-17 0.9997532368
v 2.902494669 6.373838902 7.325188637
vn -0.079549402 -1.048153653e-08 0.9968309402
v 2.902494669 -1.768789411 7.325188637
vn -0.02221452259 6.123628663e-17 0.9997532368
v 3.322199821 -1.768789411 7.325188637
vn 0.07954983413 1.630469981e-08 0.9968308806
v 11.6046524 -1.768789411 7.325188637
vn -0.02221473493 6.123628663e-17 0.9997532368
v 12.02435493 -1.768789411 7.325188637
vn 0.07126108557 2.503855256e-08 0.9974576831
v 12.02435303 6.373838902 7.325188637
vn 0.02004533634 4.695467126e-09 0.9997990727
v 11.6046524 6.373838902 7.325188637
vn -0.07955041528 -1.397555849e-08 0.996830821
v 10.51688194 -1.768789411 7.325188637
vn -0.02221449278 6.123628663e-17 0.9997532368
v 10.93658733 -1.768789411 7.325188637
vn 0.07955041528 6.100416651e-17 0.996830821
v 10.93658733 6.373838902 7.325188637
vn 0.02221456543 6.119817676e-17 0.9997532368
v 10.51688194 6.373838902 7.325188637
vn -0.07954948395 6.10724056e-17 0.9968309402
v 9.429112434 -1.768789411 7.325188637
vn -0.02221446857 -7.805354585e-09 0.9997532368
v 9.848817825 -1.768789411 7.325188637
vn 0.07955010235 6.100417313e-17 0.9968308806
v 9.848817825 6.373838902 7.325188637
vn 0.02221446857 6.119817676e-17 0.9997532368
v 9.429109573 6.373838902 7.325188637
vn -0.07954948395 -3.260925396e-08 0.9968309402
v 8.34134388 -1.768789411 7.325188637
vn -0.02221454121 -1.040717379e-08 0.9997532368
v 8.76104641 -1.768789411 7.325188637
vn 0.07954979688 4.658483377e-09 0.9968308806
v 8.761045456 6.373838902 7.325188637
vn 0.02221454121 2.601793447e-09 0.9997532368
v 8.341340065 6.373838902 7.325188637
vn -0.07954979688 -1.863393351e-08 0.9968308806
v 7.253575802 -1.768789411 7.325188637
vn -0.02221462503 -9.106312149e-09 0.9997532368
v 7.673278809 -1.768789411 7.325188637
vn 0.07955010235 1.630475488e-08 0.9968308806
v 7.673275471 6.373838902 7.325188637
vn 0.02221458964 9.10629705e-09 0.9997532368
v 7.253572464 6.373838902 7.325188637
vn -0.07955002785 -3.260947778e-08 0.9968308806
v 6.165805817 -1.768789411 7.325188637
vn -0.02221446857 -9.106247312e-09 0.9997532368
v 6.5855093 -1.768789411 7.325188637
vn 0.07955041528 2.329259807e-08 0.996830821
v 6.58550787 6.373838902 7.325188637
vn 0.02221461385 3.90270305e-09 0.9997532368
v 6.165802479 6.373838902 7.325188637
vn -0.07954909652 -1.630454882e-08 0.9968309402
v 5.078032017 -1.768789411 7.325188637
vn -0.02221456543 6.123628001e-17 0.9997532368
v 5.497737408 -1.768789411 7.325188637
vn 0.07954932749 9.316911687e-09 0.9968309402
v 5.497737408 6.373838902 7.325188637
vn 0.02221450396 6.119817676e-17 0.9997532368
v 5.078032017 6.373838902 7.325188637
vn -0.07955041528 6.107239899e-17 0.996830821
v 3.990264416 -1.768789411 7.325188637
vn -0.02221463248 6.123628663e-17 0.9997532368
v 4.409967422 -1.768789411 7.325188637
vn 0.07954979688 6.987724621e-09 0.9968308806
v 4.409967422 6.373838902 7.325188637
vn 0.02221462503 6.119817676e-17 0.9997532368
v 3.990264416 6.373838902 7.325188637
vn -0.07955010235 6.10724056e-17 0.9968308806
v 3.355279207 6.373838902 7.305801868
vn 0.8310741186 2.701059998e-07 0.5561617017
v 3.355282545 -1.768789411 7.305801868
vn 0.8310722113 3.406765643e-07 0.5561645627
v 3.468118906 -1.768789411 7.107142925
vn 0.8311133981 2.787718927e-07 0.5561029315
v 3.46811676 6.373838902 7.107142925
vn 0.8311132193 2.190171813e-07 0.5561032295
v 3.957183123 -1.768789411 7.305801868
vn -0.8310747147 3.408671676e-17 0.5561608076
v 3.957183123 6.373838902 7.305801868
vn -0.8310747147 3.405502582e-17 0.5561608076
v 3.844346762 6.373838902 7.107142925
vn -0.8311094642 -1.516844605e-08 0.556108892
v 3.844346762 -1.768789411 7.107142925
vn -0.8311123848 3.411497987e-17 0.5561044812
v -5.57612133 6.373838902 7.30764246
vn 0.788813591 3.682822161e-17 0.6146325469
v -5.57612133 -1.768789411 7.30764246
vn 0.788813591 3.763538776e-17 0.6146325469
v -5.418478966 -1.768789411 7.105302334
vn 0.750946641 3.96754964e-17 0.6603628993
v -5.418478966 6.373838902 7.105302334
vn 0.750946641 3.891542991e-17 0.6603628993
v -4.747636318 -1.768789411 7.30764246
vn -0.7509034872 -3.095679517e-07 0.6604119539
v -4.747640133 6.373838902 7.30764246
vn -0.7509039044 -3.957604235e-07 0.6604114771
v -4.905281544 6.373838902 7.105302334
vn -0.7509474754 -3.07831499e-07 0.6603619456
v -4.90527916 -1.768789411 7.105302334
vn -0.7509474754 -2.198796523e-07 0.6603619456
v -4.259108067 6.373838902 7.305801868
vn 0.8310675621 7.30017149e-08 0.5561714768
v -4.259106159 -1.768789411 7.305801868
vn 0.8310675621 1.460034298e-07 0.5561714768
v -4.146267414 -1.768789411 7.107142925
vn 0.8311123848 7.950643521e-08 0.5561044812
v -4.146267414 6.373838902 7.107142925
vn 0.8311136365 3.25404151e-17 0.5561026335
v -3.65720439 -1.768789411 7.305801868
vn -0.8310768008 3.405483391e-17 0.5561576486
v -3.65720439 6.373838902 7.305801868
vn -0.8310768008 3.405483391e-17 0.5561576486
v -3.770041466 6.373838902 7.107142925
vn -0.8311100602 -7.584228356e-09 0.5561079383
v -3.770041466 -1.768789411 7.107142925
vn -0.8311115503 3.411505597e-17 0.5561057329
v -3.171335936 6.373838902 7.305801868
vn 0.8310722113 1.551932627e-07 0.5561645627
v -3.171335936 -1.768789411 7.305801868
vn 0.8310692906 3.405552213e-17 0.5561689138
v -3.058499098 -1.768789411 7.107142925
vn 0.8311140537 1.703468655e-07 0.5561019778
v -3.058501959 6.373838902 7.107142925
vn 0.8311140537 3.40693731e-07 0.5561019778
v -2.569435835 -1.768789411 7.305801868
vn -0.8310755491 3.402325877e-17 0.5561594963
v -2.569435835 6.373838902 7.305801868
vn -0.8310755491 3.405494972e-17 0.5561594963
v -2.682272196 6.373838902 7.107142925
vn -0.8311104774 -1.191807986e-08 0.5561073422
v -2.682272196 -1.768789411 7.107142925
vn -0.831112802 3.411494347e-17 0.5561038852
v -2.08357048 6.373838902 7.305801868
vn 0.8310730457 3.009304521e-07 0.556163311
v -2.083567381 -1.768789411 7.305801868
vn 0.8310723901 2.676745225e-07 0.5561642051
v -1.970729232 -1.768789411 7.107142925
vn 0.8311092257 2.922710109e-07 0.55610919
v -1.970732212 6.373838902 7.107142925
vn 0.8311069012 3.406908036e-07 0.5561126471
v -1.481666088 -1.768789411 7.305801868
vn -0.8310723901 -8.654305717e-09 0.5561642051
v -1.481666088 6.373838902 7.305801868
vn -0.8310741186 3.405508207e-17 0.5561617017
v -1.594503045 6.373838902 7.107142925
vn -0.831112802 3.329602474e-17 0.5561038852
v -1.594503045 -1.768789411 7.107142925
vn -0.831112802 3.254050444e-17 0.5561038852
v -0.9957979321 6.373838902 7.305801868
vn 0.8310722113 1.514503012e-08 0.5561645627
v -0.9957979321 -1.768789411 7.305801868
vn 0.8310751319 3.405498611e-17 0.556160152
v -0.8829607368 -1.768789411 7.107142925
vn 0.8311126828 3.405155166e-17 0.5561040044
v -0.8829607368 6.373838902 7.107142925
vn 0.8311126828 3.405155166e-17 0.5561040044
v -0.3938963115 -1.768789411 7.305801868
vn -0.8310736418 -1.514505676e-08 0.5561624169
v -0.3938963115 6.373838902 7.305801868
vn -0.8310765624 3.405485707e-17 0.5561580062
v -0.5067335367 6.373838902 7.107142925
vn -0.8311095834 3.405183621e-17 0.5561087132
v -0.5067335367 -1.768789411 7.107142925
vn -0.8311095834 3.405183621e-17 0.5561087132
v 0.09196763486 6.373838902 7.305801868
vn 0.8310724497 1.846553204e-07 0.5561642051
v 0.09197121114 -1.768789411 7.305801868
vn 0.8310753703 3.391569976e-07 0.5561597943
v 0.2048090547 -1.768789411 7.107142925
vn 0.8311095238 1.544847237e-07 0.5561087728
v 0.2048090547 6.373838902 7.107142925
vn 0.8311066031 3.254107023e-17 0.5561131835
v 0.6938752532 -1.768789411 7.305801868
vn -0.8310724497 -1.852129259e-07 0.5561641455
v 0.6938716769 6.373838902 7.305801868
vn -0.8310753703 -3.406778717e-07 0.5561598539
v 0.581035614 6.373838902 7.107142925
vn -0.8311100602 -1.551775881e-07 0.5561079383
v 0.581035614 -1.768789411 7.107142925
vn -0.8311071396 3.254102391e-17 0.556112349
v 1.179741263 6.373838902 7.305801868
vn 0.831071794 1.514502301e-08 0.5561651587
v 1.179741263 -1.768789411 7.305801868
vn 0.8310747147 3.405502582e-17 0.5561608076
v 1.292577267 -1.768789411 7.107142925
vn 0.8311100602 1.516845671e-08 0.5561079383
v 1.292577267 6.373838902 7.107142925
vn 0.8311129808 3.562596092e-17 0.5561035872
v 1.781645179 -1.768789411 7.305801868
vn -0.831073463 -2.661858503e-07 0.5561626554
v 1.781641483 6.373838902 7.305801868
vn -0.8310719728 -3.771775425e-07 0.5561648607
v 1.668805361 6.373838902 7.107142925
vn -0.831109941 -2.569767616e-07 0.5561081171
v 1.66880703 -1.768789411 7.107142925
vn -0.8311067224 -1.703453592e-07 0.5561130047
v 2.267510891 6.373838902 7.305801868
vn 0.8310722113 2.525294178e-07 0.5561645627
v 2.267512798 -1.768789411 7.305801868
vn 0.8310692906 1.946716424e-07 0.5561689138
v 2.380350351 -1.768789411 7.107142925
vn 0.8311119676 2.590195436e-07 0.5561051369
v 2.380347013 6.373838902 7.107142925
vn 0.8311102986 3.406921962e-07 0.5561076403
v 2.869413376 -1.768789411 7.305801868
vn -0.831071794 -2.646962969e-07 0.5561651587
v 2.86941123 6.373838902 7.305801868
vn -0.8310688138 -2.190054857e-07 0.5561695695
v 2.756573677 6.373838902 7.107142925
vn -0.8311117291 -2.701036124e-07 0.5561054349
v 2.756577015 -1.768789411 7.107142925
vn -0.8311098218 -3.406920257e-07 0.5561082959
v 12.88858414 -1.768789411 7.30764246
vn -0.7888152003 3.843377257e-17 0.6146304607
v 12.88858414 6.373838902 7.30764246
vn -0.7888152003 3.763526203e-17 0.6146304607
v 12.73094177 6.373838902 7.105302334
vn -0.7509490848 4.118071696e-17 0.6603600979
v 12.73094177 -1.768789411 7.105302334
vn -0.7509490848 4.192603978e-17 0.6603600979
v 12.06009865 6.373838902 7.30764246
vn 0.7509015203 3.447680683e-07 0.6604142189
v 12.06010246 -1.768789411 7.30764246
vn 0.7508998513 3.51785161e-07 0.6604160666
v 12.21774483 -1.768789411 7.105302334
vn 0.7509490848 3.518081826e-07 0.6603600979
v 12.21774101 6.373838902 7.105302334
vn 0.7509490848 3.518081826e-07 0.6603600979
v 10.96966648 6.373838902 7.305801868
vn 0.8310776353 3.402307018e-17 0.5561563969
v 10.96966648 -1.768789411 7.305801868
vn 0.8310776353 3.405475781e-17 0.5561563969
v 11.08250332 -1.768789411 7.107142925
vn 0.8311077356 1.300149854e-08 0.5561113954
v 11.08250332 6.373838902 7.107142925
vn 0.8311102986 3.405177004e-17 0.5561076403
v 11.5715723 -1.768789411 7.305801868
vn -0.8310675621 -1.460034298e-07 0.5561714768
v 11.57156944 6.373838902 7.305801868
vn -0.8310675621 -2.920068596e-07 0.5561714768
v 11.4587307 6.373838902 7.107142925
vn -0.8311094642 -1.416769493e-07 0.556108892
v 11.4587307 -1.768789411 7.107142925
vn -0.8311085701 3.405192555e-17 0.5561101437
v 9.881897926 6.373838902 7.305801868
vn 0.8310776353 3.402306687e-17 0.5561563969
v 9.881897926 -1.768789411 7.305801868
vn 0.8310776353 3.405475781e-17 0.5561563969
v 9.99473381 -1.768789411 7.107142925
vn 0.8311111331 4.333850168e-09 0.5561063886
v 9.99473381 6.373838902 7.107142925
vn 0.8311119676 3.405161783e-17 0.5561051369
v 10.48379993 -1.768789411 7.305801868
vn -0.8310726285 3.408690867e-17 0.5561639071
v 10.48379993 6.373838902 7.305801868
vn -0.8310726285 3.405521772e-17 0.5561639071
v 10.3709631 6.373838902 7.107142925
vn -0.8311119676 3.401991696e-17 0.5561051369
v 10.3709631 -1.768789411 7.107142925
vn -0.8311119676 3.39882161e-17 0.5561051369
v 8.794128418 6.373838902 7.305801868
vn 0.8310684562 4.327131986e-09 0.5561701655
v 8.794128418 -1.768789411 7.305801868
vn 0.8310692906 3.405552213e-17 0.5561689138
v 8.906967163 -1.768789411 7.107142925
vn 0.8311136365 3.405146563e-17 0.5561026335
v 8.906967163 6.373838902 7.107142925
vn 0.8311136365 3.405146563e-17 0.5561026335
v 9.396032333 -1.768789411 7.305801868
vn -0.8310768008 -3.850196606e-07 0.5561576486
v 9.396028519 6.373838902 7.305801868
vn -0.8310759664 -3.893464395e-07 0.5561589003
v 9.283192635 6.373838902 7.107142925
vn -0.8311119676 -3.720278698e-07 0.5561051369
v 9.283196449 -1.768789411 7.107142925
vn -0.8311085701 -3.89361702e-07 0.5561101437
v 7.706358433 6.373838902 7.305801868
vn 0.8310730457 1.514504611e-08 0.556163311
v 7.706358433 -1.768789411 7.305801868
vn 0.8310759664 3.405491001e-17 0.5561589003
v 7.819195747 -1.768789411 7.107142925
vn 0.8311094642 1.733536692e-08 0.556108892
v 7.819195747 6.373838902 7.107142925
vn 0.831112802 3.54991806e-17 0.5561038852
v 8.308260918 -1.768789411 7.305801868
vn -0.8310709596 -1.730857946e-08 0.5561664104
v 8.308260918 6.373838902 7.305801868
vn -0.8310742974 3.405506552e-17 0.5561614037
v 8.195422173 6.373838902 7.107142925
vn -0.8311136365 3.405146563e-17 0.5561026335
v 8.195422173 -1.768789411 7.107142925
vn -0.8311136365 3.405146563e-17 0.5561026335
v 6.618587017 6.373838902 7.305801868
vn 0.8310738802 1.768293743e-07 0.5561620593
v 6.618590355 -1.768789411 7.305801868
vn 0.8310751319 3.406777864e-07 0.556160152
v 6.731426716 -1.768789411 7.107142925
vn 0.8311107159 1.55177716e-07 0.5561069846
v 6.731426716 6.373838902 7.107142925
vn 0.8311077356 3.411540339e-17 0.5561113954
v 7.22049427 -1.768789411 7.305801868
vn -0.8310713768 -1.854831311e-07 0.5561658144
v 7.220490932 6.373838902 7.305801868
vn -0.8310742974 -3.406774454e-07 0.5561614037
v 7.107654572 6.373838902 7.107142925
vn -0.8311098218 -1.551775597e-07 0.5561082959
v 7.107654572 -1.768789411 7.107142925
vn -0.8311069012 3.398867932e-17 0.5561126471
v 5.530818939 6.373838902 7.305801868
vn 0.8310722113 2.525294178e-07 0.5561645627
v 5.530820847 -1.768789411 7.305801868
vn 0.8310692906 1.946716424e-07 0.5561689138
v 5.643658161 -1.768789411 7.107142925
vn 0.8311119676 2.590195436e-07 0.5561051369
v 5.643654823 6.373838902 7.107142925
vn 0.8311102986 3.406921962e-07 0.5561076403
v 6.132720947 -1.768789411 7.305801868
vn -0.8310722113 -1.514503012e-08 0.5561645627
v 6.132720947 6.373838902 7.305801868
vn -0.8310751319 3.405498611e-17 0.556160152
v 6.019885063 6.373838902 7.107142925
vn -0.8311115503 -6.500779026e-09 0.5561057329
v 6.019885063 -1.768789411 7.107142925
vn -0.831112802 3.405154173e-17 0.5561038852
v 4.443048954 6.373838902 7.305801868
vn 0.8310713768 2.281951481e-07 0.5561658144
v 4.443050385 -1.768789411 7.305801868
vn 0.8310684562 1.460035861e-07 0.5561701655
v 4.555888653 -1.768789411 7.107142925
vn 0.8311073184 2.368499565e-07 0.556112051
v 4.555885315 6.373838902 7.107142925
vn 0.8311060667 3.406904625e-07 0.5561138988
v 5.044952869 -1.768789411 7.305801868
vn -0.8310759664 3.333100455e-17 0.5561589003
v 5.044952869 6.373838902 7.305801868
vn -0.8310759664 3.405491001e-17 0.5561589003
v 4.932115078 6.373838902 7.107142925
vn -0.8311107159 -1.516846915e-08 0.5561069846
v 4.932115078 -1.768789411 7.107142925
vn -0.8311136365 3.24770266e-17 0.5561026335
v 12.90227318 -1.768789411 7.325188637
vn -0.7884364128 3.766500745e-17 0.6151162386
v 12.90227318 6.373838902 7.325188637
vn -0.7884364128 3.766500745e-17 0.6151162386
v -5.589811325 6.373838902 7.325188637
vn 0.7884156108 3.744979821e-17 0.6151428819
v -5.589811325 -1.768789411 7.325188637
vn 0.7884156108 3.755821843e-17 0.6151428819
v 3.499937296 -1.444205165 -0.6230446696
vn 0.05319250748 -4.996281611e-09 -0.9985842705
v 3.499938726 6.091383934 -0.6230446696
vn 0.05319225043 -9.99251526e-09 -0.9985842705
v 3.812526226 6.091383934 -0.6230446696
vn -0.05319254473 1.176756648e-08 -0.9985842705
v 3.812522888 -1.444205165 -0.6230446696
vn -0.0531924367 2.353508499e-08 -0.9985842705
v -5.383990765 -1.444205165 -0.6230446696
vn 0.03462171182 8.215473635e-09 -0.9994004965
v -5.383994102 6.091383934 -0.6230446696
vn 0.03462164477 1.643091707e-08 -0.9994004965
v -4.939766407 6.091383934 -0.6230446696
vn -0.03462173045 4.107739482e-09 -0.9994004965
v -4.939768314 -1.444205165 -0.6230446696
vn -0.03462186083 8.21551005e-09 -0.9994004965
v -4.114448071 -1.444205165 -0.6230446696
vn 0.05319242924 -6.311083656e-09 -0.9985842705
v -4.114448071 6.091383934 -0.6230446696
vn 0.05319256708 -6.11456541e-17 -0.9985842705
v -3.801861286 6.091383934 -0.6230446696
vn -0.05319274962 -6.11456541e-17 -0.9985842705
v -3.801861286 -1.444205165 -0.6230446696
vn -0.05319274962 -6.11456541e-17 -0.9985842705
v -3.026679039 -1.444205165 -0.6230446696
vn 0.05319274962 -6.11456541e-17 -0.9985842705
v -3.026679039 6.091383934 -0.6230446696
vn 0.05319274962 -6.11456541e-17 -0.9985842705
v -2.714092731 6.091383934 -0.6230446696
vn -0.05319256708 -6.11456541e-17 -0.9985842705
v -2.714092731 -1.444205165 -0.6230446696
vn -0.05319256708 -6.11456541e-17 -0.9985842705
v -1.938910484 -1.444205165 -0.6230446696
vn 0.05319247395 -6.116843135e-17 -0.9985842705
v -1.938910484 6.091383934 -0.6230446696
vn 0.05319247395 -6.11456541e-17 -0.9985842705
v -1.626322985 6.091383934 -0.6230446696
vn -0.05319266021 -6.11456541e-17 -0.9985842705
v -1.626322985 -1.444205165 -0.6230446696
vn -0.05319266021 -6.11456541e-17 -0.9985842705
v -0.8511404991 -1.444205165 -0.6230446696
vn 0.05319270492 -6.11456541e-17 -0.9985842705
v -0.8511404991 6.091383934 -0.6230446696
vn 0.05319270492 -6.11456541e-17 -0.9985842705
v -0.5385537744 6.091383934 -0.6230446696
vn -0.05319270492 -6.11456541e-17 -0.9985842705
v -0.5385537744 -1.444205165 -0.6230446696
vn -0.05319270492 -6.11456541e-17 -0.9985842705
v 0.2366295755 -1.444205165 -0.6230446696
vn 0.05319270492 -6.11456541e-17 -0.9985842705
v 0.2366295755 6.091383934 -0.6230446696
vn 0.05319270492 -6.11456541e-17 -0.9985842705
v 0.5492153764 6.091383934 -0.6230446696
vn -0.0531924516 1.157032514e-08 -0.9985842705
v 0.5492153764 -1.444205165 -0.6230446696
vn -0.05319270492 -6.11456541e-17 -0.9985842705
v 1.324397564 -1.444205165 -0.6230446696
vn 0.05319270492 -1.157038021e-08 -0.9985842705
v 1.324400783 6.091383934 -0.6230446696
vn 0.05319270492 -2.314076042e-08 -0.9985842705
v 1.636985183 6.091383934 -0.6230446696
vn -0.05319268256 1.157037488e-08 -0.9985842705
v 1.636985183 -1.444205165 -0.6230446696
vn -0.05319268256 -6.11456541e-17 -0.9985842705
v 2.412167549 -1.444205165 -0.6230446696
vn 0.0531927757 -1.157039531e-08 -0.9985842705
v 2.412170887 6.091383934 -0.6230446696
vn 0.0531927757 -2.314079062e-08 -0.9985842705
v 2.724753141 6.091383934 -0.6230446696
vn -0.05319273472 1.183334941e-08 -0.9985842705
v 2.724753141 -1.444205165 -0.6230446696
vn -0.05319273844 -6.11456541e-17 -0.9985842705
v 12.69645405 6.091383934 -0.6230446696
vn -0.03462168947 -1.095395863e-08 -0.9994004965
v 12.69645405 -1.444205165 -0.6230446696
vn -0.03462151438 -6.119562904e-17 -0.9994004965
v 12.25222778 -1.444205165 -0.6230446696
vn 0.03462168947 -6.119562904e-17 -0.9994004965
v 12.25222778 6.091383934 -0.6230446696
vn 0.03462168947 -6.119562904e-17 -0.9994004965
v 11.42691231 6.091383934 -0.6230446696
vn -0.05319266021 4.207407311e-09 -0.9985842705
v 11.42691231 -1.444205165 -0.6230446696
vn -0.05319274962 -6.11456541e-17 -0.9985842705
v 11.11432457 -1.444205165 -0.6230446696
vn 0.05319238454 -6.11456541e-17 -0.9985842705
v 11.11432457 6.091383934 -0.6230446696
vn 0.05319238454 -6.11456541e-17 -0.9985842705
v 10.33913994 6.091383934 -0.6230446696
vn -0.05319247395 -6.11456541e-17 -0.9985842705
v 10.33913994 -1.444205165 -0.6230446696
vn -0.05319247395 -6.11456541e-17 -0.9985842705
v 10.02655411 -1.444205165 -0.6230446696
vn 0.05319321156 -6.112287024e-17 -0.9985842109
v 10.02655411 6.091383934 -0.6230446696
vn 0.05319321156 -6.114564748e-17 -0.9985842109
v 9.251373291 6.091383934 -0.6230446696
vn -0.05319266021 -6.11456541e-17 -0.9985842705
v 9.251373291 -1.444205165 -0.6230446696
vn -0.05319266021 -6.11456541e-17 -0.9985842705
v 8.938786507 -1.444205165 -0.6230446696
vn 0.05319247395 -6.11456541e-17 -0.9985842705
v 8.938786507 6.091383934 -0.6230446696
vn 0.05319247395 -6.11456541e-17 -0.9985842705
v 8.163602829 6.091383934 -0.6230446696
vn -0.05319242924 -6.11456541e-17 -0.9985842705
v 8.163602829 -1.444205165 -0.6230446696
vn -0.05319242924 -6.11456541e-17 -0.9985842705
v 7.851015091 -1.444205165 -0.6230446696
vn 0.05319270492 -6.112287024e-17 -0.9985842705
v 7.851015091 6.091383934 -0.6230446696
vn 0.05319270492 -6.11456541e-17 -0.9985842705
v 7.075834274 6.091383934 -0.6230446696
vn -0.05319266021 -6.11456541e-17 -0.9985842705
v 7.075834274 -1.444205165 -0.6230446696
vn -0.05319266021 -6.11456541e-17 -0.9985842705
v 6.763246536 -1.444205165 -0.6230446696
vn 0.05319250003 -1.157033491e-08 -0.9985842705
v 6.763246536 6.091383934 -0.6230446696
vn 0.05319274962 -6.11456541e-17 -0.9985842705
v 5.988064289 6.091383934 -0.6230446696
vn -0.0531927757 1.209632217e-08 -0.9985842705
v 5.988060951 -1.444205165 -0.6230446696
vn -0.0531927757 2.419264433e-08 -0.9985842705
v 5.675478935 -1.444205165 -0.6230446696
vn 0.0531927608 -1.157039264e-08 -0.9985842705
v 5.675478935 6.091383934 -0.6230446696
vn 0.05319274962 -6.11456541e-17 -0.9985842705
v 4.900294781 6.091383934 -0.6230446696
vn -0.05319268256 4.996298042e-09 -0.9985842705
v 4.90029335 -1.444205165 -0.6230446696
vn -0.05319268256 9.992596084e-09 -0.9985842705
v 4.58770895 -1.444205165 -0.6230446696
vn 0.05319268629 -8.414819064e-09 -0.9985842705
v 4.58770895 6.091383934 -0.6230446696
vn 0.0531927608 -6.11456541e-17 -0.9985842705
v -4.290929317 -1.444205165 -0.8605095148
vn 0.02087198198 -1.155645268e-08 -0.999782145
v -4.713154793 -1.444205165 -0.8605095148
vn -0.06747504324 1.067421707e-08 -0.9977209568
v -4.713154793 6.091383934 -0.8605095148
vn -0.01885054447 -6.122145693e-17 -0.9998223186
v -4.290925026 6.091383934 -0.8605095148
vn 0.07523021847 -3.570314178e-08 -0.9971662164
v -3.203158855 -1.444205165 -0.8605095148
vn 0.02087199502 -9.905537723e-09 -0.999782145
v -3.625385046 -1.444205165 -0.8605095148
vn -0.07523076981 -6.102655333e-17 -0.9971661568
v -3.625385046 6.091383934 -0.8605095148
vn -0.02087198198 -6.120110167e-17 -0.999782145
v -3.203155279 6.091383934 -0.8605095148
vn 0.07523058355 -2.975276203e-08 -0.9971661568
v -2.115390301 -1.444205165 -0.8605095148
vn 0.0208720956 -8.254654738e-09 -0.999782145
v -2.537615776 -1.444205165 -0.8605095148
vn -0.07523068041 1.785167925e-08 -0.9971661568
v -2.5376122 6.091383934 -0.8605095148
vn -0.02087205276 9.905565257e-09 -0.999782145
v -2.11538744 6.091383934 -0.8605095148
vn 0.07523068041 -3.272807803e-08 -0.9971661568
v -1.027620554 -1.444205165 -0.8605095148
vn 0.02087206021 -9.080104668e-09 -0.999782145
v -1.449845552 -1.444205165 -0.8605095148
vn -0.07523012906 1.487629042e-08 -0.9971662164
v -1.449842572 6.091383934 -0.8605095148
vn -0.02087201737 8.254623651e-09 -0.999782145
v -1.027617335 6.091383934 -0.8605095148
vn 0.07523068041 -1.636403901e-08 -0.9971661568
v 0.06014918536 -1.444205165 -0.8605095148
vn 0.02087206021 -4.952783961e-09 -0.999782145
v -0.3620766699 -1.444205165 -0.8605095148
vn -0.07523072511 3.272809934e-08 -0.9971661568
v -0.3620733917 6.091383934 -0.8605095148
vn -0.02087210864 9.080125984e-09 -0.999782145
v 0.0601509735 6.091383934 -0.8605095148
vn 0.07523058355 -8.925828965e-09 -0.9971661568
v 1.147917151 -1.444205165 -0.8605095148
vn 0.02087201737 -9.905548382e-09 -0.999782145
v 0.7256919146 -1.444205165 -0.8605095148
vn -0.07523095608 2.826526213e-08 -0.9971661568
v 0.7256957889 6.091383934 -0.8605095148
vn -0.0208720956 1.073105071e-08 -0.999782145
v 1.147920728 6.091383934 -0.8605095148
vn 0.07523021847 -1.785157089e-08 -0.9971662164
v 2.235690355 -1.444205165 -0.8605095148
vn 0.02087213472 -6.120110167e-17 -0.999782145
v 1.813465357 -1.444205165 -0.8605095148
vn -0.07523019612 1.562011853e-08 -0.9971662164
v 1.813465357 6.091383934 -0.8605095148
vn -0.02087210119 -6.121900186e-17 -0.999782145
v 2.235690355 6.091383934 -0.8605095148
vn 0.07523058355 -1.636401947e-08 -0.9971661568
v 3.32345891 -1.444205165 -0.8605095148
vn 0.02087209187 -6.121900186e-17 -0.999782145
v 2.901233673 -1.444205165 -0.8605095148
vn -0.0752306208 1.673593708e-08 -0.9971661568
v 2.901233673 6.091383934 -0.8605095148
vn -0.02087212726 -6.121900186e-17 -0.999782145
v 3.32345891 6.091383934 -0.8605095148
vn 0.07523050904 -5.950546278e-09 -0.9971661568
v 11.60339069 6.091383934 -0.8605095148
vn -0.02087219432 1.650938719e-09 -0.999782145
v 12.02561569 6.091383934 -0.8605095148
vn 0.06747504324 -1.067421707e-08 -0.9977209568
v 12.02561378 -1.444205165 -0.8605095148
vn 0.01885062084 -5.964149619e-09 -0.9998223186
v 11.60338974 -1.444205165 -0.8605095148
vn -0.07523123175 2.677771604e-08 -0.9971660972
v 10.51562309 6.091383934 -0.8605095148
vn -0.02087210864 1.320745557e-08 -0.999782145
v 10.93784523 6.091383934 -0.8605095148
vn 0.07523049414 -6.105881999e-17 -0.9971661568
v 10.93784523 -1.444205165 -0.8605095148
vn 0.0208720807 -6.121900186e-17 -0.999782145
v 10.51561832 -1.444205165 -0.8605095148
vn -0.07523040473 3.867849685e-08 -0.9971661568
v 9.427852631 6.091383934 -0.8605095148
vn -0.02087205276 9.905565257e-09 -0.999782145
v 9.850078583 6.091383934 -0.8605095148
vn 0.07523049414 -2.08269082e-08 -0.9971661568
v 9.850074768 -1.444205165 -0.8605095148
vn 0.02087200992 -1.155646867e-08 -0.999782145
v 9.427848816 -1.444205165 -0.8605095148
vn -0.07523076981 2.677755262e-08 -0.9971661568
v 8.340083122 6.091383934 -0.8605095148
vn -0.0208720956 3.301861673e-09 -0.999782145
v 8.762307167 6.091383934 -0.8605095148
vn 0.07523036003 -5.950534288e-09 -0.9971661568
v 8.762306213 -1.444205165 -0.8605095148
vn 0.0208720956 -3.301861673e-09 -0.999782145
v 8.340082169 -1.444205165 -0.8605095148
vn -0.07523036003 5.950534288e-09 -0.9971661568
v 7.252314568 6.091383934 -0.8605095148
vn -0.02087205276 9.080101115e-09 -0.999782145
v 7.674538612 6.091383934 -0.8605095148
vn 0.07523091137 -2.082702366e-08 -0.9971661568
v 7.674536228 -1.444205165 -0.8605095148
vn 0.02087212354 -6.603732228e-09 -0.999782145
v 7.25231123 -1.444205165 -0.8605095148
vn -0.07523026317 1.636395019e-08 -0.9971662164
v 6.164545059 6.091383934 -0.8605095148
vn -0.02087204903 9.080099339e-09 -0.999782145
v 6.586770058 6.091383934 -0.8605095148
vn 0.07523088902 -2.528994969e-08 -0.9971661568
v 6.58676672 -1.444205165 -0.8605095148
vn 0.0208720956 -9.080119767e-09 -0.999782145
v 6.164541721 -1.444205165 -0.8605095148
vn -0.0752305612 1.636401414e-08 -0.9971661568
v 5.076773167 6.091383934 -0.8605095148
vn -0.02087211236 -6.123690205e-17 -0.999782145
v 5.498998165 6.091383934 -0.8605095148
vn 0.07523058355 -1.636401947e-08 -0.9971661568
v 5.498998165 -1.444205165 -0.8605095148
vn 0.02087213472 -6.120110167e-17 -0.999782145
v 5.076773167 -1.444205165 -0.8605095148
vn -0.07523081452 -6.109108003e-17 -0.9971661568
v 3.989006758 6.091383934 -0.8605095148
vn -0.02087201364 9.234858211e-09 -0.999782145
v 4.411231995 6.091383934 -0.8605095148
vn 0.07523106784 -3.310016083e-08 -0.9971661568
v 4.411228657 -1.444205165 -0.8605095148
vn 0.02087212354 -9.080132202e-09 -0.999782145
v 3.98900342 -1.444205165 -0.8605095148
vn -0.07522987574 2.612639882e-08 -0.9971662164
v 3.354649544 -1.444205165 -0.8422290683
vn 0.833476305 -6.592590296e-08 -0.5525552034
v 3.354650736 6.091383934 -0.8422290683
vn 0.833476305 -1.318518059e-07 -0.5525552034
v 3.468746662 6.091383934 -0.6413570046
vn 0.8335130811 -6.696160426e-08 -0.5524997115
v 3.468746662 -1.444205165 -0.6413570046
vn 0.8335132599 -3.38308334e-17 -0.5524994135
v 3.957812786 6.091383934 -0.8422290683
vn -0.8334733248 1.204494424e-07 -0.5525596738
v 3.957810879 -1.444205165 -0.8422290683
vn -0.8334762454 2.101388077e-07 -0.552555263
v 3.843715668 -1.444205165 -0.6413570046
vn -0.8335140944 1.117012332e-07 -0.5524981618
v 3.843715668 6.091383934 -0.6413570046
vn -0.8335154057 -3.383063819e-17 -0.5524962544
v -5.576903343 -1.444205165 -0.8439528346
vn 0.7888382077 -3.602782511e-17 -0.6146008968
v -5.576903343 6.091383934 -0.8439528346
vn 0.7888382077 -3.763345216e-17 -0.6146008968
v -5.417696953 6.091383934 -0.6396013498
vn 0.7532246113 1.339584088e-08 -0.6577633619
v -5.417696953 -1.444205165 -0.6396013498
vn 0.7532216311 -3.726587295e-17 -0.657766819
v -4.746856689 6.091383934 -0.8439528346
vn -0.7532296777 1.191571926e-07 -0.6577575803
v -4.746859074 -1.444205165 -0.8439528346
vn -0.7532296777 2.383143851e-07 -0.6577575803
v -4.90606308 -1.444205165 -0.6396013498
vn -0.7532271743 1.169241486e-07 -0.6577605009
v -4.90606308 6.091383934 -0.6396013498
vn -0.7532266378 -4.334253033e-17 -0.6577610373
v -4.259738922 -1.444205165 -0.8422290683
vn 0.8334767222 -2.747020744e-07 -0.5525546074
v -4.259735584 6.091383934 -0.8422290683
vn 0.8334788084 -3.296305238e-07 -0.5525514483
v -4.145638943 6.091383934 -0.6413570046
vn 0.8335111141 -2.499441791e-07 -0.5525026917
v -4.145640373 -1.444205165 -0.6413570046
vn 0.8335084915 -1.977853543e-07 -0.5525066257
v -3.656574965 6.091383934 -0.8422290683
vn -0.8334777355 -3.456671313e-17 -0.5525529981
v -3.656574965 -1.444205165 -0.8422290683
vn -0.8334777355 -3.383411235e-17 -0.5525529981
v -3.770672083 -1.444205165 -0.6413570046
vn -0.8335158229 -3.459293475e-17 -0.5524955988
v -3.770672083 6.091383934 -0.6413570046
vn -0.8335158229 -3.535527433e-17 -0.5524955988
v -3.171969652 -1.444205165 -0.8422290683
vn 0.8334756494 -1.483491729e-07 -0.5525561571
v -3.171967268 6.091383934 -0.8422290683
vn 0.8334788084 -2.637044076e-07 -0.5525514483
v -3.057868958 6.091383934 -0.6413570046
vn 0.8335105777 -1.208408804e-07 -0.5525034666
v -3.057868958 -1.444205165 -0.6413570046
vn 0.8335084915 -3.535594931e-17 -0.5525066257
v -2.568804502 6.091383934 -0.8422290683
vn -0.8334767222 1.649748782e-08 -0.5525546074
v -2.568804502 -1.444205165 -0.8422290683
vn -0.8334798217 -3.383392044e-17 -0.552549839
v -2.682901621 -1.444205165 -0.6413570046
vn -0.8335126638 -3.459322261e-17 -0.5525003076
v -2.682901621 6.091383934 -0.6413570046
vn -0.8335126638 -3.535555888e-17 -0.5525003076
v -2.084199905 -1.444205165 -0.8422290683
vn 0.8334761858 -2.115255882e-07 -0.5525553823
v -2.084196329 6.091383934 -0.8422290683
vn 0.8334788084 -3.955566115e-07 -0.5525514483
v -1.970100999 6.091383934 -0.6413570046
vn 0.8335137367 -1.812619956e-07 -0.5524987578
v -1.970100999 -1.444205165 -0.6413570046
vn 0.8335105777 -3.389073121e-17 -0.5525034666
v -1.481036663 6.091383934 -0.8422290683
vn -0.8334730268 1.374784553e-08 -0.552560091
v -1.481036663 -1.444205165 -0.8422290683
vn -0.8334756494 -3.383430756e-17 -0.5525561571
v -1.595133662 -1.444205165 -0.6413570046
vn -0.8335158229 -3.459293475e-17 -0.5524955988
v -1.595133662 6.091383934 -0.6413570046
vn -0.8335158229 -3.535527433e-17 -0.5524955988
v -0.9964282513 -1.444205165 -0.8422290683
vn 0.8334748745 -1.512266401e-08 -0.5525573492
v -0.9964282513 6.091383934 -0.8422290683
vn 0.8334777355 -3.383411235e-17 -0.5525529981
v -0.8823304176 6.091383934 -0.6413570046
vn 0.8335132003 -3.383084002e-17 -0.5524995327
v -0.8823304176 -1.444205165 -0.6413570046
vn 0.8335132003 -3.383084002e-17 -0.5524995327
v -0.3932636082 6.091383934 -0.8422290683
vn -0.8334743381 1.96418469e-07 -0.5525581241
v -0.3932668865 -1.444205165 -0.8422290683
vn -0.8334771991 3.625928571e-07 -0.5525538325
v -0.5073638558 -1.444205165 -0.6413570046
vn -0.833511889 1.661564681e-07 -0.5525014997
v -0.5073638558 6.091383934 -0.6413570046
vn -0.833509028 -3.535589968e-17 -0.5525058508
v 0.09134148806 -1.444205165 -0.8422290683
vn 0.8334746361 -8.248722594e-09 -0.5525577664
v 0.09134148806 6.091383934 -0.8422290683
vn 0.8334761858 -3.383425793e-17 -0.5525553823
v 0.2054387778 6.091383934 -0.6413570046
vn 0.8335126638 -3.383088634e-17 -0.5525003076
v 0.2054387778 -1.444205165 -0.6413570046
vn 0.8335126638 -3.383088634e-17 -0.5525003076
v 0.6945049763 6.091383934 -0.8422290683
vn -0.8334793448 2.829357015e-07 -0.5525506735
v 0.6945031881 -1.444205165 -0.8422290683
vn -0.8334798217 1.977785615e-07 -0.552549839
v 0.580406189 -1.444205165 -0.6413570046
vn -0.8335116506 2.719347094e-07 -0.5525019169
v 0.5804094672 6.091383934 -0.6413570046
vn -0.8335101008 3.626071816e-07 -0.5525042415
v 1.179111242 -1.444205165 -0.8422290683
vn 0.8334730268 -1.649741499e-08 -0.552560091
v 1.179111242 6.091383934 -0.8422290683
vn 0.8334761858 -3.383425793e-17 -0.5525553823
v 1.29320848 6.091383934 -0.6413570046
vn 0.8335129619 -1.514753123e-08 -0.5524999499
v 1.29320848 -1.444205165 -0.6413570046
vn 0.8335158229 -3.377094884e-17 -0.5524955988
v 1.782274604 6.091383934 -0.8422290683
vn -0.8334733248 3.392278245e-07 -0.5525597334
v 1.782271504 -1.444205165 -0.8422290683
vn -0.8334704638 3.461085782e-07 -0.5525640249
v 1.668174267 -1.444205165 -0.6413570046
vn -0.8335130811 3.399083539e-07 -0.5524997115
v 1.668177605 6.091383934 -0.6413570046
vn -0.8335103393 3.626072953e-07 -0.5525038838
v 2.266879797 -1.444205165 -0.8422290683
vn 0.833478272 -1.812966701e-07 -0.5525522232
v 2.266883135 6.091383934 -0.8422290683
vn 0.833478272 -3.625933402e-07 -0.5525522232
v 2.380976915 6.091383934 -0.6413570046
vn 0.8335132003 -1.813042729e-07 -0.5524995327
v 2.380976915 -1.444205165 -0.6413570046
vn 0.8335132003 -3.236581713e-17 -0.5524995327
v 2.87004447 6.091383934 -0.8422290683
vn -0.8334758878 3.553666375e-07 -0.5525558591
v 2.870041132 -1.444205165 -0.8422290683
vn -0.8334729075 3.708317138e-07 -0.5525603294
v 2.755944014 -1.444205165 -0.6413570046
vn -0.8335098624 3.553564341e-07 -0.5525045395
v 2.755947351 6.091383934 -0.6413570046
vn -0.8335069418 3.708468626e-07 -0.5525089502
v 12.8893671 6.091383934 -0.8439528346
vn -0.7888371944 -7.488699794e-08 -0.6146022081
v 12.88936424 -1.444205165 -0.8439528346
vn -0.7888413072 3.119769474e-07 -0.6145969033
v 12.73016071 -1.444205165 -0.6396013498
vn -0.7532241344 -1.005304284e-07 -0.657763958
v 12.73015594 6.091383934 -0.6396013498
vn -0.7532216311 -4.766236827e-07 -0.657766819
v 12.05931759 -1.444205165 -0.8439528346
vn 0.7532276511 -8.930596707e-09 -0.6577599049
v 12.05931759 6.091383934 -0.8439528346
vn 0.7532296777 -4.027603614e-17 -0.6577575803
v 12.21852398 6.091383934 -0.6396013498
vn 0.7532256246 -3.874318113e-17 -0.6577622294
v 12.21852398 -1.444205165 -0.6396013498
vn 0.7532256246 -3.721004488e-17 -0.6577622294
v 10.96903801 -1.444205165 -0.8422290683
vn 0.8334746361 -3.307199445e-17 -0.5525577664
v 10.96903801 6.091383934 -0.8422290683
vn 0.8334746361 -3.383440351e-17 -0.5525577664
v 11.0831337 6.091383934 -0.6413570046
vn 0.83351475 -3.306835817e-17 -0.5524971485
v 11.0831337 -1.444205165 -0.6413570046
vn 0.83351475 -3.23060219e-17 -0.5524971485
v 11.57220268 6.091383934 -0.8422290683
vn -0.8334751725 3.268795012e-07 -0.552556932
v 11.57219791 -1.444205165 -0.8422290683
vn -0.8334746361 5.274062005e-07 -0.5525577664
v 11.45810127 -1.444205165 -0.6413570046
vn -0.8335126638 3.076111454e-07 -0.5525003076
v 11.45810223 6.091383934 -0.6413570046
vn -0.8335084915 1.318569076e-07 -0.5525066257
v 9.881267548 -1.444205165 -0.8422290683
vn 0.8334730268 -1.924698445e-08 -0.552560091
v 9.881267548 6.091383934 -0.8422290683
vn 0.8334767222 -3.383421161e-17 -0.5525546074
v 9.995366096 6.091383934 -0.6413570046
vn 0.8335158229 -3.380077366e-17 -0.5524955988
v 9.995366096 -1.444205165 -0.6413570046
vn 0.8335158229 -3.377095214e-17 -0.5524955988
v 10.48443127 6.091383934 -0.8422290683
vn -0.8334746361 1.868110218e-07 -0.5525577664
v 10.48442841 -1.444205165 -0.8422290683
vn -0.8334788084 3.296305238e-07 -0.5525514483
v 10.37033176 -1.444205165 -0.6413570046
vn -0.833509028 1.510508127e-07 -0.5525058508
v 10.37033176 6.091383934 -0.6413570046
vn -0.8335064054 -3.230679945e-17 -0.5525097847
v 8.793498993 -1.444205165 -0.8422290683
vn 0.8334746361 -5.499148692e-09 -0.5525577664
v 8.793498993 6.091383934 -0.8422290683
vn 0.8334756494 -3.383430756e-17 -0.5525561571
v 8.907595634 6.091383934 -0.6413570046
vn 0.8335137367 -3.383079039e-17 -0.5524987578
v 8.907595634 -1.444205165 -0.6413570046
vn 0.8335137367 -3.383079039e-17 -0.5524987578
v 9.396661758 6.091383934 -0.8422290683
vn -0.8334767222 1.15386392e-07 -0.5525546074
v 9.396659851 -1.444205165 -0.8422290683
vn -0.8334798217 1.977785615e-07 -0.552549839
v 9.28256321 -1.444205165 -0.6413570046
vn -0.8335142732 9.063105466e-08 -0.552497983
v 9.28256321 6.091383934 -0.6413570046
vn -0.8335126638 -3.383088634e-17 -0.5525003076
v 7.7057271 -1.444205165 -0.8422290683
vn 0.8334746361 -1.098869546e-07 -0.5525577664
v 7.705729008 6.091383934 -0.8422290683
vn 0.8334767222 -1.977778084e-07 -0.5525546074
v 7.819826126 6.091383934 -0.6413570046
vn 0.8335142732 -9.063105466e-08 -0.552497983
v 7.819826126 -1.444205165 -0.6413570046
vn 0.8335126638 -3.529591585e-17 -0.5525003076
v 8.308890343 6.091383934 -0.8422290683
vn -0.8334740996 5.499145139e-09 -0.5525585413
v 8.308890343 -1.444205165 -0.8422290683
vn -0.8334751725 -3.383435388e-17 -0.552556932
v 8.194793701 -1.444205165 -0.6413570046
vn -0.8335137367 -3.459312666e-17 -0.5524987578
v 8.194793701 6.091383934 -0.6413570046
vn -0.8335137367 -3.535546293e-17 -0.5524987578
v 6.617957592 -1.444205165 -0.8422290683
vn 0.8334761858 -2.801850485e-07 -0.5525553823
v 6.617959499 6.091383934 -0.8422290683
vn 0.8334761858 -1.977776947e-07 -0.5525553823
v 6.732058048 6.091383934 -0.6413570046
vn 0.8335126638 -2.719350505e-07 -0.5525003076
v 6.73205471 -1.444205165 -0.6413570046
vn 0.8335111141 -3.626076364e-07 -0.5525026917
v 7.221120834 6.091383934 -0.8422290683
vn -0.8334733248 1.512263559e-08 -0.5525597334
v 7.221120834 -1.444205165 -0.8422290683
vn -0.8334761858 -3.383425793e-17 -0.5525553823
v 7.107023716 -1.444205165 -0.6413570046
vn -0.8335152864 -3.383064481e-17 -0.5524963737
v 7.107023716 6.091383934 -0.6413570046
vn -0.8335152864 -3.383064481e-17 -0.5524963737
v 5.530187607 -1.444205165 -0.8422290683
vn 0.8334754109 -3.474694097e-07 -0.5525565743
v 5.530190945 6.091383934 -0.8422290683
vn 0.8334725499 -3.625908391e-07 -0.5525608659
v 5.644288063 6.091383934 -0.6413570046
vn 0.8335098028 -3.474595758e-07 -0.5525046587
v 5.644284725 -1.444205165 -0.6413570046
vn 0.8335069418 -3.626058174e-07 -0.5525089502
v 6.13335228 6.091383934 -0.8422290683
vn -0.8334754109 1.512267289e-08 -0.5525565743
v 6.13335228 -1.444205165 -0.8422290683
vn -0.833478272 -3.383406602e-17 -0.5525522232
v 6.019255161 -1.444205165 -0.6413570046
vn -0.833509922 1.583599918e-08 -0.5525044799
v 6.019255161 6.091383934 -0.6413570046
vn -0.8335129619 -3.535553572e-17 -0.5524999499
v 4.442418098 -1.444205165 -0.8422290683
vn 0.8334774971 -3.213932587e-07 -0.5525534153
v 4.442421436 6.091383934 -0.8422290683
vn 0.833478272 -3.708341012e-07 -0.5525522232
v 4.556518555 6.091383934 -0.6413570046
vn 0.8335108161 -3.017897825e-07 -0.5525031686
v 4.556516171 -1.444205165 -0.6413570046
vn 0.8335078359 -2.637136163e-07 -0.5525075793
v 5.045582771 6.091383934 -0.8422290683
vn -0.8334767222 -3.462643888e-17 -0.5525546074
v 5.045582771 -1.444205165 -0.8422290683
vn -0.8334767222 -3.383421161e-17 -0.5525546074
v 4.931485653 -1.444205165 -0.6413570046
vn -0.833511591 6.540968656e-09 -0.5525019765
v 4.931485653 6.091383934 -0.6413570046
vn -0.8335128427 -3.535554565e-17 -0.5525001287
v 12.90227318 6.091383934 -0.8605095148
vn -0.7886874676 -3.764529408e-17 -0.6147943139
v 12.90227318 -1.444205165 -0.8605095148
vn -0.7886530757 1.559512413e-07 -0.6148384809
v -5.589811325 -1.444205165 -0.8605095148
vn 0.7886461616 -3.764853994e-17 -0.6148473024
v -5.589811325 6.091383934 -0.8605095148
vn 0.7886461616 -3.764853994e-17 -0.6148473024
v 3.812522888 6.248495102 7.073710442
vn -0.05332041159 0.9985774755 -6.11680343e-17
v 3.812522888 6.248495102 -0.3224921525
vn -0.05332041159 0.9985774755 -6.11452372e-17
v 3.499938726 6.248495102 -0.3224921525
vn 0.05332051963 0.9985774755 -6.11224401e-17
v 3.499938726 6.248495102 7.073710442
vn 0.05332051963 0.9985774755 -6.114523058e-17
v 12.69645405 6.248495102 7.073710442
vn -0.03475070745 0.9993960261 -6.119535773e-17
v 12.69645405 6.248495102 -0.3224921525
vn -0.03475070745 0.9993960261 -6.119535773e-17
v 12.25222778 6.248495102 -0.3224921525
vn 0.03475053608 0.9993960261 -6.119535773e-17
v 12.25222778 6.248495102 7.073710442
vn 0.03475053608 0.9993960261 -6.119535773e-17
v 11.42691231 6.248495102 7.073710442
vn -0.05332050845 0.9985774755 -6.116802768e-17
v 11.42691231 6.248495102 -0.3224921525
vn -0.05332050845 0.9985774755 -6.114523058e-17
v 11.11432457 6.248495102 -0.3224921525
vn 0.05332013965 0.9985774755 -6.11224401e-17
v 11.11432457 6.248495102 7.073710442
vn 0.05332013965 0.9985774755 -6.11452372e-17
v 10.33913994 6.248495102 7.073710442
vn -0.05332023278 0.9985774755 -6.11452372e-17
v 10.33913994 6.248495102 -0.3224921525
vn -0.05332023278 0.9985774755 -6.11452372e-17
v 10.02655411 6.248495102 -0.3224921525
vn 0.05332097039 0.9985774159 -6.114523058e-17
v 10.02655411 6.248495102 7.073710442
vn 0.05332097039 0.9985774159 -6.114523058e-17
v 9.251373291 6.248495102 7.073710442
vn -0.05332041532 0.9985774755 -6.11452372e-17
v 9.251373291 6.248495102 -0.3224921525
vn -0.05332041532 0.9985774755 -6.11452372e-17
v 8.938786507 6.248495102 -0.3224921525
vn 0.05332023278 0.9985774755 -6.11224401e-17
v 8.938786507 6.248495102 7.073710442
vn 0.05332023278 0.9985774755 -6.11452372e-17
v 8.163602829 6.248495102 7.073710442
vn -0.05332018435 0.9985774755 -6.116802768e-17
v 8.163602829 6.248495102 -0.3224921525
vn -0.05332018435 0.9985774755 -6.11452372e-17
v 7.851015091 6.248495102 -0.3224921525
vn 0.05332046375 0.9985774755 -6.116802768e-17
v 7.851015091 6.248495102 7.073710442
vn 0.05332046375 0.9985774755 -6.11452372e-17
v 7.075834274 6.248495102 7.073710442
vn -0.05332041532 0.9985774755 -6.11224401e-17
v 7.075834274 6.248495102 -0.3224921525
vn -0.05332041532 0.9985774755 -6.11452372e-17
v 6.763246536 6.248495102 -0.3224921525
vn 0.05332050845 0.9985774755 -6.11224401e-17
v 6.763246536 6.248495102 7.073710442
vn 0.05332050845 0.9985774755 -6.114523058e-17
v 5.988064289 6.248495102 7.073710442
vn -0.0533205308 0.9985774755 -6.116802768e-17
v 5.988064289 6.248495102 -0.3224921525
vn -0.0533205308 0.9985774755 -6.114523058e-17
v 5.675478935 6.248495102 -0.3224921525
vn 0.05332000181 0.9985774755 -6.11224401e-17
v 5.675478935 6.248495102 7.073710442
vn 0.05332000181 0.9985774755 -6.11452372e-17
v 4.90029335 6.248495102 7.073710442
vn -0.05332043767 0.9985774755 -6.11452372e-17
v 4.90029335 6.248495102 -0.3224921525
vn -0.05332043767 0.9985774755 -6.11452372e-17
v 4.58770895 6.248495102 -0.3224921525
vn 0.05332037061 0.9985774755 -6.11452372e-17
v 4.58770895 6.248495102 7.073710442
vn 0.05332037061 0.9985774755 -6.11452372e-17
v -5.383990765 6.248495102 -0.3224921525
vn 0.03475059941 0.9993960261 -6.119535773e-17
v -5.383990765 6.248495102 7.073710442
vn 0.03475070745 0.9993960261 -6.119535773e-17
v -4.939766407 6.248495102 7.073710442
vn -0.03475059941 0.9993960261 -1.400243566e-08
v -4.939763546 6.248495102 -0.3224921525
vn -0.03475049138 0.9993960261 -1.400239125e-08
v -4.114448071 6.248495102 -0.3224921525
vn 0.05332032219 0.9985774755 -6.11452372e-17
v -4.114448071 6.248495102 7.073710442
vn 0.05332032219 0.9985774755 -6.11452372e-17
v -3.801861286 6.248495102 7.073710442
vn -0.05332050845 0.9985774755 -6.11224401e-17
v -3.801861286 6.248495102 -0.3224921525
vn -0.05332050845 0.9985774755 -6.114523058e-17
v -3.026679039 6.248495102 -0.3224921525
vn 0.05332050845 0.9985774755 -6.114523058e-17
v -3.026679039 6.248495102 7.073710442
vn 0.05332050845 0.9985774755 -6.114523058e-17
v -2.714092731 6.248495102 7.073710442
vn -0.05332032219 0.9985774755 -6.116802768e-17
v -2.714092731 6.248495102 -0.3224921525
vn -0.05332032219 0.9985774755 -6.11452372e-17
v -1.938910484 6.248495102 -0.3224921525
vn 0.05332023278 0.9985774755 -6.11452372e-17
v -1.938910484 6.248495102 7.073710442
vn 0.05332023278 0.9985774755 -6.11452372e-17
v -1.626322985 6.248495102 7.073710442
vn -0.05332041532 0.9985774755 -6.11224401e-17
v -1.626322985 6.248495102 -0.3224921525
vn -0.05332041532 0.9985774755 -6.11452372e-17
v -0.8511404991 6.248495102 -0.3224921525
vn 0.05332046375 0.9985774755 -6.11452372e-17
v -0.8511404991 6.248495102 7.073710442
vn 0.05332046375 0.9985774755 -6.11452372e-17
v -0.5385537744 6.248495102 7.073710442
vn -0.05332046375 0.9985774755 -6.11452372e-17
v -0.5385537744 6.248495102 -0.3224921525
vn -0.05332046375 0.9985774755 -6.11452372e-17
v 0.2366295755 6.248495102 -0.3224921525
vn 0.05332046375 0.9985774755 -6.11224401e-17
v 0.2366295755 6.248495102 7.073710442
vn 0.05332046375 0.9985774755 -6.11452372e-17
v 0.5492153764 6.248495102 7.073710442
vn -0.05332046375 0.9985774755 -6.116802768e-17
v 0.5492153764 6.248495102 -0.3224921525
vn -0.05332046375 0.9985774755 -6.11452372e-17
v 1.324400783 6.248495102 -0.3224921525
vn 0.05332046375 0.9985774755 -6.11452372e-17
v 1.324400783 6.248495102 7.073710442
vn 0.05332046375 0.9985774755 -6.11452372e-17
v 1.636985183 6.248495102 7.073710442
vn -0.05332043767 0.9985774755 -6.11452372e-17
v 1.636985183 6.248495102 -0.3224921525
vn -0.05332043767 0.9985774755 -6.11452372e-17
v 2.412170887 6.248495102 -0.3224921525
vn 0.0533205308 0.9985774755 -6.11680343e-17
v 2.412170887 6.248495102 7.073710442
vn 0.0533205308 0.9985774755 -6.114523058e-17
v 2.724753141 6.248495102 7.073710442
vn -0.0533204861 0.9985774755 -6.11680343e-17
v 2.724753141 6.248495102 -0.3224921525
vn -0.0533204861 0.9985774755 -6.11452372e-17
v 11.60339069 6.486727715 7.073710442
vn -0.02096023038 0.9997802973 1.689146489e-09
v 12.02561569 6.486727715 7.073710442
vn 0.06773409992 0.997703433 -6.109171531e-17
v 12.02561569 6.486727715 -0.3224921525
vn 0.01892320812 0.9998209476 -6.122137752e-17
v 11.60338974 6.486727715 -0.3224921525
vn -0.07554671168 0.9971422553 2.73967693e-08
v 10.51562309 6.486727715 7.073710442
vn -0.02096024342 0.9997802973 -6.121888936e-17
v 10.93784523 6.486727715 7.073710442
vn 0.07554633915 0.9971423149 -6.105735753e-17
v 10.93784523 6.486727715 -0.3224921525
vn 0.02096028626 0.9997802973 -6.121888936e-17
v 10.51562309 6.486727715 -0.3224921525
vn -0.07554578781 0.9971423149 -6.105735753e-17
v 9.427852631 6.486727715 7.073710442
vn -0.0209601447 0.9997802973 1.013483786e-08
v 9.850078583 6.486727715 7.073710442
vn 0.07554633915 0.9971423149 -2.130849275e-08
v 9.850074768 6.486727715 -0.3224921525
vn 0.02096010186 0.9997802973 -1.182395248e-08
v 9.427848816 6.486727715 -0.3224921525
vn -0.07554662228 0.9971422553 2.739673555e-08
v 8.340082169 6.486727715 7.073710442
vn -0.02096021548 0.9997802973 -6.120096932e-17
v 8.762306213 6.486727715 7.073710442
vn 0.07554601878 0.9971423149 -6.105735753e-17
v 8.762306213 6.486727715 -0.3224921525
vn 0.02096018754 0.9997802973 -6.121888936e-17
v 8.340082169 6.486727715 -0.3224921525
vn -0.07554639131 0.9971423149 -6.102505779e-17
v 7.252314568 6.486727715 7.073710442
vn -0.02096020244 0.9997802973 9.290292979e-09
v 7.674536228 6.486727715 7.073710442
vn 0.07554675639 0.9971422553 -9.132262058e-09
v 7.674536228 6.486727715 -0.3224921525
vn 0.02096027322 0.9997802973 -6.121888936e-17
v 7.25231123 6.486727715 -0.3224921525
vn -0.07554610819 0.9971423149 1.674233729e-08
v 6.164541721 6.486727715 7.073710442
vn -0.0209602192 0.9997802973 -6.121888936e-17
v 6.58676672 6.486727715 7.073710442
vn 0.07554595172 0.9971423149 -6.105735753e-17
v 6.58676672 6.486727715 -0.3224921525
vn 0.0209601447 0.9997802973 -6.121888936e-17
v 6.164541721 6.486727715 -0.3224921525
vn -0.0755469203 0.9971422553 -6.105735092e-17
v 5.076773167 6.486727715 7.073710442
vn -0.0209602043 0.9997802973 -6.120096932e-17
v 5.498998165 6.486727715 7.073710442
vn 0.07554694265 0.9971422553 -6.105735092e-17
v 5.498998165 6.486727715 -0.3224921525
vn 0.02096022666 0.9997802973 -6.121888936e-17
v 5.076773167 6.486727715 -0.3224921525
vn -0.07554666698 0.9971422553 -6.102505779e-17
v 3.98900342 6.486727715 7.073710442
vn -0.02096018381 0.9997802973 -6.121888936e-17
v 4.411228657 6.486727715 7.073710442
vn 0.07554587722 0.9971423149 -6.099276465e-17
v 4.411228657 6.486727715 -0.3224921525
vn 0.02096013352 0.9997802973 -6.118304266e-17
v 3.98900342 6.486727715 -0.3224921525
vn -0.07554653287 0.9971422553 -6.105735753e-17
v -4.290925026 6.486727715 -0.3224921525
vn 0.02096018754 0.9997802973 1.182400133e-08
v -4.713151455 6.486727715 -0.3224921525
vn -0.06773385406 0.997703433 -2.729273518e-08
v -4.713154793 6.486727715 7.073710442
vn -0.01892320812 0.9998209476 -9.149919933e-09
v -4.290929317 6.486727715 7.073710442
vn 0.07554671168 0.9971422553 3.652902336e-08
v -3.203155279 6.486727715 -0.3224921525
vn 0.02096020244 0.9997802973 1.013486539e-08
v -3.62538147 6.486727715 -0.3224921525
vn -0.07554662228 0.9971422553 -3.652898073e-08
v -3.625385046 6.486727715 7.073710442
vn -0.0209601596 0.9997802973 -1.013484408e-08
v -3.203158855 6.486727715 7.073710442
vn 0.07554698735 0.9971422553 3.04409653e-08
v -2.11538744 6.486727715 -0.3224921525
vn 0.02096017264 0.9997802973 8.445709021e-09
v -2.5376122 6.486727715 -0.3224921525
vn -0.07554662228 0.9971422553 -1.826449036e-08
v -2.537615776 6.486727715 7.073710442
vn -0.02096023038 0.9997802973 -1.013487871e-08
v -2.115390301 6.486727715 7.073710442
vn 0.07554587722 0.9971423149 1.522025883e-08
v -1.027617335 6.486727715 -0.3224921525
vn 0.02096023038 0.9997802973 9.290305414e-09
v -1.449842572 6.486727715 -0.3224921525
vn -0.07554592937 0.9971423149 -1.522026949e-08
v -1.449845552 6.486727715 7.073710442
vn -0.02096018009 0.9997802973 -8.445712574e-09
v -1.027620554 6.486727715 7.073710442
vn 0.07554657012 0.9971422553 1.674243855e-08
v 0.0601509735 6.486727715 -0.3224921525
vn 0.02096027322 0.9997802973 5.067449571e-09
v -0.3620733917 6.486727715 -0.3224921525
vn -0.07554629445 0.9971423149 -1.674237815e-08
v -0.3620733917 6.486727715 7.073710442
vn -0.02096020244 0.9997802973 -6.12368094e-17
v 0.06014918536 6.486727715 7.073710442
vn 0.07554671168 0.9971422553 9.13225584e-09
v 1.147920728 6.486727715 -0.3224921525
vn 0.02096020244 0.9997802973 -6.120096932e-17
v 0.7256957889 6.486727715 -0.3224921525
vn -0.07554597408 0.9971423149 -6.105735753e-17
v 0.7256957889 6.486727715 7.073710442
vn -0.02096015215 0.9997802973 -6.121888936e-17
v 1.147920728 6.486727715 7.073710442
vn 0.07554662228 0.9971422553 -6.102505779e-17
v 2.235690355 6.486727715 -0.3224921525
vn 0.02096022666 0.9997802973 -6.121888936e-17
v 1.813465357 6.486727715 -0.3224921525
vn -0.07554604113 0.9971423149 -1.598130694e-08
v 1.813465357 6.486727715 7.073710442
vn -0.02096011862 0.9997802973 -6.121888936e-17
v 2.235690355 6.486727715 7.073710442
vn 0.07554694265 0.9971422553 -6.105735092e-17
v 3.32345891 6.486727715 -0.3224921525
vn 0.02096018381 0.9997802973 -6.121888936e-17
v 2.901233673 6.486727715 -0.3224921525
vn -0.07554698735 0.9971422553 -6.102505779e-17
v 2.901233673 6.486727715 7.073710442
vn -0.0209602192 0.9997802973 -6.120096932e-17
v 3.32345891 6.486727715 7.073710442
vn 0.07554654032 0.9971422553 -6.105735753e-17
v 3.354649544 6.468369961 -0.3224921525
vn 0.8343136311 0.5512900949 -3.451931568e-17
v 3.354649544 6.468369961 7.073710442
vn 0.8343136311 0.5512900949 -3.375678089e-17
v 3.468746662 6.266851425 7.073710442
vn 0.8343097568 0.5512959361 -3.448989783e-17
v 3.468746662 6.266851425 -0.3224921525
vn 0.8343097568 0.5512959361 -3.522265081e-17
v 3.957812786 6.468369961 7.073710442
vn -0.8343135715 0.5512901545 -3.299425271e-17
v 3.957812786 6.468369961 -0.3224921525
vn -0.8343135715 0.5512901545 -3.37567875e-17
v 3.843715668 6.266851425 -0.3224921525
vn -0.8343085051 0.5512978435 -3.302450436e-17
v 3.843715668 6.266851425 7.073710442
vn -0.8343085051 0.5512978435 -3.229174807e-17
v 12.05931759 6.470107079 -0.3224921525
vn 0.7542683482 0.6565662622 -4.173648968e-17
v 12.05931759 6.470107079 7.073710442
vn 0.7542683482 0.6565662622 -4.020308874e-17
v 12.21852398 6.265113354 7.073710442
vn 0.7542612553 0.6565743685 -4.17369893e-17
v 12.21852398 6.265113354 -0.3224921525
vn 0.7542612553 0.6565743685 -4.327039025e-17
v 12.8893671 6.470107079 7.073710442
vn -0.7897825241 0.613386929 -3.75591184e-17
v 12.8893671 6.470107079 -0.3224921525
vn -0.7897825241 0.613386929 -3.75591184e-17
v 12.73015594 6.265113354 -0.3224921525
vn -0.7542572618 0.6565790176 -4.020386959e-17
v 12.73015594 6.265113354 7.073710442
vn -0.7542572618 0.6565790176 -4.020386959e-17
v 10.96903801 6.468369961 -0.3224921525
vn 0.8343119621 0.5512925982 -3.37569364e-17
v 10.96903801 6.468369961 7.073710442
vn 0.8343119621 0.5512925982 -3.37569364e-17
v 11.0831337 6.266851425 7.073710442
vn 0.8343136907 0.5512899756 -3.372699577e-17
v 11.0831337 6.266851425 -0.3224921525
vn 0.8343136907 0.5512899756 -3.369721726e-17
v 11.57220268 6.468369961 7.073710442
vn -0.8343114257 0.5512933731 2.717492862e-07
v 11.57219791 6.468369961 -0.3224921525
vn -0.8343119621 0.5512925982 5.378853416e-07
v 11.45810127 6.266851425 -0.3224921525
vn -0.8343116045 0.5512931347 2.464896909e-07
v 11.45810127 6.266851425 7.073710442
vn -0.8343074918 0.5512993932 -3.381690699e-17
v 9.881267548 6.468369961 -0.3224921525
vn 0.8343104124 0.5512949824 -1.964741969e-08
v 9.881267548 6.468369961 7.073710442
vn 0.8343140483 0.5512894392 -3.375674118e-17
v 9.995366096 6.266851425 7.073710442
vn 0.8343147635 0.5512883663 -3.375667832e-17
v 9.995366096 6.266851425 -0.3224921525
vn 0.8343147635 0.5512883663 -3.375667832e-17
v 10.48442841 6.468369961 7.073710442
vn -0.8343077898 0.5512989163 -3.451985169e-17
v 10.48442841 6.468369961 -0.3224921525
vn -0.8343077898 0.5512989163 -3.375732352e-17
v 10.37033176 6.266851425 -0.3224921525
vn -0.8343105912 0.5512946844 -3.451959692e-17
v 10.37033176 6.266851425 7.073710442
vn -0.8343105912 0.5512946844 -3.528213171e-17
v 8.793498993 6.468369961 -0.3224921525
vn 0.8343109488 0.5512942076 -3.299450086e-17
v 8.793498993 6.468369961 7.073710442
vn 0.8343109488 0.5512942076 -3.375703235e-17
v 8.907595634 6.266851425 7.073710442
vn 0.8343126774 0.5512915254 -3.296455362e-17
v 8.907595634 6.266851425 -0.3224921525
vn 0.8343126774 0.5512915254 -3.217224032e-17
v 9.396661758 6.468369961 7.073710442
vn -0.8343140483 0.5512894392 1.176944764e-07
v 9.396659851 6.468369961 -0.3224921525
vn -0.8343171477 0.5512847304 2.01708275e-07
v 9.28256321 6.266851425 -0.3224921525
vn -0.8343132138 0.5512907505 9.243380106e-08
v 9.28256321 6.266851425 7.073710442
vn -0.8343116045 0.5512931347 -3.528204569e-17
v 7.7057271 6.468369961 -0.3224921525
vn 0.834309876 0.5512957573 -1.008532564e-07
v 7.705729008 6.468369961 7.073710442
vn 0.834309876 0.5512957573 -2.017065128e-07
v 7.819826126 6.266851425 7.073710442
vn 0.8343132138 0.5512907505 -9.243380106e-08
v 7.819826126 6.266851425 -0.3224921525
vn 0.8343116045 0.5512931347 -3.381652318e-17
v 8.308890343 6.468369961 7.073710442
vn -0.8343124986 0.5512918234 -3.296457678e-17
v 8.308890343 6.468369961 -0.3224921525
vn -0.8343124986 0.5512918234 -3.375688676e-17
v 8.194793701 6.266851425 -0.3224921525
vn -0.8343126774 0.5512915254 -3.302411062e-17
v 8.194793701 6.266851425 7.073710442
vn -0.8343126774 0.5512915254 -3.229135433e-17
v 6.617959499 6.468369961 -0.3224921525
vn 0.8343077898 0.5512989163 -3.375732352e-17
v 6.617959499 6.468369961 7.073710442
vn 0.8343077898 0.5512989163 -3.375732352e-17
v 6.732058048 6.266851425 7.073710442
vn 0.8343132138 0.5512907505 -3.37270454e-17
v 6.732058048 6.266851425 -0.3224921525
vn 0.8343132138 0.5512907505 -3.36972669e-17
v 7.221120834 6.468369961 7.073710442
vn -0.8343106508 0.5512945652 1.543726391e-08
v 7.221120834 6.468369961 -0.3224921525
vn -0.8343135118 0.5512902141 -3.375679081e-17
v 7.107023716 6.266851425 -0.3224921525
vn -0.8343142271 0.5512892008 -3.372694944e-17
v 7.107023716 6.266851425 7.073710442
vn -0.8343142271 0.5512892008 -3.369717094e-17
v 5.530187607 6.468369961 -0.3224921525
vn 0.834315598 0.5512871146 -3.375659891e-17
v 5.530187607 6.468369961 7.073710442
vn 0.834315598 0.5512871146 -3.375659891e-17
v 5.644284725 6.266851425 7.073710442
vn 0.8343059421 0.5513017774 -3.372771707e-17
v 5.644284725 6.266851425 -0.3224921525
vn 0.8343059421 0.5513017774 -3.369793526e-17
v 6.13335228 6.468369961 7.073710442
vn -0.834315598 0.5512871146 -3.375659891e-17
v 6.13335228 6.468369961 -0.3224921525
vn -0.834315598 0.5512871146 -3.375659891e-17
v 6.019255161 6.266851425 -0.3224921525
vn -0.8343119025 0.5512927175 -3.378672152e-17
v 6.019255161 6.266851425 7.073710442
vn -0.8343119025 0.5512927175 -3.381650002e-17
v 4.442421436 6.468369961 -0.3224921525
vn 0.8343140483 0.5512894392 -3.369718087e-17
v 4.442421436 6.468369961 7.073710442
vn 0.8343140483 0.5512894392 -3.375674118e-17
v 4.556516171 6.266851425 7.073710442
vn 0.8343126774 0.5512915254 -3.375687022e-17
v 4.556516171 6.266851425 -0.3224921525
vn 0.8343126774 0.5512915254 -3.375687022e-17
v 5.045582771 6.468369961 7.073710442
vn -0.8343140483 0.5512894392 -3.372696268e-17
v 5.045582771 6.468369961 -0.3224921525
vn -0.8343140483 0.5512894392 -3.375674118e-17
v 4.931485653 6.266851425 -0.3224921525
vn -0.8343092799 0.5512966514 -3.375718455e-17
v 4.931485653 6.266851425 7.073710442
vn -0.8343092799 0.5512966514 -3.375718455e-17
v -5.576901913 6.470107079 -0.3224921525
vn 0.78978616 0.6133822799 1.121779576e-07
v -5.576903343 6.470107079 7.073710442
vn 0.7897825241 0.613386929 1.909413783e-07
v -5.417694092 6.265113354 7.073710442
vn 0.7542587519 0.6565772891 8.433929821e-08
v -5.417694092 6.265113354 -0.3224921525
vn 0.754260242 0.6565755606 -4.020365784e-17
v -4.746856689 6.470107079 7.073710442
vn -0.7542678714 0.6565668583 -2.758121411e-07
v -4.746854305 6.470107079 -0.3224921525
vn -0.7542673349 0.6565673947 -2.431400787e-07
v -4.906059742 6.265113354 -0.3224921525
vn -0.754262805 0.6565726399 -2.758100095e-07
v -4.90606308 6.265113354 7.073710442
vn -0.7542622685 0.656573236 -3.039230592e-07
v -4.259735584 6.468369961 -0.3224921525
vn 0.8343124986 0.5512918234 1.877367453e-07
v -4.259738922 6.468369961 7.073710442
vn 0.8343088627 0.551297307 3.361770951e-07
v -4.145638943 6.266851425 7.073710442
vn 0.8343100548 0.5512954593 1.54055769e-07
v -4.145638943 6.266851425 -0.3224921525
vn 0.8343126774 0.5512915254 -3.375687022e-17
v -3.656574965 6.468369961 7.073710442
vn -0.8343119621 0.5512925982 -2.185476831e-07
v -3.656571388 6.468369961 -0.3224921525
vn -0.8343088627 0.551297307 -4.034125141e-07
v -3.770672083 6.266851425 -0.3224921525
vn -0.8343116045 0.5512931347 -1.848672611e-07
v -3.770672083 6.266851425 7.073710442
vn -0.8343147635 0.5512883663 -3.369712131e-17
v -3.171967268 6.468369961 -0.3224921525
vn 0.834313035 0.5512910485 1.513122072e-07
v -3.171969652 6.468369961 7.073710442
vn 0.834309876 0.5512957573 2.689420171e-07
v -3.057868958 6.266851425 7.073710442
vn 0.8343095779 0.5512962341 1.232445328e-07
v -3.057868958 6.266851425 -0.3224921525
vn 0.8343116045 0.5512931347 -3.223189328e-17
v -2.568804502 6.468369961 7.073710442
vn -0.8343140483 0.5512894392 -1.684071904e-08
v -2.568804502 6.468369961 -0.3224921525
vn -0.8343109488 0.5512942076 -3.375703235e-17
v -2.682901621 6.266851425 -0.3224921525
vn -0.8343116045 0.5512931347 -3.378674799e-17
v -2.682901621 6.266851425 7.073710442
vn -0.8343116045 0.5512931347 -3.381652649e-17
v -2.084196329 6.468369961 -0.3224921525
vn 0.8343135118 0.5512902141 1.403392513e-08
v -2.084196329 6.468369961 7.073710442
vn 0.8343109488 0.5512942076 -3.375703235e-17
v -1.970100999 6.266851425 7.073710442
vn 0.8343157768 0.5512868166 -3.375658236e-17
v -1.970100999 6.266851425 -0.3224921525
vn 0.8343157768 0.5512868166 -3.375658236e-17
v -1.481036663 6.468369961 7.073710442
vn -0.8343104124 0.5512949824 -1.403387184e-08
v -1.481036663 6.468369961 -0.3224921525
vn -0.8343077898 0.5512989163 -3.375732352e-17
v -1.595133662 6.266851425 -0.3224921525
vn -0.8343147635 0.5512883663 -3.372689981e-17
v -1.595133662 6.266851425 7.073710442
vn -0.8343147635 0.5512883663 -3.369712131e-17
v -0.9964282513 6.468369961 -0.3224921525
vn 0.8343122602 0.551292181 1.543729233e-08
v -0.9964282513 6.468369961 7.073710442
vn 0.8343093991 0.5512965322 -3.375717462e-17
v -0.8823304176 6.266851425 7.073710442
vn 0.8343121409 0.5512923002 -3.375691985e-17
v -0.8823304176 6.266851425 -0.3224921525
vn 0.8343121409 0.5512923002 -3.375691985e-17
v -0.3932668865 6.468369961 7.073710442
vn -0.8343088627 0.551297307 -1.848974023e-07
v -0.3932636082 6.468369961 -0.3224921525
vn -0.8343088627 0.551297307 -3.697948046e-07
v -0.5073638558 6.266851425 -0.3224921525
vn -0.8343108296 0.5512942672 -1.694615008e-07
v -0.5073638558 6.266851425 7.073710442
vn -0.8343136907 0.5512899756 -3.375677427e-17
v 0.09134148806 6.468369961 -0.3224921525
vn 0.8343119621 0.5512925982 8.420338204e-09
v 0.09134148806 6.468369961 7.073710442
vn 0.8343104124 0.5512949824 -3.375708198e-17
v 0.2054387778 6.266851425 7.073710442
vn 0.8343116045 0.5512931347 -3.372719098e-17
v 0.2054387778 6.266851425 -0.3224921525
vn 0.8343116045 0.5512931347 -3.369741248e-17
v 0.6945031881 6.468369961 7.073710442
vn -0.8343104124 0.5512949824 -3.375708198e-17
v 0.6945031881 6.468369961 -0.3224921525
vn -0.8343104124 0.5512949824 -3.375708198e-17
v 0.580406189 6.266851425 -0.3224921525
vn -0.8343121409 0.5512923002 -3.378669835e-17
v 0.580406189 6.266851425 7.073710442
vn -0.8343121409 0.5512923002 -3.381647686e-17
v 1.179111242 6.468369961 -0.3224921525
vn 0.8343135118 0.5512902141 -3.372701231e-17
v 1.179111242 6.468369961 7.073710442
vn 0.8343135118 0.5512902141 -3.375679081e-17
v 1.29320848 6.266851425 7.073710442
vn 0.8343090415 0.5512970686 -3.375720771e-17
v 1.29320848 6.266851425 -0.3224921525
vn 0.8343090415 0.5512970686 -3.375720771e-17
v 1.782271504 6.468369961 7.073710442
vn -0.8343135118 0.5512902141 -1.764939697e-07
v 1.782274604 6.468369961 -0.3224921525
vn -0.8343135118 0.5512902141 -3.529879393e-07
v 1.668177605 6.266851425 -0.3224921525
vn -0.8343120217 0.5512925386 -1.617589334e-07
v 1.668177605 6.266851425 7.073710442
vn -0.8343147635 0.5512883663 -3.223160873e-17
v 2.266879797 6.468369961 -0.3224921525
vn 0.834315598 0.5512871146 -3.375659891e-17
v 2.266879797 6.468369961 7.073710442
vn 0.834315598 0.5512871146 -3.375659891e-17
v 2.380976915 6.266851425 7.073710442
vn 0.8343064189 0.5513010025 -3.378723106e-17
v 2.380976915 6.266851425 -0.3224921525
vn 0.8343064189 0.5513010025 -3.381701287e-17
v 2.87004447 6.468369961 7.073710442
vn -0.8343161345 0.5512862802 -3.372677077e-17
v 2.87004447 6.468369961 -0.3224921525
vn -0.8343161345 0.5512862802 -3.375654928e-17
v 2.755947351 6.266851425 -0.3224921525
vn -0.8343059421 0.5513017774 -3.378727738e-17
v 2.755947351 6.266851425 7.073710442
vn -0.8343059421 0.5513017774 -3.381705919e-17
v -5.58980751 6.486727715 -0.3224921525
vn 0.7898453474 0.6133060455 4.455653198e-07
v -5.589811325 6.486727715 7.073710442
vn 0.7898179293 0.6133413911 3.182498745e-07
v 12.90227318 6.486727715 7.073710442
vn -0.7898316383 0.6133236885 -3.755524389e-17
v 12.90227318 6.486727715 -0.3224921525
vn -0.7898316383 0.6133236885 -3.755524389e-17
v -6.238933563 6.270634174 -0.9121694565
vn -0.4515818655 -5.463331077e-17 -0.8922296762
v -6.238933563 6.528865814 -0.9121694565
vn -0.9972875714 0.06794001907 -0.02831259556
v -6.220028877 6.548136711 -0.9121694565
vn -0.02790175378 0.9124649763 -0.4082022905
v -6.220028877 -1.902592897 -0.9121694565
vn -0.01422997564 -0.9168026447 -0.3990870118
v -6.238933563 -1.883322716 -0.9121694565
vn -0.9972473383 -0.0727199018 -0.0144764483
v -6.238933563 -1.636608601 -0.9121694565
vn -0.8851957917 -2.848642939e-17 -0.465218693
v -6.238933563 -1.646243691 -0.3021261394
vn -0.9989219308 0.01962338574 0.04207084328
v -6.238933563 6.280268669 -0.3021261394
vn -0.9997329712 -0.0203558784 0.01093782671
v -5.608715534 6.270634174 -0.9121694565
vn 0.05473835394 -6.114053882e-17 -0.9985007048
v -5.608715534 -1.636608601 -0.9121694565
vn 0.01551207807 1.540791317e-07 -0.9998796582
v -6.220028877 -1.636608601 7.357759476
vn -0.01620458439 6.123359333e-17 0.999868691
v -5.608715534 -1.636608601 7.357759476
vn 0.0563832745 6.112468342e-17 0.9984092116
v -5.608715534 6.270634174 7.357759476
vn 0.01626159623 -6.237644357e-07 0.9998677969
v -6.220028877 6.270634174 7.357759476
vn -0.05639956892 6.113487428e-17 0.998408258
v -6.220028877 -1.902592897 7.357759476
vn -0.03221647814 -0.7343423367 0.678014338
v -6.220028877 -1.902592897 7.073710442
vn -0.05823485181 -0.9983029366 6.112842227e-17
v -5.608715534 -1.902592897 7.073710442
vn 0.01609294675 -0.9998704791 6.111292805e-07
v -5.608715534 -1.902592897 7.357759476
vn 0.06295132637 -0.7183676362 0.6928095818
v -6.220028877 6.548136711 -0.2925071418
vn -0.0571080558 0.9983680248 -6.113240598e-17
v -5.608715534 6.548136711 -0.2925071418
vn 0.01670232415 0.9998605251 -1.021480358e-07
v -5.608715534 6.548136711 -0.9121694565
vn 0.05247361585 0.9068236351 -0.4182313383
v -5.608715534 -1.902592897 -0.9121694565
vn 0.06629134715 -0.9210034609 -0.3838725388
v -5.608715534 -1.902592897 -0.2925071418
vn 0.05310986564 -0.9985886812 6.11459188e-17
v -6.220028877 -1.902592897 -0.2925071418
vn -0.01736614108 -0.9998492002 6.122310468e-17
v -6.220028877 6.548136711 7.073710442
vn -0.01634743996 0.9998663664 -6.121881657e-17
v -5.608715534 6.548136711 7.073710442
vn 0.05615594238 0.9984220266 -6.11357147e-17
v -6.238933563 6.270634174 7.338531971
vn -0.9993018508 2.287683583e-18 0.03736070916
v -6.238933563 6.280268669 7.08331871
vn -0.9969422817 -0.03303136304 -0.07081639022
v -6.238933563 -1.646243691 7.08331871
vn -0.999180913 0.0356465131 -0.01915394515
v -6.238933563 -1.636608601 7.338531971
vn -0.9924236536 7.560758362e-18 0.1228628308
v -6.220028877 6.548136711 7.357759476
vn -0.03982063383 0.8902163506 0.4537941813
v -5.608715534 6.548136711 7.357759476
vn 0.04156440124 0.4713770449 0.8809518218
v -6.238933563 -1.883322716 -0.2925071418
vn -0.9972980022 -0.07346196473 4.498247876e-18
v -6.238933563 6.528865814 -0.2925071418
vn -0.997526288 0.07029417902 -4.304277331e-18
v -6.238933563 6.528865814 7.073710442
vn -0.9975247383 0.07031670958 -4.293289891e-18
v -6.238933563 -1.883322716 7.073710442
vn -0.9972801208 -0.0737047419 4.480792297e-18
v -6.238933563 6.528865814 7.338531971
vn -0.9969825745 0.0702400431 0.03304636851
v -6.238933563 -1.883322716 7.338531971
vn -0.990896821 -0.06178150326 0.1196098253
v -6.220028877 6.270634174 -0.2925071418
vn -0.03509341925 -0.4219502211 0.9059395194
v -6.220028877 -1.636608601 -0.2925071418
vn -0.03578207269 0.8805586696 0.4725844562
v -5.874489784 -1.636608601 -0.2925071418
vn 0 0.4222322404 0.9064877033
v -5.874489784 6.270634174 -0.2925071418
vn 0 -0.8811095953 0.4729121327
v -6.220028877 -1.636608601 7.073710442
vn -0.03506743908 0.4219506085 -0.9059403539
v -6.220028877 6.270634174 7.073710442
vn -0.03576673567 -0.8805591464 -0.4725847244
v -5.874489784 6.270634174 7.073710442
vn 0 -0.4222322404 -0.9064877033
v -5.874489784 -1.636608601 7.073710442
vn 0 0.8811095953 -0.4729121327
v -5.589811325 -1.883276224 -0.8930271268
vn 0.9982794523 -0.04444046319 -0.03825226054
v -5.589811325 -1.618467927 -0.8929418921
vn 0.9964643121 2.028090051e-07 -0.0840170756
v -5.589811325 -1.419480562 -0.6822380424
vn 1 -5.222177037e-07 4.931790727e-07
v -5.589811325 -1.670869708 -0.6822380424
vn 1 -5.492247055e-06 -2.873925041e-06
v -5.589811325 6.528552055 7.338861942
vn 0.998015821 0.02855775133 0.05611448735
v -5.589811325 6.252031803 7.338531971
vn 0.9962695837 -1.530540658e-06 0.08629550785
v -5.589811325 6.053927898 7.133957386
vn 1 5.207393201e-07 -5.042675753e-07
v -5.589811325 6.316205502 7.133957386
vn 1 0 0
v -5.589811325 -1.883015394 7.338829994
vn 0.9980130196 -0.05705321208 0.02673947439
v -5.589811325 -1.883322716 7.056398392
vn 0.9965182543 -0.08337486535 1.710006245e-06
v -5.58980751 -1.670869708 6.865517616
vn 1 -1.963910654e-05 8.031907361e-10
v -5.58980751 -1.670869708 7.133957386
vn 1 -6.879936336e-06 1.325065296e-05
v -5.589811325 6.528811932 -0.8930271268
vn 0.9975710511 0.06797884405 -0.01519402582
v -5.589811325 6.528865814 -0.2762484848
vn 0.9965288639 0.08324778825 -3.652257519e-08
v -5.58980751 6.316205502 -0.09658310562
vn 1 2.005168062e-05 5.109078529e-07
v -5.58980751 6.316205502 -0.6822380424
vn 1 1.026564314e-05 -9.441542716e-06
v -5.589811325 -1.883322716 -0.2762273252
vn 0.9966633916 -0.08162155002 -8.892957339e-07
v -5.58980751 -1.670869708 -0.09658310562
vn 1 -1.940172297e-05 -2.803909922e-07
v -5.589811325 6.528865814 7.056419373
vn 0.9966830015 0.08138180524 3.230072252e-06
v -5.589811325 6.316205502 6.865517616
vn 1 9.621452591e-06 2.864976238e-07
v -5.589811325 6.252528191 -0.8929418921
vn 0.996624589 -8.305564734e-07 -0.08209403604
v -5.58980751 6.053927898 -0.6822380424
vn 1 -2.673421875e-07 -1.006706407e-05
v -5.589811325 -1.617967844 7.338531971
vn 0.9964384437 2.991327165e-06 0.08432304114
v -5.58980751 -1.419480562 7.133957386
vn 1 2.675459427e-07 1.036219146e-05
v 0.206262514 6.346683979 -0.3420922458
vn -0.001043544617 0.9790688753 -0.2035265416
v 7.114724159 6.346683979 -0.3420922458
vn 0.003115146421 0.7747243643 -0.6322914362
v 7.114724159 6.346683979 -0.862616241
vn 0.001043544617 0.9790688753 0.2035265267
v 0.206262514 6.346683979 -0.862616241
vn -0.003115145722 0.7747243643 0.6322913766
v 0.206262514 6.53591156 -0.2925071418
vn 0 0.219219476 0.9756755829
v 7.114724159 6.53591156 -0.2925071418
vn 0 0.05608279631 0.9984261394
v 7.114724159 6.53591156 -0.3420922458
vn 0 0.46419397 -0.8857336044
v 0.206262514 6.53591156 -0.3420922458
vn 0 0.1299093515 -0.9915258884
v 7.114724159 6.53591156 -0.9121694565
vn 0 0.1978208274 -0.9802381992
v 0.206262514 6.53591156 -0.9121694565
vn 0 0.05038814247 -0.9987297058
v 0.206262514 6.53591156 -0.862616241
vn 0 0.4639597237 0.8858563304
v 7.114724159 6.53591156 -0.862616241
vn 0 0.1298272163 0.9915366173
v 7.114724159 6.044821262 -0.9121694565
vn 0 -0.5636768937 -0.8259953856
v 0.206262514 6.044821262 -0.9121694565
vn 0 -0.6295332909 -0.7769734859
v 0.206262514 6.094536781 -0.2925071418
vn 0 6.123234263e-17 1
v 7.114724159 6.094536781 -0.2925071418
vn 0 6.123234263e-17 1
v -5.589811325 6.346683979 -0.3420922458
vn 0 0.9838788509 -0.1788362861
v -0.7138102055 6.346683979 -0.3420922458
vn 0.00431022048 0.7609726787 -0.6487696171
v -0.7138102055 6.346683979 -0.862616241
vn 0.001470059622 0.9769233465 0.2135852277
v -5.589811325 6.346683979 -0.862616241
vn 0 0.8088154793 0.5880624652
v 12.91079617 6.346683979 -0.862616241
vn 0 0.9838788509 0.1788362861
v 8.034795761 6.346683979 -0.862616241
vn -0.004310220946 0.7609727383 0.6487694979
v 8.034795761 6.346683979 -0.3420922458
vn -0.001470059855 0.9769233465 -0.213585183
v 12.91079617 6.346683979 -0.3420922458
vn 0 0.8088154793 -0.5880624652
v -5.589811325 6.53591156 -0.2925071418
vn 0 0.219219476 0.9756755829
v -0.7138102055 6.53591156 -0.2925071418
vn 0 0.05608279631 0.9984261394
v -0.7138102055 6.53591156 -0.3420922458
vn 0 0.46419397 -0.8857336044
v -5.589811325 6.53591156 -0.3420922458
vn 0 0.1299093515 -0.9915258884
v 12.91079617 6.53591156 -0.3420922458
vn 0 0.46419397 -0.8857336044
v 8.034795761 6.53591156 -0.3420922458
vn 0 0.1299093515 -0.9915258884
v 8.034795761 6.53591156 -0.2925071418
vn 0 0.219219476 0.9756755829
v 12.91079617 6.53591156 -0.2925071418
vn 0 0.05608279631 0.9984261394
v 12.91079617 6.53591156 -0.9121694565
vn 0 0.1978208274 -0.9802381992
v 8.034795761 6.53591156 -0.9121694565
vn 0 0.05038814247 -0.9987297058
v 8.034795761 6.53591156 -0.862616241
vn 0 0.4639597237 0.8858563304
v 12.91079617 6.53591156 -0.862616241
vn 0 0.1298272163 0.9915366173
v -5.589811325 6.53591156 -0.862616241
vn 0 0.4639597237 0.8858563304
v -0.7138102055 6.53591156 -0.862616241
vn 0 0.1298272163 0.9915366173
v -0.7138102055 6.53591156 -0.9121694565
vn 0 0.1978208274 -0.9802381992
v -5.589811325 6.53591156 -0.9121694565
vn 0 0.05038814247 -0.9987297058
v -0.7138102055 6.044821262 -0.9121694565
vn 0 -0.5551691055 -0.8317375183
v -5.589811325 6.044821262 -0.9121694565
vn 0 -0.5869817734 -0.8096001148
v 12.91079617 6.044821262 -0.9121694565
vn 0 -0.5869817734 -0.8096001148
v 8.034795761 6.044821262 -0.9121694565
vn 0 -0.6432450414 -0.7656604052
v 8.034795761 6.094536781 -0.2925071418
vn 0 6.123234263e-17 1
v 12.91079617 6.094536781 -0.2925071418
vn 0 6.123234263e-17 1
v -5.589811325 6.094536781 -0.2925071418
vn 0 6.123234263e-17 1
v -0.7138102055 6.094536781 -0.2925071418
vn 0 6.123234263e-17 1
v 0.1797944754 6.331830502 -0.8357169628
vn -0.6870843172 0.1896751523 0.7013832927
v 0.1797944754 6.331830502 -0.3689914942
vn -0.28248927 0.115799889 -0.9522553086
v -0.6873421669 6.331830502 -0.3689914942
vn 0.6870843172 0.1896751523 -0.7013832927
v -0.6873421669 6.331830502 -0.8357169628
vn 0.28248927 0.115799889 0.9522553086
v 7.141191483 6.331830502 -0.3689914942
vn 0.6870847344 0.1896738112 -0.7013831735
v 7.141191483 6.331830502 -0.8357169628
vn 0.2824895084 0.1157978848 0.9522554874
v 8.008327484 6.331830502 -0.8357169628
vn -0.687084496 0.189675495 0.7013829947
v 8.008327484 6.331830502 -0.3689914942
vn -0.282489419 0.1158006042 -0.9522551894
v 0.1797944754 6.104755402 -0.8357169628
vn -0.1169306338 0.8930519223 0.4344945252
v 0.1797944754 6.104755402 -0.3689914942
vn -0.4260673523 0.8135170937 -0.3957986236
v -0.6873421669 6.104755402 -0.3689914942
vn 0.1169306338 0.8930519223 -0.4344945252
v -0.6873421669 6.104755402 -0.8357169628
vn 0.4260673523 0.8135170937 0.3957986236
v 7.141191483 6.104755402 -0.3689914942
vn 0.1169307157 0.8930519223 -0.4344945252
v 7.141191483 6.104755402 -0.8357169628
vn 0.4260675907 0.8135169744 0.3957985938
v 8.008327484 6.104755402 -0.8357169628
vn -0.1169307157 0.8930519223 0.4344945252
v 8.008327484 6.104755402 -0.3689914942
vn -0.4260675907 0.8135169744 -0.3957985938
v -0.7138102055 6.044821262 -0.5561158061
vn 0 -1 6.123234263e-17
v -5.589811325 6.044821262 -0.5561158061
vn 0 -1 6.123234263e-17
v 7.114724159 6.044821262 -0.5561158061
vn 0 -1 6.123234263e-17
v 0.206262514 6.044821262 -0.5561158061
vn 0 -1 6.123234263e-17
v 12.91079617 6.044821262 -0.5561158061
vn 0 -1 6.123234263e-17
v 8.034795761 6.044821262 -0.5561158061
vn 0 -1 6.123234263e-17
v 0.206262514 -1.701138139 -0.3420922458
vn -0.001043586526 -0.9790689349 -0.2035263777
v 0.206262514 -1.701138139 -0.862616241
vn -0.003115272615 -0.7747248411 0.6322908998
v 7.114724159 -1.701138139 -0.862616241
vn 0.001043586526 -0.9790689349 0.2035263479
v 7.114724159 -1.701138139 -0.3420922458
vn 0.003115273314 -0.7747247815 -0.6322908998
v 0.206262514 -1.890365601 -0.2925071418
vn 0 -0.2192200422 0.9756754637
v 0.206262514 -1.890365601 -0.3420922458
vn 0 -0.1299095601 -0.9915258288
v 7.114724159 -1.890365601 -0.3420922458
vn 0 -0.4641945362 -0.8857332468
v 7.114724159 -1.890365601 -0.2925071418
vn 0 -0.05608294532 0.9984261394
v 7.114724159 -1.890365601 -0.9121694565
vn 0 -0.1978215128 -0.98023808
v 7.114724159 -1.890365601 -0.862616241
vn 0 -0.1298274249 0.9915366173
v 0.206262514 -1.890365601 -0.862616241
vn 0 -0.46396029 0.8858559728
v 0.206262514 -1.890365601 -0.9121694565
vn 0 -0.05038832501 -0.9987297058
v 0.206262514 -1.399276972 -0.9121694565
vn 0 0.6295346618 -0.7769723535
v 7.114724159 -1.399276972 -0.9121694565
vn 0 0.5636782646 -0.825994432
v 7.114724159 -1.448992014 -0.2925071418
vn 0 6.123234263e-17 1
v 0.206262514 -1.448992014 -0.2925071418
vn 0 6.123234263e-17 1
v -5.589811325 -1.701138139 -0.3420922458
vn 0 -0.9838789105 -0.1788360178
v -5.589811325 -1.701138139 -0.862616241
vn 0 -0.8088159561 0.5880618691
v -0.7138102055 -1.701138139 -0.862616241
vn 0.001470118645 -0.9769233465 0.2135851085
v -0.7138102055 -1.701138139 -0.3420922458
vn 0.004310395569 -0.7609730959 -0.6487691402
v 12.91079617 -1.701138139 -0.862616241
vn 0 -0.9838789105 0.1788360178
v 12.91079617 -1.701138139 -0.3420922458
vn 0 -0.8088159561 -0.5880618691
v 8.034795761 -1.701138139 -0.3420922458
vn -0.001470118994 -0.9769233465 -0.2135850638
v 8.034795761 -1.701138139 -0.862616241
vn -0.0043103965 -0.7609731555 0.648769021
v -5.589811325 -1.890365601 -0.2925071418
vn 0 -0.2192200422 0.9756754637
v -5.589811325 -1.890365601 -0.3420922458
vn 0 -0.1299095601 -0.9915258288
v -0.7138102055 -1.890365601 -0.3420922458
vn 0 -0.4641945362 -0.8857332468
v -0.7138102055 -1.890365601 -0.2925071418
vn 0 -0.05608294532 0.9984261394
v 12.91079617 -1.890365601 -0.3420922458
vn 0 -0.4641945362 -0.8857332468
v 12.91079617 -1.890365601 -0.2925071418
vn 0 -0.05608294532 0.9984261394
v 8.034795761 -1.890365601 -0.2925071418
vn 0 -0.2192200422 0.9756754637
v 8.034795761 -1.890365601 -0.3420922458
vn 0 -0.1299095601 -0.9915258288
v 12.91079617 -1.890365601 -0.9121694565
vn 0 -0.1978215128 -0.98023808
v 12.91079617 -1.890365601 -0.862616241
vn 0 -0.1298274249 0.9915366173
v 8.034795761 -1.890365601 -0.862616241
vn 0 -0.46396029 0.8858559728
v 8.034795761 -1.890365601 -0.9121694565
vn 0 -0.05038832501 -0.9987297058
v -5.589811325 -1.890365601 -0.862616241
vn 0 -0.46396029 0.8858559728
v -5.589811325 -1.890365601 -0.9121694565
vn 0 -0.05038832501 -0.9987297058
v -0.7138102055 -1.890365601 -0.9121694565
vn 0 -0.1978215128 -0.98023808
v -0.7138102055 -1.890365601 -0.862616241
vn 0 -0.1298274249 0.9915366173
v -5.589811325 -1.399276972 -0.9121694565
vn 0 0.5869832039 -0.8095991015
v -0.7138102055 -1.399276972 -0.9121694565
vn 0 0.555170536 -0.8317365646
v 12.91079617 -1.399276972 -0.9121694565
vn 0 0.5869832039 -0.8095991015
v 8.034795761 -1.399276972 -0.9121694565
vn 0 0.6432464123 -0.7656592131
v 12.91079617 -1.448992014 -0.2925071418
vn 0 6.123234263e-17 1
v 8.034795761 -1.448992014 -0.2925071418
vn 0 6.123234263e-17 1
v -5.589811325 -1.448992014 -0.2925071418
vn 0 6.123234263e-17 1
v -0.7138102055 -1.448992014 -0.2925071418
vn 0 6.123234263e-17 1
v 0.1797944754 -1.686284065 -0.3689914942
vn -0.2824904025 -0.115800716 -0.9522548914
v 0.1797944754 -1.686284065 -0.8357169628
vn -0.6870826483 -0.1896761507 0.701384604
v -0.6873421669 -1.686284065 -0.3689914942
vn 0.6870826483 -0.1896761507 -0.701384604
v -0.6873421669 -1.686284065 -0.8357169628
vn 0.2824904025 -0.115800716 0.9522548914
v 7.141191483 -1.686284065 -0.8357169628
vn 0.2824906409 -0.1157987118 0.9522550702
v 7.141191483 -1.686284065 -0.3689914942
vn 0.6870831251 -0.1896748096 -0.7013845444
v 8.008327484 -1.686284065 -0.8357169628
vn -0.6870828867 -0.1896764934 0.701384306
v 8.008327484 -1.686284065 -0.3689914942
vn -0.2824905515 -0.1158014312 -0.9522547722
v 0.1797944754 -1.45921123 -0.3689914942
vn -0.4260647595 -0.8135195971 -0.3957962394
v 0.1797944754 -1.45921123 -0.8357169628
vn -0.116929777 -0.8930535913 0.4344913661
v -0.6873421669 -1.45921123 -0.3689914942
vn 0.116929777 -0.8930535913 -0.4344913661
v -0.6873421669 -1.45921123 -0.8357169628
vn 0.4260647595 -0.8135195971 0.3957962394
v 7.141191483 -1.45921123 -0.8357169628
vn 0.4260649979 -0.8135195374 0.3957961798
v 7.141191483 -1.45921123 -0.3689914942
vn 0.1169298589 -0.8930535913 -0.4344913363
v 8.008327484 -1.45921123 -0.8357169628
vn -0.1169298589 -0.8930535913 0.4344913363
v 8.008327484 -1.45921123 -0.3689914942
vn -0.4260649979 -0.8135195374 -0.3957961798
v -5.589811325 -1.399276972 -0.5561158061
vn 0 1 -6.123234263e-17
v -0.7138102055 -1.399276972 -0.5561158061
vn 0 1 -6.123234263e-17
v 0.206262514 -1.399276972 -0.5561158061
vn 0 1 -6.123234263e-17
v 7.114724159 -1.399276972 -0.5561158061
vn 0 1 -6.123234263e-17
v 8.034795761 -1.399276972 -0.5561158061
vn 0 1 -6.123234263e-17
v 12.91079617 -1.399276972 -0.5561158061
vn 0 1 -6.123234263e-17
v -5.60767746 6.531475544 7.324295044
vn 5.32288359e-05 0.9985631108 0.05358814076
v 12.91778851 6.531192303 7.341958523
vn -2.893599776e-05 0.9989247918 0.0463601537
v 12.91777229 6.529436588 7.038681984
vn 8.538345719e-05 0.7423509955 -0.6700111628
v -5.607693672 6.533222675 7.038575649
vn 0.0001530318987 0.7295722365 -0.6839037538
v 12.91779232 6.514588356 7.358621597
vn -0.0009509654483 0.06256704032 0.9980403185
v -5.60767746 6.514674187 7.340958118
vn -0.0009513014229 0.06252382696 0.9980430007
v -5.60767746 6.265489578 7.340958118
vn -0.0008134848904 -0.5174556375 0.855709672
v 12.91779232 6.265575409 7.358621597
vn -0.000257182779 -0.9284349084 0.3714949787
v -5.607699394 6.263640881 7.038575649
vn 8.319115295e-05 -0.7603569031 -0.649505496
v 12.91777229 6.267426968 7.038681984
vn 0.0001613226195 -0.7714782357 -0.6362556815
v 12.91778851 -1.885791183 7.341937065
vn -5.107772813e-05 -0.9985628724 0.05359246209
v -5.60767746 -1.885780811 7.324379921
vn -5.284345025e-05 -0.9984772801 0.05516470596
v -5.607691765 -1.885784626 7.038628578
vn -2.102697891e-07 -0.7526607513 -0.6584085226
v 12.91777515 -1.885784626 7.038628578
vn 0 -0.7621372938 -0.6474153996
v -5.607673645 -1.869077802 7.341022015
vn -0.000945226755 -0.0644383952 0.9979212284
v 12.91779232 -1.869091153 7.358568192
vn -0.0009452141239 -0.06441482902 0.9979227781
v 12.91779232 -1.628138781 7.358568192
vn -0.0007892969879 0.553123951 0.8330985904
v -5.607673645 -1.628146887 7.341022015
vn -0.0003421511792 0.9325499535 0.3610408306
v 12.91777515 -1.628138781 7.038628578
vn -1.719956089e-07 0.7702426314 -0.6377509236
v -5.607691765 -1.628138781 7.038628578
vn 8.06047092e-23 0.7611892819 -0.648529768
v 13.58155918 -1.595420361 6.676552773
vn 0.8934499621 0.4491627216 -2.750328387e-17
v 13.58155918 -1.728295445 6.676552773
vn 0.8934499621 -0.4491627216 2.750328387e-17
v 13.58155918 -1.728295445 -0.1490515769
vn 0.8934499621 -0.4491627216 2.750328387e-17
v 13.58155918 -1.595420361 -0.1490515769
vn 0.8934499621 0.4491627216 -2.750328387e-17
v 13.58155918 2.189897299 -0.1490515769
vn 0.8934497237 -0.4491631687 2.7503312e-17
v 13.58155918 2.322772264 -0.1490515769
vn 0.8934497237 0.4491631687 -2.7503312e-17
v 13.58155918 2.322772264 6.676552773
vn 0.8934497237 0.4491631687 -2.7503312e-17
v 13.58155918 2.189897299 6.676552773
vn 0.8934497237 -0.4491631687 2.7503312e-17
v 13.58155918 -1.579679012 -0.1771107614
vn 0.8654533029 3.067676395e-17 0.5009895563
v 13.58155918 -1.579679012 -0.2925071418
vn 0.8654533029 -3.067676395e-17 -0.5009895563
v 13.58155918 2.174155951 -0.2925071418
vn 0.8654533029 -3.067676395e-17 -0.5009895563
v 13.58155918 2.174155951 -0.1771107614
vn 0.8654533029 3.067676395e-17 0.5009895563
v 13.58155918 2.174155951 6.704611778
vn 0.8654538989 -3.067670439e-17 -0.5009886026
v 13.58155918 2.174155951 6.820008278
vn 0.8654538989 3.067670439e-17 0.5009886026
v 13.58155918 -1.579679012 6.820008278
vn 0.8654538989 3.067670439e-17 0.5009886026
v 13.58155918 -1.579679012 6.704611778
vn 0.8654538989 -3.067670439e-17 -0.5009886026
v 13.58155918 -1.595420361 -0.1771107614
vn 0.9972673655 0.04915421829 0.0551513359
v 13.58155918 -1.728295445 -0.1771107614
vn 0.8934499621 -0.4491627216 2.750328387e-17
v 13.58155918 -1.728295445 -0.2925071418
vn 0.8649955392 -0.4348579049 -0.2503623068
v 13.58155918 -1.595420361 -0.2925071418
vn 0.6738670468 -4.524167415e-17 -0.7388526201
v 13.58155918 -1.728295445 6.704611778
vn 0.8934499621 -0.4491627216 2.750328387e-17
v 13.58155918 -1.595420361 6.704611778
vn 0.9877126813 0.1504729539 -0.04220834374
v 13.58155918 -1.595420361 6.820008278
vn 0.9523982406 1.866708911e-17 0.3048567176
v 13.58155918 -1.728295445 6.820008278
vn 0.620996356 -0.3121925592 0.7189571261
v 13.58155918 2.189897299 6.704611778
vn 0.9972673655 -0.04915367067 -0.05515153334
v 13.58155918 2.322772264 6.704611778
vn 0.8934497237 0.4491631687 -2.7503312e-17
v 13.58155918 2.322772264 6.820008278
vn 0.8649954796 0.4348584116 0.2503616214
v 13.58155918 2.189897299 6.820008278
vn 0.6738680601 4.52416179e-17 0.7388516665
v 13.58155918 2.322772264 -0.1771107614
vn 0.8934497237 0.4491631687 -2.7503312e-17
v 13.58155918 2.189897299 -0.1771107614
vn 0.9877124429 -0.1504744291 0.04220848531
v 13.58155918 2.189897299 -0.2925071418
vn 0.9523979425 -1.866714205e-17 -0.3048575521
v 13.58155918 2.322772264 -0.2925071418
vn 0.6209954619 0.3121924996 -0.718957901
v 13.51475906 -1.728295445 -0.1490515769
vn -0.9694747925 -0.2451908886 1.501361267e-17
v 13.51475906 -1.728295445 6.676552773
vn -0.707351625 -0.7068618536 4.328280458e-17
v 13.51475906 -1.595420361 6.676552773
vn -0.9694748521 0.2451908737 -1.501361101e-17
v 13.51475906 -1.595420361 -0.1490515769
vn -0.707351625 0.7068618536 -4.328280458e-17
v 13.51475906 2.322772264 6.676552773
vn -0.9694747329 0.2451911569 -1.501362921e-17
v 13.51475906 2.322772264 -0.1490515769
vn -0.7073512077 0.7068622708 -4.328283105e-17
v 13.51475906 2.189897299 -0.1490515769
vn -0.9694747329 -0.2451911718 1.501362921e-17
v 13.51475906 2.189897299 6.676552773
vn -0.7073512077 -0.7068622708 4.328283105e-17
v 13.51475906 2.174155951 -0.2925071418
vn -0.9601063132 -1.712271974e-17 -0.2796352208
v 13.51475906 -1.579679012 -0.2925071418
vn -0.6560069323 -4.6215408e-17 -0.7547549009
v 13.51475906 -1.579679012 -0.1771107614
vn -0.9601063132 1.712271974e-17 0.2796352208
v 13.51475906 2.174155951 -0.1771107614
vn -0.6560069323 4.6215408e-17 0.7547549009
v 13.51475906 -1.579679012 6.820008278
vn -0.960106492 1.712267838e-17 0.2796345651
v 13.51475906 2.174155951 6.820008278
vn -0.6560078859 4.621535506e-17 0.7547540665
v 13.51475906 2.174155951 6.704611778
vn -0.960106492 -1.712267838e-17 -0.2796345651
v 13.51475906 -1.579679012 6.704611778
vn -0.6560078859 -4.621535506e-17 -0.7547540665
v 13.51475906 -1.728295445 -0.2925071418
vn -0.8456737399 -0.2125721276 -0.4895396531
v 13.51475906 -1.728295445 -0.1771107614
vn -0.7966518998 -0.6044383645 3.701117411e-17
v 13.51475906 -1.595420361 -0.1771107614
vn -0.9947997332 0.09806518257 0.02750743553
v 13.51475906 -1.595420361 -0.2925071418
vn -0.8421990871 -3.301443923e-17 -0.5391666889
v 13.51475906 -1.595420361 6.820008278
vn -0.8768752813 2.943548349e-17 0.4807179272
v 13.51475906 -1.595420361 6.704611778
vn -0.9935103059 0.07567809522 -0.08491218835
v 13.51475906 -1.728295445 6.704611778
vn -0.9487480521 -0.3160335124 1.935147022e-17
v 13.51475906 -1.728295445 6.820008278
vn -0.6528785825 -0.6564413309 0.3779343367
v 13.51475906 2.322772264 6.820008278
vn -0.8456741571 0.212572515 0.4895386696
v 13.51475906 2.322772264 6.704611778
vn -0.7966507077 0.6044399738 -3.701127338e-17
v 13.51475906 2.189897299 6.704611778
vn -0.9947998524 -0.09806410223 -0.02750753611
v 13.51475906 2.189897299 6.820008278
vn -0.842199564 3.301438959e-17 0.5391659141
v 13.51475906 2.189897299 -0.2925071418
vn -0.8768748045 -2.943553643e-17 -0.4807187915
v 13.51475906 2.189897299 -0.1771107614
vn -0.9935102463 -0.07567884773 0.08491248637
v 13.51475906 2.322772264 -0.1771107614
vn -0.9487476349 0.3160347044 -1.935154467e-17
v 13.51475906 2.322772264 -0.2925071418
vn -0.6528779864 0.6564415097 -0.3779349625
v 13.58155918 2.46437645 6.676552773
vn 0.8934497237 0.4491631687 -2.7503312e-17
v 13.58155918 2.331501484 6.676552773
vn 0.8934497237 -0.4491631687 2.7503312e-17
v 13.58155918 2.331501484 -0.1490515769
vn 0.8934497237 -0.4491631687 2.7503312e-17
v 13.58155918 2.46437645 -0.1490515769
vn 0.8934497237 0.4491631687 -2.7503312e-17
v 13.58155918 6.249693871 -0.1490515769
vn 0.8934495449 -0.4491635263 2.750333351e-17
v 13.58155918 6.382568836 -0.1490515769
vn 0.8934495449 0.4491635263 -2.750333351e-17
v 13.58155918 6.382568836 6.676552773
vn 0.8934495449 0.4491635263 -2.750333351e-17
v 13.58155918 6.249693871 6.676552773
vn 0.8934495449 -0.4491635263 2.750333351e-17
v 13.58155918 2.480117798 -0.1771107614
vn 0.8654533029 3.067676395e-17 0.5009895563
v 13.58155918 2.480117798 -0.2925071418
vn 0.8654533029 -3.067676395e-17 -0.5009895563
v 13.58155918 6.23395443 -0.2925071418
vn 0.8654533029 -3.067676395e-17 -0.5009895563
v 13.58155918 6.23395443 -0.1771107614
vn 0.8654533029 3.067676395e-17 0.5009895563
v 13.58155918 6.23395443 6.704611778
vn 0.8654538989 -3.067670439e-17 -0.5009886026
v 13.58155918 6.23395443 6.820008278
vn 0.8654538989 3.067670439e-17 0.5009886026
v 13.58155918 2.480117798 6.820008278
vn 0.8654538989 3.067670439e-17 0.5009886026
v 13.58155918 2.480117798 6.704611778
vn 0.8654538989 -3.067670439e-17 -0.5009886026
v 13.58155918 2.46437645 -0.1771107614
vn 0.9972673655 0.04915425181 0.05515160412
v 13.58155918 2.331501484 -0.1771107614
vn 0.8934497237 -0.4491631687 2.7503312e-17
v 13.58155918 2.331501484 -0.2925071418
vn 0.8649953604 -0.4348583221 -0.2503622472
v 13.58155918 2.46437645 -0.2925071418
vn 0.673867166 -4.524167084e-17 -0.7388525605
v 13.58155918 2.331501484 6.704611778
vn 0.8934497237 -0.4491631687 2.7503312e-17
v 13.58155918 2.46437645 6.704611778
vn 0.9877126813 0.1504730731 -0.04220855236
v 13.58155918 2.46437645 6.820008278
vn 0.952398181 1.866709738e-17 0.3048568368
v 13.58155918 2.331501484 6.820008278
vn 0.6209962964 -0.3121929169 0.7189570069
v 13.58155918 6.249693871 6.704611778
vn 0.9972676635 -0.04915428162 -0.05514572561
v 13.58155918 6.382568836 6.704611778
vn 0.8934495449 0.4491635263 -2.750333351e-17
v 13.58155918 6.382568836 6.820008278
vn 0.8649953604 0.4348587692 0.2503615916
v 13.58155918 6.249693871 6.820008278
vn 0.6738659143 4.524173701e-17 0.7388536334
v 13.58155918 6.382568836 -0.1771107614
vn 0.8934495449 0.4491635263 -2.750333351e-17
v 13.58155918 6.249693871 -0.1771107614
vn 0.9877124429 -0.1504758745 0.0422039181
v 13.58155918 6.249693871 -0.2925071418
vn 0.9523988366 -1.86669733e-17 -0.3048548102
v 13.58155918 6.382568836 -0.2925071418
vn 0.6209954023 0.3121927679 -0.7189578414
v 13.51475906 2.331501484 -0.1490515769
vn -0.9694747329 -0.2451911718 1.501362921e-17
v 13.51475906 2.331501484 6.676552773
vn -0.7073512077 -0.7068622708 4.328283105e-17
v 13.51475906 2.46437645 6.676552773
vn -0.9694747329 0.2451911569 -1.501362921e-17
v 13.51475906 2.46437645 -0.1490515769
vn -0.7073512077 0.7068622708 -4.328283105e-17
v 13.51475906 6.382568836 6.676552773
vn -0.9694746733 0.2451913953 -1.501364245e-17
v 13.51475906 6.382568836 -0.1490515769
vn -0.7073508501 0.7068626285 -4.328285421e-17
v 13.51475906 6.249693871 -0.1490515769
vn -0.9694746733 -0.2451914102 1.50136441e-17
v 13.51475906 6.249693871 6.676552773
vn -0.7073508501 -0.7068626285 4.328285421e-17
v 13.51475906 6.23395443 -0.2925071418
vn -0.9601063728 -1.712270816e-17 -0.279635042
v 13.51475906 2.480117798 -0.2925071418
vn -0.6560069323 -4.6215408e-17 -0.7547549009
v 13.51475906 2.480117798 -0.1771107614
vn -0.9601063132 1.712271974e-17 0.2796352208
v 13.51475906 6.23395443 -0.1771107614
vn -0.6560066342 4.621542124e-17 0.7547551394
v 13.51475906 2.480117798 6.820008278
vn -0.960106492 1.712267838e-17 0.2796345651
v 13.51475906 6.23395443 6.820008278
vn -0.6560075879 4.621537161e-17 0.7547543049
v 13.51475906 6.23395443 6.704611778
vn -0.9601065516 -1.712266846e-17 -0.2796343863
v 13.51475906 2.480117798 6.704611778
vn -0.6560078859 -4.621535506e-17 -0.7547540665
v 13.51475906 2.331501484 -0.2925071418
vn -0.8456736803 -0.2125723809 -0.4895396233
v 13.51475906 2.331501484 -0.1771107614
vn -0.7966515422 -0.6044388413 3.701120389e-17
v 13.51475906 2.46437645 -0.1771107614
vn -0.9947997332 0.09806525707 0.02750756964
v 13.51475906 2.46437645 -0.2925071418
vn -0.8421989679 -3.301444915e-17 -0.5391668677
v 13.51475906 2.46437645 6.820008278
vn -0.8768753409 2.943547687e-17 0.4807178378
v 13.51475906 2.46437645 6.704611778
vn -0.9935102463 0.07567815483 -0.08491261303
v 13.51475906 2.331501484 6.704611778
vn -0.9487479329 -0.31603387 1.935149338e-17
v 13.51475906 2.331501484 6.820008278
vn -0.6528782248 -0.6564417481 0.377934128
v 13.51475906 6.382568836 6.820008278
vn -0.8456741571 0.2125727087 0.4895386398
v 13.51475906 6.382568836 6.704611778
vn -0.7966504097 0.6044403315 -3.701129654e-17
v 13.51475906 6.249693871 6.704611778
vn -0.9947998524 -0.09806528687 -0.02750463039
v 13.51475906 6.249693871 6.820008278
vn -0.8422020078 3.301415798e-17 0.5391620994
v 13.51475906 6.249693871 -0.2925071418
vn -0.8768736124 -2.943566878e-17 -0.4807209373
v 13.51475906 6.249693871 -0.1771107614
vn -0.9935109615 -0.07567963004 0.08490336686
v 13.51475906 6.382568836 -0.1771107614
vn -0.9487475157 0.3160349727 -1.935156121e-17
v 13.51475906 6.382568836 -0.2925071418
vn -0.652877748 0.656441927 -0.3779347837
v -6.272149086 6.229597569 -0.5098080635
vn -0.9776453376 -0.02284145541 -0.2090162933
v -6.272149086 6.551110744 -0.4421025515
vn -0.9963513613 0.07097376883 0.04739921167
v -6.272149086 6.320314407 -0.5395165086
vn -0.9408506751 -0.2420226634 -0.2371181846
v -6.004272938 6.569093704 -0.5126705766
vn -0.02484675683 0.97446841 -0.2231455743
v -5.732098579 6.569093704 -0.4421025515
vn 0.09256353229 0.9943395853 0.05216121674
v -5.915271282 6.569093704 -0.5424001813
vn -0.278041631 0.922681272 -0.2671180665
v -6.272149086 5.962971687 -0.4435071349
vn -0.9925908446 -0.04630006477 0.1123377606
v -6.254500866 5.946386814 -0.4421025515
vn -0.06073885784 -0.997527957 0.03533748537
v -6.254500866 5.964374542 -0.4241624475
vn -0.03466675058 -0.05660624802 0.9977945685
v -6.254500866 6.551110744 -0.4241624475
vn -0.03451245651 0.01671551168 0.9992644787
v -6.256599903 6.569093704 -0.4442092776
vn -0.05113189295 0.9925456643 0.1106283367
v -6.254500866 6.569093704 -0.9152233005
vn -0.1216649041 0.99020046 -0.06856152415
v -6.254500866 6.551110744 -0.9331523776
vn -0.03220212087 0.05657708645 -0.9978787899
v -6.272149086 6.551110744 -0.9152233005
vn -0.9929481745 0.04517303407 -0.1096052751
v -5.732098579 5.946386814 -0.4421025515
vn 0.0169167053 -0.9991867542 0.03660067171
v -5.71445322 5.964374542 -0.4421025515
vn 0.9978458285 -0.0555762127 0.03485677764
v -5.732098579 5.964374542 -0.4241624475
vn 0.0331973955 -0.01504723635 0.9993355274
v -5.732098579 6.551110744 -0.4241624475
vn 0.03209969029 0.05997418612 0.9976836443
v -5.71445322 6.551110744 -0.4421025515
vn 0.999245584 0.01479874644 0.035906028
v -6.272149086 5.964374542 -0.9152233005
vn -0.9917888045 -0.1082247198 -0.0681348294
v -6.254500866 5.964374542 -0.9331523776
vn -0.03317683563 -0.01503800042 -0.9993363619
v -6.254500866 5.946386814 -0.9152233005
vn -0.01691665687 -0.9991867542 -0.036601495
v -5.732098579 5.946386814 -0.9152233005
vn 0.0632366538 -0.9973698258 -0.03541989252
v -5.732098579 5.964374542 -0.9331523776
vn 0.03220206127 -0.05657637864 -0.9978788495
v -5.71445322 5.964374542 -0.9152233005
vn 0.999245584 -0.01479868684 -0.03590683267
v -5.732098579 6.569093704 -0.9152233005
vn 0.05634177476 0.9909416437 -0.1219027713
v -5.71445322 6.551110744 -0.9152233005
vn 0.9978457093 0.05557762086 -0.03485778719
v -5.732098579 6.551110744 -0.9331523776
vn 0.03317701817 0.01503806002 -0.9993363619
v -6.272149086 6.355759621 -0.607137084
vn -0.9236505032 -0.3815017343 -0.03641672432
v -6.272149086 6.103438854 -0.7589882612
vn -0.9809501171 0.1933807433 0.01845843531
v -6.272149086 6.138885021 -0.8266406655
vn -0.9138069153 0.2901533842 0.2841969728
v -6.272149086 6.229597569 -0.856327951
vn -0.9730930328 0.0249868948 0.2290537357
v -6.272149086 6.320314407 -0.8266406655
vn -0.9268966317 -0.1896841377 0.3238557875
v -6.272149086 6.355759621 -0.7589882612
vn -0.9935851097 -0.1097908542 0.02710405365
v -6.272149086 6.138885021 -0.5394846201
vn -0.9064151645 0.2134522051 -0.3644855917
v -5.880496979 6.569093704 -0.6100526452
vn -0.4705539942 0.8812696338 -0.04407645017
v -6.004272938 6.569093704 -0.8592113256
vn 0.02892942168 0.9651779532 0.2599895597
v -5.915271282 6.569093704 -0.8295028806
vn -0.2223556042 0.9010686874 0.3723348379
v -5.880496979 6.569093704 -0.7618504763
vn -0.1450510919 0.9888000488 0.03513783962
v -6.128039837 6.569093704 -0.7618504763
vn 0.2146503776 0.9764840007 0.02010476589
v -6.093267441 6.569093704 -0.8295028806
vn 0.312305361 0.9013514519 0.3000515699
v -6.093267441 6.569093704 -0.5424001813
vn 0.2249008268 0.8987274766 -0.3764419258
v -6.217952251 6.320314407 -0.5395165086
vn 0.9258419275 -0.1846020967 -0.3297557235
v -6.229370594 6.524609089 -0.4675972462
vn 0.2685612738 -0.1805409938 -0.9461922646
v -6.217952251 6.229597569 -0.5098080635
vn 0.9863160253 0.03809491917 -0.1604041606
v -5.915271282 6.513855457 -0.5424001813
vn -0.2126893997 -0.9022493362 -0.3751125038
v -5.75748539 6.526987076 -0.46972543
vn -0.8534036279 -0.2201360166 -0.4724852741
v -6.004272938 6.513855457 -0.5126705766
vn 0.04259762168 -0.9858565927 -0.1620872468
v -6.217952251 6.355759621 -0.607137084
vn 0.9520457983 -0.2958697975 -0.07790967077
v -6.217952251 6.138885021 -0.8266406655
vn 0.8772650957 0.2378530204 0.4169315696
v -6.217952251 6.103438854 -0.7589882612
vn 0.9901238084 0.1317804903 0.04784079641
v -6.225013256 5.988497734 -0.8917819858
vn 0.1393926293 0.6135949492 0.7772200108
v -6.217952251 6.229597569 -0.856327951
vn 0.9771032333 -0.03439061344 0.209968105
v -6.22735548 6.524209499 -0.8921652436
vn 0.4073763788 -0.2642992139 0.8741798401
v -6.217952251 6.320314407 -0.8266406655
vn 0.9308612943 -0.2657721639 0.2507236898
v -6.217952251 6.355759621 -0.7589882612
vn 0.9928429127 -0.1182326525 0.01685081422
v -6.226895332 5.988167286 -0.4677781463
vn 0.3360528946 0.5843139291 -0.7386783361
v -6.217952251 6.138885021 -0.5394846201
vn 0.9056015611 0.308203131 -0.2913702428
v -5.880496979 6.513855457 -0.6100526452
vn -0.3752706349 -0.9217318892 -0.09788899124
v -6.004272938 6.513855457 -0.8592113256
vn -0.04940004647 -0.9686902761 0.2433080524
v -5.755766392 6.521663666 -0.8911647797
vn -0.4012375176 -0.1625315398 0.9014388323
v -5.915271282 6.513855457 -0.8295028806
vn -0.3235050738 -0.8968411088 0.3016960025
v -5.880496979 6.513855457 -0.7618504763
vn -0.1645028293 -0.9859979749 0.02732724696
v -6.093267441 6.513855457 -0.8295028806
vn 0.2498421967 -0.8649637103 0.4352203012
v -6.128039837 6.513855457 -0.7618504763
vn 0.1301666498 -0.9902210832 0.05018869042
v -6.093267441 6.513855457 -0.5424001813
vn 0.3222312033 -0.8990062475 -0.2965717316
v -6.272149086 6.103438854 -0.607137084
vn -0.9161263704 0.3892042935 -0.09608604014
v -6.128039837 6.569093704 -0.6100526452
vn 0.4207288623 0.9014438987 -0.1019122899
v -6.217952251 6.103438854 -0.607137084
vn 0.8563824892 0.5143400431 -0.04542377964
v -6.128039837 6.513855457 -0.6100526452
vn 0.5545073748 -0.8308354616 -0.04726496339
v -5.757507324 5.988494396 -0.4697039723
vn -0.3379520178 0.5809357166 -0.7404742837
v -5.759245872 5.990270138 -0.8911647797
vn -0.8183094859 0.3580800891 0.449608922
v 13.72784901 6.229597569 -0.5098080635
vn 0.977648437 -0.02284044772 -0.2090020478
v 13.72784901 6.320311069 -0.5395165086
vn 0.9408555627 -0.2420106083 -0.237111181
v 13.72784901 6.551107407 -0.4421025515
vn 0.9963528514 0.07096235454 0.0473850444
v 13.45996952 6.569093704 -0.5126705766
vn 0.0248484537 0.9744670391 -0.2231513411
v 13.37097549 6.569093704 -0.5424001813
vn 0.2780561149 0.9226709008 -0.2671390176
v 13.18780231 6.569093704 -0.4421025515
vn -0.09258210659 0.9943373203 0.05217127874
v 13.72784901 5.962971687 -0.4435071349
vn 0.992595315 -0.04628620669 0.1123038307
v 13.71020603 5.964371204 -0.4241624475
vn 0.03466735408 -0.05660709366 0.9977944493
v 13.71020603 5.946386814 -0.4421025515
vn 0.06073424965 -0.9975284338 0.03533159941
v 13.71020603 6.551107407 -0.4241624475
vn 0.0345126316 0.01671562716 0.9992644787
v 13.71229935 6.569093704 -0.4442092776
vn 0.05114181712 0.9925428033 0.1106494963
v 13.71020603 6.569093704 -0.9152233005
vn 0.1216893345 0.9901965857 -0.06857408583
v 13.72784901 6.551107407 -0.9152233005
vn 0.9929524064 0.04515948147 -0.1095726863
v 13.71020603 6.551107407 -0.9331523776
vn 0.0322021991 0.05657676235 -0.9978787899
v 13.18780231 5.946386814 -0.4421025515
vn -0.01691358909 -0.9991870522 0.03659401461
v 13.18780231 5.964371204 -0.4241624475
vn -0.033197321 -0.01504727826 0.9993355274
v 13.17015648 5.964371204 -0.4421025515
vn -0.9978457689 -0.0555767864 0.034856949
v 13.18780231 6.551107407 -0.4241624475
vn -0.03209945187 0.0599732995 0.9976837039
v 13.17015648 6.551107407 -0.4421025515
vn -0.999245584 0.0147987064 0.035906028
v 13.72784901 5.964371204 -0.9152233005
vn 0.9917936921 -0.1081931889 -0.068114236
v 13.71020603 5.946386814 -0.9152233005
vn 0.01691362634 -0.9991870522 -0.03659483418
v 13.71020603 5.964371204 -0.9331523776
vn 0.03317709267 -0.0150380414 -0.9993363619
v 13.18780231 5.946386814 -0.9152233005
vn -0.0632250607 -0.9973707795 -0.03541347384
v 13.17015648 5.964371204 -0.9152233005
vn -0.999245584 -0.01479872782 -0.03590683267
v 13.18780231 5.964371204 -0.9331523776
vn -0.03220214695 -0.05657696724 -0.9978787899
v 13.18780231 6.569093704 -0.9152233005
vn -0.05635275692 0.9909380674 -0.1219268069
v 13.18780231 6.551107407 -0.9331523776
vn -0.03317694366 0.01503801905 -0.9993363619
v 13.17015648 6.551107407 -0.9152233005
vn -0.9978457689 0.05557704717 -0.03485761583
v 13.72784901 6.355759621 -0.607137084
vn 0.9236573577 -0.3814849854 -0.03641849384
v 13.72784901 6.138881207 -0.8266406655
vn 0.9138160348 0.2901395261 0.2841818631
v 13.72784901 6.103437424 -0.7589882612
vn 0.9809521437 0.1933707893 0.01845624298
v 13.72784901 6.320311069 -0.8266406655
vn 0.9269052744 -0.1896754801 0.323836118
v 13.72784901 6.229597569 -0.856327951
vn 0.9730950594 0.02498555928 0.2290452421
v 13.72784901 6.355759621 -0.7589882612
vn 0.9935855865 -0.1097862422 0.02710542083
v 13.72784901 6.138885021 -0.5394846201
vn 0.906423986 0.2134415209 -0.3644698262
v 13.33619499 6.569093704 -0.6100526452
vn 0.4705772102 0.8812567592 -0.04408618063
v 13.45996952 6.569093704 -0.8592113256
vn -0.02893106453 0.9651737809 0.2600049078
v 13.37097549 6.569093704 -0.8295028806
vn 0.2223683149 0.901063621 0.3723394275
v 13.33619499 6.569093704 -0.7618504763
vn 0.1450631469 0.9887979627 0.03514678404
v 13.54896832 6.569093704 -0.8295028806
vn -0.3123045564 0.9013410807 0.300083518
v 13.58374691 6.569093704 -0.7618504763
vn -0.214667514 0.9764801264 0.02011016198
v 13.54896832 6.569093704 -0.5424001813
vn -0.2249033153 0.8987140656 -0.3764724433
v 13.67365456 6.320311069 -0.5395165086
vn -0.9258499146 -0.1845953017 -0.3297370374
v 13.67365456 6.229597569 -0.5098080635
vn -0.9863212109 0.03808785602 -0.1603737921
v 13.68507195 6.524605751 -0.4675972462
vn -0.2685581744 -0.1805380732 -0.9461936951
v 13.37097549 6.513852119 -0.5424001813
vn 0.2127036601 -0.9022438526 -0.3751176298
v 13.45996952 6.513852119 -0.5126705766
vn -0.04259999469 -0.9858527184 -0.1621101946
v 13.21318817 6.526983738 -0.46972543
vn 0.8534058928 -0.2201324105 -0.4724828899
v 13.67365456 6.355759621 -0.607137084
vn -0.9520487785 -0.2958590984 -0.07791377604
v 13.67365456 6.138881207 -0.8266406655
vn -0.8772659898 0.2378494591 0.4169316888
v 13.6807127 5.988494396 -0.8917819858
vn -0.1393897533 0.6135958433 0.7772198319
v 13.67365456 6.103437424 -0.7589882612
vn -0.9901246428 0.1317733526 0.04784376919
v 13.67365456 6.229597569 -0.856327951
vn -0.977101922 -0.03438460082 0.2099751681
v 13.67365456 6.320311069 -0.8266406655
vn -0.9308680296 -0.2657566965 0.2507150769
v 13.68305683 6.524209499 -0.8921652436
vn -0.4073707163 -0.2642943859 0.8741839528
v 13.67365456 6.355759621 -0.7589882612
vn -0.9928434491 -0.1182283834 0.01685083471
v 13.68260002 5.988163948 -0.4677781463
vn -0.3360514641 0.5843158364 -0.7386775017
v 13.67365456 6.138885021 -0.5394846201
vn -0.905618608 0.3081757426 -0.291346252
v 13.33619499 6.513852119 -0.6100526452
vn 0.3752952516 -0.9217194915 -0.09791168571
v 13.45996952 6.513852119 -0.8592113256
vn 0.04940862209 -0.9686952233 0.2432864606
v 13.21146679 6.521660328 -0.8911647797
vn 0.4012387097 -0.1625278741 0.9014389515
v 13.37097549 6.513852119 -0.8295028806
vn 0.3235182464 -0.8968288302 0.3017183542
v 13.33619499 6.513852119 -0.7618504763
vn 0.1645194441 -0.9859950542 0.02733235992
v 13.54896832 6.513852119 -0.8295028806
vn -0.2498343736 -0.8649553657 0.4352413416
v 13.58374691 6.513852119 -0.7618504763
vn -0.130168274 -0.9902204275 0.05019701272
v 13.54896832 6.513852119 -0.5424001813
vn -0.3222354054 -0.8989921212 -0.2966100276
v 13.72784901 6.103437424 -0.607137084
vn 0.9161337614 0.3891869187 -0.09608579427
v 13.58374691 6.569093704 -0.6100526452
vn -0.4207544923 0.9014290571 -0.1019377187
v 13.2132082 5.988494396 -0.4697039723
vn 0.3379551768 0.5809354186 -0.740473032
v 13.21495056 5.990270138 -0.8911647797
vn 0.8183117509 0.3580794632 0.4496053159
v 13.67365456 6.103437424 -0.607137084
vn -0.8564074636 0.514298737 -0.04542072862
v 13.58374691 6.513852119 -0.6100526452
vn -0.5545380712 -0.830814302 -0.04727680609
v 13.72784901 -1.584051013 -0.5098080635
vn 0.977648437 0.02284048311 -0.2090021372
v 13.72784901 -1.905562639 -0.4421025515
vn 0.9963528514 -0.07096239179 0.04738506675
v 13.72784901 -1.674765468 -0.5395165086
vn 0.9408550858 0.2420078516 -0.2371159196
v 13.45996952 -1.923549294 -0.5126705766
vn 0.0248484537 -0.9744670391 -0.2231513411
v 13.18780231 -1.923549294 -0.4421025515
vn -0.09258361906 -0.9943371415 0.05217213556
v 13.37097549 -1.923549294 -0.5424001813
vn 0.2780561149 -0.9226709008 -0.2671390176
v 13.72784901 -1.317427278 -0.4435071349
vn 0.9925951958 0.04628656432 0.112304613
v 13.71020603 -1.300841451 -0.4421025515
vn 0.06073942035 0.9975280166 0.03533561528
v 13.71020603 -1.318827987 -0.4241624475
vn 0.03466717899 0.05660685897 0.9977945089
v 13.71020603 -1.905562639 -0.4241624475
vn 0.0345126614 -0.01671566442 0.9992644787
v 13.71229935 -1.923549294 -0.4442092776
vn 0.05114265159 -0.9925425649 0.1106513068
v 13.71020603 -1.923549294 -0.9152233005
vn 0.1216913089 -0.9901962876 -0.06857519597
v 13.71020603 -1.905562639 -0.9331523776
vn 0.0322021842 -0.0565768443 -0.9978787899
v 13.72784901 -1.905562639 -0.9152233005
vn 0.9929524064 -0.04515952989 -0.1095725596
v 13.18780231 -1.300841451 -0.4421025515
vn -0.01691554673 0.9991868734 0.03659825027
v 13.17015648 -1.318827987 -0.4421025515
vn -0.9978458285 0.05557655543 0.03485683724
v 13.18780231 -1.318827987 -0.4241624475
vn -0.033197321 0.01504728943 0.9993355274
v 13.18780231 -1.905562639 -0.4241624475
vn -0.03209942952 -0.05997338891 0.9976837039
v 13.17015648 -1.905562639 -0.4421025515
vn -0.999245584 -0.01479873993 0.035906028
v 13.72784901 -1.318827987 -0.9152233005
vn 0.9917936325 0.1081933677 -0.06811454892
v 13.71020603 -1.318827987 -0.9331523776
vn 0.03317709267 0.01503805257 -0.9993363619
v 13.71020603 -1.300841451 -0.9152233005
vn 0.01691558398 0.9991868734 -0.03659906983
v 13.18780231 -1.300841451 -0.9152233005
vn -0.06323235482 0.9973701835 -0.03541756049
v 13.18780231 -1.318827987 -0.9331523776
vn -0.03220204636 0.05657672882 -0.9978787899
v 13.17015648 -1.318827987 -0.9152233005
vn -0.999245584 0.01479873899 -0.03590683267
v 13.18780231 -1.923549294 -0.9152233005
vn -0.05635367334 -0.9909377694 -0.1219287887
v 13.17015648 -1.905562639 -0.9152233005
vn -0.9978457689 -0.05557712913 -0.0348575972
v 13.18780231 -1.905562639 -0.9331523776
vn -0.03317694366 -0.01503805257 -0.9993363619
v 13.72784901 -1.710215926 -0.607137084
vn 0.9236574769 0.3814844191 -0.03642058372
v 13.72784901 -1.457890391 -0.7589882612
vn 0.980951488 -0.1933739334 0.01845778711
v 13.72784901 -1.493336678 -0.8266406655
vn 0.9138143063 -0.2901399136 0.2841869295
v 13.72784901 -1.584051013 -0.856327951
vn 0.9730955362 -0.02498565242 0.2290433347
v 13.72784901 -1.674765468 -0.8266406655
vn 0.9269049168 0.1896734238 0.323838383
v 13.72784901 -1.710215926 -0.7589882612
vn 0.9935854673 0.1097866222 0.02710711025
v 13.72784901 -1.493340492 -0.5394846201
vn 0.9064251781 -0.2134415805 -0.3644669056
v 13.33619499 -1.923549294 -0.6100526452
vn 0.4705772102 -0.8812567592 -0.04408618063
v 13.45996952 -1.923549294 -0.8592113256
vn -0.02893106453 -0.9651737809 0.2600049078
v 13.37097549 -1.923549294 -0.8295028806
vn 0.2223683149 -0.901063621 0.3723394275
v 13.33619499 -1.923549294 -0.7618504763
vn 0.1450631469 -0.9887979627 0.03514678404
v 13.58374691 -1.923549294 -0.7618504763
vn -0.214667514 -0.9764801264 0.02011016198
v 13.54896832 -1.923549294 -0.8295028806
vn -0.3123045564 -0.9013410807 0.300083518
v 13.54896832 -1.923549294 -0.5424001813
vn -0.2249033153 -0.8987140656 -0.3764724433
v 13.67365456 -1.674765468 -0.5395165086
vn -0.9258502126 0.1845925152 -0.3297376931
v 13.68507195 -1.879062414 -0.4675972462
vn -0.2685578167 0.1805379242 -0.9461938143
v 13.67365456 -1.584051013 -0.5098080635
vn -0.9863219857 -0.03808773309 -0.1603690386
v 13.37097549 -1.86830771 -0.5424001813
vn 0.2127027363 0.9022445083 -0.3751165271
v 13.21318817 -1.881439447 -0.46972543
vn 0.8534060717 0.2201328874 -0.4724823833
v 13.45996952 -1.86830771 -0.5126705766
vn -0.04259859025 0.9858545661 -0.1620990932
v 13.67365456 -1.710215926 -0.607137084
vn -0.9520491958 0.2958567142 -0.0779177323
v 13.67365456 -1.493336678 -0.8266406655
vn -0.8772665262 -0.2378506064 0.4169299006
v 13.67365456 -1.457890391 -0.7589882612
vn -0.9901242256 -0.1317750663 0.04784705117
v 13.6807127 -1.342951179 -0.8917819858
vn -0.1393856406 -0.6135956645 0.7772206664
v 13.67365456 -1.584051013 -0.856327951
vn -0.9771017432 0.03438469395 0.2099758983
v 13.68305683 -1.878664851 -0.8921652436
vn -0.407371223 0.2642949224 0.8741835356
v 13.67365456 -1.674765468 -0.8266406655
vn -0.9308674932 0.265753597 0.2507203221
v 13.67365456 -1.710215926 -0.7589882612
vn -0.9928434491 0.1182283387 0.0168515332
v 13.68260002 -1.342617393 -0.4677781463
vn -0.3360457122 -0.5843170881 -0.738679111
v 13.67365456 -1.493340492 -0.5394846201
vn -0.9056187272 -0.3081728518 -0.2913489938
v 13.33619499 -1.86830771 -0.6100526452
vn 0.3752936423 0.9217201471 -0.09791145474
v 13.45996952 -1.86830771 -0.8592113256
vn 0.04940765724 0.9686965346 0.2432816476
v 13.21146679 -1.876116514 -0.8911647797
vn 0.4012385905 0.1625282168 0.9014389515
v 13.37097549 -1.86830771 -0.8295028806
vn 0.3235165179 0.8968302608 0.30171597
v 13.33619499 -1.86830771 -0.7618504763
vn 0.1645160317 0.9859956503 0.027331708
v 13.54896832 -1.86830771 -0.8295028806
vn -0.2498343736 0.8649553657 0.4352413416
v 13.58374691 -1.86830771 -0.7618504763
vn -0.1301635206 0.990220964 0.05019873753
v 13.54896832 -1.86830771 -0.5424001813
vn -0.3222318292 0.8989950418 -0.2966050804
v 13.72784901 -1.457890391 -0.607137084
vn 0.9161326289 -0.3891878724 -0.09609249234
v 13.58374691 -1.923549294 -0.6100526452
vn -0.4207544923 -0.9014290571 -0.1019377187
v 13.67365456 -1.457890391 -0.607137084
vn -0.8564093709 -0.5142953396 -0.04542348534
v 13.58374691 -1.86830771 -0.6100526452
vn -0.5545325875 0.8308180571 -0.04727575183
v 13.2132082 -1.342951179 -0.4697039723
vn 0.3379566371 -0.580935359 -0.740472436
v 13.21495056 -1.344726801 -0.8911647797
vn 0.8183115721 -0.3580798805 0.4496053457
v -6.272149086 -1.584051013 -0.5098080635
vn -0.9776479602 0.02284038812 -0.2090042531
v -6.272149086 -1.674765468 -0.5395165086
vn -0.9408565164 0.2420110703 -0.237106815
v -6.272149086 -1.905562639 -0.4421025515
vn -0.9963521361 -0.07096789032 0.04739235714
v -6.004272938 -1.923549294 -0.5126705766
vn -0.02484824322 -0.9744653106 -0.2231589258
v -5.915271282 -1.923549294 -0.5424001813
vn -0.2780574858 -0.9226720929 -0.2671333253
v -5.732100964 -1.923549294 -0.4421025515
vn 0.09258268774 -0.9943372607 0.05217177793
v -6.272149086 -1.317427278 -0.4435071349
vn -0.9925926924 0.04629436135 0.11232353
v -6.25450325 -1.318827987 -0.4241624475
vn -0.03466707096 0.05660670996 0.9977945089
v -6.25450325 -1.300841451 -0.4421025515
vn -0.06073891744 0.9975280166 0.03533542529
v -6.25450325 -1.905562639 -0.4241624475
vn -0.03451254591 -0.01671557501 0.9992644787
v -6.256599903 -1.923549294 -0.4442092776
vn -0.05114230141 -0.9925426245 0.1106506065
v -6.25450325 -1.923549294 -0.9152233005
vn -0.1216899455 -0.9901964664 -0.06857503206
v -6.272149086 -1.905562639 -0.9152233005
vn -0.9929501414 -0.045166675 -0.1095899045
v -6.25450325 -1.905562639 -0.9331523776
vn -0.03220208362 -0.05657669902 -0.9978787899
v -5.732100964 -1.300841451 -0.4421025515
vn 0.01691558585 0.9991868734 0.03659825027
v -5.732100964 -1.318827987 -0.4241624475
vn 0.0331973955 0.01504728943 0.9993355274
v -5.714455605 -1.318827987 -0.4421025515
vn 0.9978458285 0.05557655543 0.03485683724
v -5.732100964 -1.905562639 -0.4241624475
vn 0.03209949657 -0.0599735342 0.9976837039
v -5.714455605 -1.905562639 -0.4421025515
vn 0.999245584 -0.01479873993 0.035906028
v -6.272149086 -1.318827987 -0.9152233005
vn -0.9917908907 0.108211346 -0.06812586635
v -6.25450325 -1.300841451 -0.9152233005
vn -0.01691557467 0.9991868734 -0.03659906983
v -6.25450325 -1.318827987 -0.9331523776
vn -0.03317698091 0.01503805257 -0.9993363619
v -5.732100964 -1.300841451 -0.9152233005
vn 0.06323248893 0.9973701835 -0.03541755676
v -5.714455605 -1.318827987 -0.9152233005
vn 0.999245584 0.01479873899 -0.03590683267
v -5.732100964 -1.318827987 -0.9331523776
vn 0.03220211715 0.0565767251 -0.9978787899
v -5.732100964 -1.923549294 -0.9152233005
vn 0.05635326356 -0.9909379482 -0.1219276264
v -5.732100964 -1.905562639 -0.9331523776
vn 0.03317701817 -0.01503805257 -0.9993363619
v -5.714455605 -1.905562639 -0.9152233005
vn 0.9978457689 -0.05557712913 -0.0348575972
v -6.272149086 -1.710211754 -0.607137084
vn -0.9236583114 0.3814829588 -0.03641615808
v -6.272149086 -1.493336678 -0.8266406655
vn -0.9138143063 -0.2901399136 0.2841869295
v -6.272149086 -1.457890391 -0.7589882612
vn -0.980951488 -0.1933739334 0.01845778711
v -6.272149086 -1.674765468 -0.8266406655
vn -0.926905334 0.1896755993 0.3238358796
v -6.272149086 -1.584051013 -0.856327951
vn -0.9730955362 -0.02498565242 0.2290433347
v -6.272149086 -1.710211754 -0.7589882612
vn -0.9935857654 0.1097849086 0.02710349672
v -6.272149086 -1.493336678 -0.5394846201
vn -0.9064209461 -0.2134433389 -0.3644764125
v -5.880496979 -1.923549294 -0.6100526452
vn -0.4705806673 -0.8812552691 -0.04407894611
v -6.004272938 -1.923549294 -0.8592113256
vn 0.02893102169 -0.9651740789 0.2600039244
v -5.915271282 -1.923549294 -0.8295028806
vn -0.2223677933 -0.9010572433 0.3723552525
v -5.880496979 -1.923549294 -0.7618504763
vn -0.1450616717 -0.9887983799 0.03514040262
v -6.093267441 -1.923549294 -0.8295028806
vn 0.3123139441 -0.9013411999 0.3000733852
v -6.128043175 -1.923549294 -0.7618504763
vn 0.2146647125 -0.976480782 0.02010817826
v -6.093267441 -1.923549294 -0.5424001813
vn 0.2249087989 -0.8987172246 -0.3764615953
v -6.217955112 -1.674765468 -0.5395165086
vn 0.9258352518 0.1846140325 -0.3297676742
v -6.217955112 -1.584051013 -0.5098080635
vn 0.9863122106 -0.03809707239 -0.1604269594
v -6.229370594 -1.879062414 -0.4676184058
vn 0.2685613036 0.1805415154 -0.9461921453
v -5.915271282 -1.86830771 -0.5424001813
vn -0.2127011567 0.9022383094 -0.3751323819
v -6.004272938 -1.86830771 -0.5126705766
vn 0.04259881005 0.9858507514 -0.1621221155
v -5.75748539 -1.881439447 -0.46972543
vn -0.8534026146 0.2201275975 -0.4724910855
v -6.217955112 -1.710211754 -0.607137084
vn 0.9520463347 0.2958676815 -0.07791054249
v -6.217955112 -1.493336678 -0.8266406655
vn 0.8772665262 -0.2378506064 0.4169299006
v -6.225013256 -1.342951179 -0.8917819858
vn 0.1393876523 -0.6135967374 0.7772194743
v -6.217955112 -1.457890391 -0.7589882612
vn 0.9901235104 -0.1317813694 0.04784443229
v -6.217955112 -1.584051013 -0.856327951
vn 0.9770973921 0.03438841179 0.209995538
v -6.217955112 -1.674765468 -0.8266406655
vn 0.9308636189 0.2657663226 0.2507213652
v -6.22735548 -1.878661036 -0.8921652436
vn 0.4073664546 0.2642944455 0.8741859198
v -6.217955112 -1.710211754 -0.7589882612
vn 0.9928414822 0.1182447597 0.01685159653
v -6.22689867 -1.342617393 -0.4677781463
vn 0.336037308 -0.5843001008 -0.7386963367
v -6.217955112 -1.493336678 -0.5394846201
vn 0.9056141376 -0.3081828356 -0.2913527489
v -5.880496979 -1.86830771 -0.6100526452
vn -0.3752921522 0.9217225909 -0.0978942886
v -6.004272938 -1.86830771 -0.8592113256
vn -0.04940053448 0.9686841369 0.2433323711
v -5.755768299 -1.876116514 -0.8911647797
vn -0.4012389183 0.1625294983 0.9014385343
v -5.915271282 -1.86830771 -0.8295028806
vn -0.3235220611 0.8968297243 0.3017117083
v -5.880496979 -1.86830771 -0.7618504763
vn -0.1645145565 0.9859960079 0.02732779644
v -6.093267441 -1.86830771 -0.8295028806
vn 0.2498544604 0.8649471998 0.4352460206
v -6.128043175 -1.86830771 -0.7618504763
vn 0.1301885098 0.9902174473 0.05020261556
v -6.093267441 -1.86830771 -0.5424001813
vn 0.3222708106 0.8989755511 -0.2966217101
v -6.272149086 -1.457890391 -0.607137084
vn -0.9161310196 -0.3891939223 -0.09608347714
v -6.128043175 -1.923549294 -0.6100526452
vn 0.420750618 -0.9014319777 -0.1019280478
v -5.757509708 -1.342951179 -0.4697039723
vn -0.3379421234 -0.5809293389 -0.7404837608
v -5.759250164 -1.344724178 -0.8911647797
vn -0.8183096051 -0.3580821753 0.4496071041
v -6.217955112 -1.457890391 -0.607137084
vn 0.8564005494 -0.5143103004 -0.04542065784
v -6.128043175 -1.86830771 -0.6100526452
vn 0.5545416474 0.8308121562 -0.04727247357
v -6.272149086 6.229597569 7.336882591
vn -0.9776521921 -0.02281433716 -0.2089872062
v -6.272149086 6.551107407 7.404588699
vn -0.9963513613 0.07097383589 0.04739976674
v -6.272149086 6.320311069 7.307174206
vn -0.9408513904 -0.2420642376 -0.2370729297
v -6.004272938 6.569093704 7.334020615
vn -0.02485114895 0.9744597673 -0.2231827825
v -5.732098579 6.569093704 7.404588699
vn 0.09258207679 0.9943372011 0.05217344314
v -5.915271282 6.569093704 7.304290771
vn -0.2780549228 0.9226734638 -0.2671313286
v -6.272149086 5.962971687 7.403183937
vn -0.9925904274 -0.04630053416 0.1123411804
v -6.254500866 5.946386814 7.404588699
vn -0.0607338883 -0.9975284934 0.03533204645
v -6.254500866 5.964371204 7.422517776
vn -0.03464743122 -0.05657219142 0.9977971315
v -6.254500866 6.551107407 7.422517776
vn -0.03449195623 0.01672401093 0.9992650151
v -6.256599903 6.569093704 7.402460575
vn -0.05114293471 0.9925421476 0.1106547788
v -6.254500866 6.569093704 6.93146801
vn -0.1216846108 0.9901972413 -0.06857339293
v -6.254500866 6.551107407 6.913527966
vn -0.03222168237 0.0566111505 -0.9978762269
v -6.272149086 6.551107407 6.93146801
vn -0.9929482937 0.04517336935 -0.1096039936
v -5.732098579 5.946386814 7.404588699
vn 0.01691362634 -0.9991870522 0.03659485653
v -5.71445322 5.964371204 7.404588699
vn 0.9978457093 -0.05557736009 0.03485772759
v -5.732098579 5.964371204 7.422517776
vn 0.03317701817 -0.0150380414 0.9993363619
v -5.732098579 6.551107407 7.422517776
vn 0.03207860887 0.05997158214 0.9976844788
v -5.71445322 6.551107407 7.404588699
vn 0.999245584 0.01479870547 0.03590685502
v -6.272149086 5.964371204 6.93146801
vn -0.9917881489 -0.1082296893 -0.06813648343
v -6.254500866 5.964371204 6.913527966
vn -0.03319721296 -0.01504727826 -0.9993355274
v -6.254500866 5.946386814 6.93146801
vn -0.01691357978 -0.9991870522 -0.03659403697
v -5.732098579 5.946386814 6.93146801
vn 0.06322454661 -0.9973708391 -0.03541272506
v -5.732098579 5.964371204 6.913527966
vn 0.03222193941 -0.05661161244 -0.9978761673
v -5.71445322 5.964371204 6.93146801
vn 0.999245584 -0.01479872875 -0.03590605035
v -5.732098579 6.569093704 6.93146801
vn 0.05634973198 0.9909393787 -0.1219173223
v -5.71445322 6.551107407 6.93146801
vn 0.9978458285 0.05557647347 -0.03485687822
v -5.732098579 6.551107407 6.913527966
vn 0.0331973955 0.0150472559 -0.9993355274
v -6.272149086 6.355759621 7.23952198
vn -0.9236626625 -0.3814721107 -0.03641837463
v -6.272149086 6.103437424 7.087692261
vn -0.9809535742 0.1933632344 0.01845817454
v -6.272149086 6.138881207 7.020050049
vn -0.9138172269 0.290137887 0.2841797173
v -6.272149086 6.229597569 6.990341663
vn -0.9730882645 0.02500628307 0.229071945
v -6.272149086 6.320311069 7.020050049
vn -0.9268990159 -0.1897187084 0.3238286376
v -6.272149086 6.355759621 7.087692261
vn -0.9935860038 -0.1097813547 0.02710820921
v -6.272149086 6.138885021 7.307174206
vn -0.9064478874 0.2134950459 -0.364379108
v -5.880496979 6.569093704 7.236638546
vn -0.4705820084 0.881254673 -0.04407649115
v -6.004272938 6.569093704 6.987479687
vn 0.02893090993 0.9651736021 0.2600055337
v -5.915271282 6.569093704 7.017188072
vn -0.2223607749 0.9010500908 0.3723766804
v -5.880496979 6.569093704 7.084829807
vn -0.1450548619 0.9887993932 0.03514003009
v -6.128039837 6.569093704 7.084829807
vn 0.2146755159 0.9764784575 0.02010650747
v -6.093267441 6.569093704 7.017188072
vn 0.3123011291 0.9013410807 0.3000870645
v -6.093267441 6.569093704 7.304290771
vn 0.2249288261 0.8987011909 -0.3764879107
v -6.217952251 6.320311069 7.307174206
vn 0.9258538485 -0.1846230924 -0.3297103643
v -6.229370594 6.524605751 7.379072666
vn 0.2685784996 -0.1805150807 -0.9461923242
v -6.217952251 6.229597569 7.336882591
vn 0.9863075018 0.03816802055 -0.1604390144
v -5.915271282 6.513852119 7.304290771
vn -0.2127026469 -0.9022374749 -0.375133425
v -5.75748539 6.526983738 7.376965523
vn -0.8533992171 -0.2201341093 -0.472494185
v -6.004272938 6.513852119 7.334020615
vn 0.04260063916 -0.9858489037 -0.1621330529
v -6.217952251 6.355759621 7.23952198
vn 0.9520354271 -0.2959022522 -0.07791261375
v -6.217952251 6.138881207 7.020050049
vn 0.8772625327 0.2378985435 0.4169109762
v -6.217952251 6.103437424 7.087692261
vn 0.9901251793 0.131769672 0.04784202576
v -6.225013256 5.988494396 6.954908848
vn 0.1393718421 0.6135826707 0.7772334218
v -6.217952251 6.229597569 6.990341663
vn 0.9770991802 -0.03442052752 0.2099819183
v -6.22735548 6.524209499 6.954525948
vn 0.4073367417 -0.2642937601 0.8741999865
v -6.217952251 6.320311069 7.020050049
vn 0.9308715463 -0.2657489181 0.2507103086
v -6.217952251 6.355759621 7.087692261
vn 0.9928440452 -0.1182226464 0.01685385033
v -6.226895332 5.988163948 7.378880978
vn 0.3360627592 0.5842937827 -0.7386897802
v -6.217952251 6.138885021 7.307174206
vn 0.905621171 0.3081953824 -0.2913175523
v -5.880496979 6.513852119 7.236638546
vn -0.3752914965 -0.9217232466 -0.09789063781
v -6.004272938 6.513852119 6.987479687
vn -0.04940800369 -0.9686914682 0.2433016747
v -5.755766392 6.521660328 6.955525875
vn -0.4012359977 -0.1625294536 0.9014399052
v -5.915271282 6.513852119 7.017188072
vn -0.3235025108 -0.8968290687 0.3017345071
v -5.880496979 6.513852119 7.084829807
vn -0.1645243466 -0.985994339 0.02732858062
v -6.093267441 6.513852119 7.017188072
vn 0.2498383522 -0.8649469614 0.4352557063
v -6.128039837 6.513852119 7.084829807
vn 0.1301626861 -0.9902216196 0.0501873754
v -6.093267441 6.513852119 7.304290771
vn 0.322277844 -0.8989748955 -0.2966161668
v -6.272149086 6.103437424 7.23952198
vn -0.9161286354 0.3891966045 -0.09609556198
v -6.128039837 6.569093704 7.236638546
vn 0.4207552671 0.9014312625 -0.101914987
v -6.217952251 6.103437424 7.23952198
vn 0.856394887 0.514318943 -0.04542919621
v -6.128039837 6.513852119 7.236638546
vn 0.554551065 -0.8308062553 -0.04726617038
v -5.757507324 5.988494396 7.37698698
vn -0.3379206657 0.580935061 -0.7404890656
v -5.759245872 5.990270138 6.955525875
vn -0.8183097243 0.3580814302 0.4496074915
v -6.272149086 -1.584051013 7.336882591
vn -0.9776545763 0.02281317487 -0.2089763135
v -6.272149086 -1.674765468 7.307174206
vn -0.9408568144 0.242049709 -0.2370661199
v -6.272149086 -1.905562639 7.404588699
vn -0.9963519573 -0.0709689185 0.04739358276
v -6.004272938 -1.923549294 7.334020615
vn -0.02485123463 -0.9744595885 -0.2231835574
v -5.915271282 -1.923549294 7.304290771
vn -0.2780567408 -0.9226723909 -0.2671330869
v -5.732100964 -1.923549294 7.404588699
vn 0.09258454293 -0.9943369031 0.0521746017
v -6.272149086 -1.317427278 7.403183937
vn -0.9925922751 0.04629472643 0.1123270094
v -6.25450325 -1.318827987 7.422517776
vn -0.03464740515 0.05657206848 0.9977971315
v -6.25450325 -1.300841451 7.404588699
vn -0.06073956564 0.997527957 0.03533621505
v -6.25450325 -1.905562639 7.422517776
vn -0.03449213877 -0.01672411896 0.9992650151
v -6.256599903 -1.923549294 7.402460575
vn -0.05114416033 -0.99254179 0.1106571853
v -6.25450325 -1.923549294 6.93146801
vn -0.1216879115 -0.9901967049 -0.06857465208
v -6.272149086 -1.905562639 6.93146801
vn -0.992950201 -0.04516740143 -0.1095892712
v -6.25450325 -1.905562639 6.913527966
vn -0.0322218053 -0.05661134794 -0.9978762269
v -5.732100964 -1.300841451 7.404588699
vn 0.01691558398 0.9991868734 0.03659909219
v -5.732100964 -1.318827987 7.422517776
vn 0.03317701817 0.01503805257 0.9993363619
v -5.714455605 -1.318827987 7.404588699
vn 0.9978457689 0.05557712913 0.03485761955
v -5.732100964 -1.905562639 7.422517776
vn 0.03207859397 -0.05997154862 0.9976844788
v -5.714455605 -1.905562639 7.404588699
vn 0.999245584 -0.01479873899 0.03590685502
v -6.272149086 -1.318827987 6.93146801
vn -0.9917902946 0.1082154885 -0.06812773645
v -6.25450325 -1.300841451 6.93146801
vn -0.01691557653 0.9991868734 -0.03659827262
v -6.25450325 -1.318827987 6.913527966
vn -0.03319735825 0.01504728943 -0.9993355274
v -5.732100964 -1.300841451 6.93146801
vn 0.06323184073 0.9973702431 -0.0354168117
v -5.714455605 -1.318827987 6.93146801
vn 0.999245584 0.01479873993 -0.03590605035
v -5.732100964 -1.318827987 6.913527966
vn 0.03222183883 0.05661137402 -0.9978762269
v -5.732100964 -1.923549294 6.93146801
vn 0.05635113269 -0.9909389615 -0.1219203547
v -5.732100964 -1.905562639 6.913527966
vn 0.0331973955 -0.01504728943 -0.9993355274
v -5.714455605 -1.905562639 6.93146801
vn 0.9978458285 -0.05557655171 -0.03485685959
v -6.272149086 -1.710215926 7.23952198
vn -0.9236702919 0.3814536333 -0.03641875461
v -6.272149086 -1.493336678 7.020050049
vn -0.9138237834 -0.2901249528 0.2841717601
v -6.272149086 -1.457890391 7.087692261
vn -0.9809550047 -0.1933561414 0.01845874079
v -6.272149086 -1.674765468 7.020050049
vn -0.9269058704 0.1897076964 0.323815614
v -6.272149086 -1.584051013 6.990341663
vn -0.9730915427 -0.02500507236 0.2290581018
v -6.272149086 -1.710215926 7.087692261
vn -0.9935866594 0.1097757742 0.02710842714
v -6.272149086 -1.493340492 7.307174206
vn -0.906457901 -0.2134854496 -0.3643597364
v -5.880496979 -1.923549294 7.236638546
vn -0.4705869853 -0.8812519908 -0.04407695681
v -6.004272938 -1.923549294 6.987479687
vn 0.02893090993 -0.9651736021 0.2600055337
v -5.915271282 -1.923549294 7.017188072
vn -0.2223622501 -0.9010487199 0.372379154
v -5.880496979 -1.923549294 7.084829807
vn -0.1450570375 -0.9887990952 0.03514055535
v -6.093267441 -1.923549294 7.017188072
vn 0.312294662 -0.9013409019 0.3000943959
v -6.128043175 -1.923549294 7.084829807
vn 0.2146777064 -0.976477921 0.02010877989
v -6.093267441 -1.923549294 7.304290771
vn 0.2249260247 -0.8987012506 -0.3764895201
v -6.217955112 -1.674765468 7.307174206
vn 0.9258573055 0.1846181005 -0.32970348
v -6.217955112 -1.584051013 7.336882591
vn 0.9863087535 -0.03816054016 -0.1604332328
v -6.229370594 -1.879062414 7.379072666
vn 0.2685773671 0.1805151105 -0.9461926222
v -5.915271282 -1.86830771 7.304290771
vn -0.2127017379 0.9022381902 -0.3751323223
v -6.004272938 -1.86830771 7.334020615
vn 0.04259923473 0.985850811 -0.1621219367
v -5.75748539 -1.881439447 7.376965523
vn -0.8534017205 0.2201303244 -0.4724914134
v -6.217955112 -1.710215926 7.23952198
vn 0.9520373344 0.2958957553 -0.07791429758
v -6.217955112 -1.493336678 7.020050049
vn 0.8772675395 -0.2378975153 0.4169009626
v -6.225013256 -1.342951179 6.954908848
vn 0.1393678933 -0.6135829687 0.7772338986
v -6.217955112 -1.457890391 7.087692261
vn 0.9901245236 -0.1317719072 0.04784914851
v -6.217955112 -1.584051013 6.990341663
vn 0.9770926833 0.03441828489 0.2100125402
v -6.217955112 -1.674765468 7.020050049
vn 0.9308735132 0.2657398582 0.2507127225
v -6.22735548 -1.878664851 6.954525948
vn 0.4073358774 0.2642941475 0.8742002249
v -6.217955112 -1.710215926 7.087692261
vn 0.9928432107 0.1182296202 0.0168545451
v -6.22689867 -1.342617393 7.378880978
vn 0.3360558748 -0.5842961073 -0.7386910915
v -6.217955112 -1.493340492 7.307174206
vn 0.9056327343 -0.3081754148 -0.2913027108
v -5.880496979 -1.86830771 7.236638546
vn -0.3752898872 0.9217239022 -0.0978904143
v -6.004272938 -1.86830771 6.987479687
vn -0.0494071804 0.9686924219 0.2432980537
v -5.755768299 -1.876116514 6.955525875
vn -0.4012375474 0.1625272781 0.9014395475
v -5.915271282 -1.86830771 7.017188072
vn -0.3235027492 0.8968291879 0.3017339408
v -5.880496979 -1.86830771 7.084829807
vn -0.164522171 0.9859947562 0.02732785605
v -6.093267441 -1.86830771 7.017188072
vn 0.2498356104 0.8649467826 0.4352576137
v -6.128043175 -1.86830771 7.084829807
vn 0.1301612854 0.9902214408 0.05019551143
v -6.093267441 -1.86830771 7.304290771
vn 0.3222697973 0.898976028 -0.2966213822
v -6.272149086 -1.457890391 7.23952198
vn -0.9161356091 -0.3891795874 -0.09609782696
v -6.128043175 -1.923549294 7.236638546
vn 0.4207567275 -0.9014293551 -0.1019258276
v -5.757509708 -1.342951179 7.37698698
vn -0.3379223347 -0.5809350014 -0.7404883504
v -5.759250164 -1.344726801 6.955525875
vn -0.8183096051 -0.3580823243 0.4496069551
v -6.217955112 -1.457890391 7.23952198
vn 0.8564123511 -0.514289856 -0.04542918876
v -6.128043175 -1.86830771 7.236638546
vn 0.5545493364 0.8308071494 -0.047270298
v 13.72784901 6.229597569 7.336882591
vn 0.9776545763 -0.02281313762 -0.2089762241
v 13.72784901 6.320311069 7.307174206
vn 0.9408573508 -0.2420524657 -0.2370613813
v 13.72784901 6.551107407 7.404588699
vn 0.9963527918 0.07096268982 0.04738580436
v 13.45996952 6.569093704 7.334020615
vn 0.02485144511 0.9744613171 -0.2231759727
v 13.37097549 6.569093704 7.304290771
vn 0.2780553699 0.9226711988 -0.2671387792
v 13.18780231 6.569093704 7.404588699
vn -0.09258396178 0.9943370223 0.05217410251
v 13.72784901 5.962971687 7.403183937
vn 0.9925948381 -0.0462866649 0.1123075336
v 13.71020603 5.964371204 7.422517776
vn 0.03464768827 -0.05657245219 0.9977971315
v 13.71020603 5.946386814 7.404588699
vn 0.06073489785 -0.9975283742 0.03533238918
v 13.71020603 6.551107407 7.422517776
vn 0.03449222445 0.01672417112 0.9992650151
v 13.71229935 6.569093704 7.402460575
vn 0.05114367604 0.9925419688 0.1106560752
v 13.71020603 6.569093704 6.93146801
vn 0.1216872931 0.9901968837 -0.0685736984
v 13.72784901 6.551107407 6.93146801
vn 0.9929525256 0.04515983164 -0.109571144
v 13.71020603 6.551107407 6.913527966
vn 0.03222192079 0.05661141127 -0.9978761673
v 13.18780231 5.946386814 7.404588699
vn -0.01691358723 -0.9991870522 0.03659485653
v 13.18780231 5.964371204 7.422517776
vn -0.03317694366 -0.0150380414 0.9993363619
v 13.17015648 5.964371204 7.404588699
vn -0.9978457093 -0.05557736009 0.03485772759
v 13.18780231 6.551107407 7.422517776
vn -0.03207854554 0.05997131392 0.9976845384
v 13.17015648 6.551107407 7.404588699
vn -0.999245584 0.01479870547 0.03590685502
v 13.72784901 5.964371204 6.93146801
vn 0.9917930961 -0.1081973314 -0.06811610609
v 13.71020603 5.946386814 6.93146801
vn 0.01691362634 -0.9991870522 -0.03659403324
v 13.71020603 5.964371204 6.913527966
vn 0.03319747001 -0.01504727826 -0.9993355274
v 13.18780231 5.946386814 6.93146801
vn -0.06322440505 -0.9973708391 -0.03541272879
v 13.17015648 5.964371204 6.93146801
vn -0.999245584 -0.01479872875 -0.03590605035
v 13.18780231 5.964371204 6.913527966
vn -0.03222186863 -0.05661161616 -0.9978761673
v 13.18780231 6.569093704 6.93146801
vn -0.05635062978 0.9909390807 -0.1219195426
v 13.18780231 6.551107407 6.913527966
vn -0.033197321 0.0150472559 -0.9993355274
v 13.17015648 6.551107407 6.93146801
vn -0.9978458285 0.05557647347 -0.03485687822
v 13.72784901 6.355759621 7.23952198
vn 0.9236701131 -0.3814541996 -0.03641666472
v 13.72784901 6.138881207 7.020050049
vn 0.9138255119 0.2901245654 0.2841666639
v 13.72784901 6.103437424 7.087692261
vn 0.9809556603 0.1933529973 0.01845719665
v 13.72784901 6.320311069 7.020050049
vn 0.9269062281 -0.1897097528 0.323813349
v 13.72784901 6.229597569 6.990341663
vn 0.9730910659 0.02500498109 0.229060024
v 13.72784901 6.355759621 7.087692261
vn 0.993586719 -0.1097753942 0.02710673772
v 13.72784901 6.138885021 7.307174206
vn 0.9064567685 0.2134853899 -0.3643626273
v 13.33619499 6.569093704 7.236638546
vn 0.4705835283 0.8812534809 -0.0440841876
v 13.45996952 6.569093704 6.987479687
vn -0.02893095464 0.9651733637 0.2600065172
v 13.37097549 6.569093704 7.017188072
vn 0.2223627567 0.9010551572 0.3723633289
v 13.33619499 6.569093704 7.084829807
vn 0.1450585127 0.9887986183 0.03514693677
v 13.54896832 6.569093704 7.017188072
vn -0.3122852743 0.9013407826 0.3001045585
v 13.58374691 6.569093704 7.084829807
vn -0.2146804929 0.9764772654 0.02011076547
v 13.54896832 6.569093704 7.304290771
vn -0.2249205261 0.8986980915 -0.3765003681
v 13.67365456 6.320311069 7.307174206
vn -0.9258601665 -0.1846159399 -0.3296967447
v 13.67365456 6.229597569 7.336882591
vn -0.9863123298 0.03816082329 -0.1604112685
v 13.68507195 6.524605751 7.379072666
vn -0.2685781717 -0.180511564 -0.946193099
v 13.37097549 6.513852119 7.304290771
vn 0.2127042413 -0.9022437334 -0.3751175702
v 13.45996952 6.513852119 7.334020615
vn -0.04260090366 -0.9858483672 -0.1621363163
v 13.21318817 6.526983738 7.376965523
vn 0.8534017205 -0.2201292068 -0.4724919498
v 13.67365456 6.355759621 7.23952198
vn -0.9520395398 -0.295890063 -0.07790911943
v 13.67365456 6.138881207 7.020050049
vn -0.8772670031 0.2378963679 0.4169027507
v 13.6807127 5.988494396 6.954908848
vn -0.1393718272 0.6135832667 0.777232945
v 13.67365456 6.103437424 7.087692261
vn -0.9901256561 0.1317638904 0.04784848541
v 13.67365456 6.229597569 6.990341663
vn -0.977096796 -0.03441466764 0.2099940181
v 13.67365456 6.320311069 7.020050049
vn -0.930878222 -0.2657364905 0.2506986558
v 13.68305683 6.524209499 6.954525948
vn -0.4073352516 -0.2642883658 0.874202311
v 13.67365456 6.355759621 7.087692261
vn -0.9928446412 -0.1182178706 0.01685224287
v 13.68260002 5.988163948 7.378880978
vn -0.3360611498 0.5842957497 -0.7386889458
v 13.67365456 6.138885021 7.307174206
vn -0.9056367874 0.3081730306 -0.2912926972
v 13.33619499 6.513852119 7.236638546
vn 0.3752929866 -0.9217208028 -0.09790780395
v 13.45996952 6.513852119 6.987479687
vn 0.04940825701 -0.9686953425 0.2432861775
v 13.21146679 6.521660328 6.955525875
vn 0.4012386203 -0.1625254154 0.9014394283
v 13.37097549 6.513852119 7.017188072
vn 0.3234989047 -0.8968283534 0.3017406166
v 13.33619499 6.513852119 7.084829807
vn 0.1645270437 -0.9859938025 0.02733241953
v 13.54896832 6.513852119 7.017188072
vn -0.2498280555 -0.8649441004 0.435267359
v 13.58374691 6.513852119 7.084829807
vn -0.1301677376 -0.9902204275 0.05019879714
v 13.54896832 6.513852119 7.304290771
vn -0.3222647011 -0.8989725113 -0.2966375649
v 13.72784901 6.103437424 7.23952198
vn 0.9161367416 0.3891786337 -0.09609112889
v 13.58374691 6.569093704 7.236638546
vn -0.4207606018 0.9014264941 -0.1019354984
v 13.2132082 5.988494396 7.37698698
vn 0.3379214406 0.5809342265 -0.7404893637
v 13.21495056 5.990270138 6.955525875
vn 0.8183118105 0.3580795825 0.4496051669
v 13.67365456 6.103437424 7.23952198
vn -0.8564154506 0.5142851472 -0.04542490095
v 13.58374691 6.513852119 7.236638546
vn -0.5545561314 -0.8308023214 -0.04727551341
v 13.72784901 -1.584051013 7.336882591
vn 0.9776545763 0.02281317487 -0.2089763135
v 13.72784901 -1.905562639 7.404588699
vn 0.9963527918 -0.07096271962 0.04738582671
v 13.72784901 -1.674765468 7.307174206
vn 0.9408568144 0.242049709 -0.2370661199
v 13.45996952 -1.923549294 7.334020615
vn 0.02485144511 -0.9744613171 -0.2231759727
v 13.18780231 -1.923549294 7.404588699
vn -0.09258547425 -0.9943368435 0.05217495933
v 13.37097549 -1.923549294 7.304290771
vn 0.2780553699 -0.9226711988 -0.2671387792
v 13.72784901 -1.317427278 7.403183937
vn 0.9925947785 0.04628702253 0.1123083159
v 13.71020603 -1.300841451 7.404588699
vn 0.06074007228 0.997527957 0.03533640504
v 13.71020603 -1.318827987 7.422517776
vn 0.03464751318 0.05657221377 0.9977971315
v 13.71020603 -1.905562639 7.422517776
vn 0.03449225426 -0.01672420837 0.9992650151
v 13.71229935 -1.923549294 7.402460575
vn 0.05114451051 -0.9925417304 0.1106578782
v 13.71020603 -1.923549294 6.93146801
vn 0.1216892675 -0.9901965261 -0.06857481599
v 13.71020603 -1.905562639 6.913527966
vn 0.03222190589 -0.05661149323 -0.9978761673
v 13.72784901 -1.905562639 6.93146801
vn 0.9929525256 -0.04515988007 -0.1095710173
v 13.18780231 -1.300841451 7.404588699
vn -0.01691554673 0.9991868734 0.03659909219
v 13.17015648 -1.318827987 7.404588699
vn -0.9978457689 0.05557712913 0.03485761955
v 13.18780231 -1.318827987 7.422517776
vn -0.03317694366 0.01503805257 0.9993363619
v 13.18780231 -1.905562639 7.422517776
vn -0.03207852691 -0.05997140333 0.9976845384
v 13.17015648 -1.905562639 7.404588699
vn -0.999245584 -0.01479873899 0.03590685502
v 13.72784901 -1.318827987 6.93146801
vn 0.9917930365 0.1081975102 -0.06811641902
v 13.71020603 -1.318827987 6.913527966
vn 0.03319747001 0.01504728943 -0.9993355274
v 13.71020603 -1.300841451 6.93146801
vn 0.01691558585 0.9991868734 -0.03659827262
v 13.18780231 -1.300841451 6.93146801
vn -0.06323170662 0.9973702431 -0.03541681543
v 13.18780231 -1.318827987 6.913527966
vn -0.03222176805 0.05661137775 -0.9978762269
v 13.17015648 -1.318827987 6.93146801
vn -0.999245584 0.01479873993 -0.03590605035
v 13.18780231 -1.923549294 6.93146801
vn -0.0563515462 -0.9909387827 -0.1219215244
v 13.17015648 -1.905562639 6.93146801
vn -0.9978458285 -0.05557655171 -0.03485685959
v 13.18780231 -1.905562639 6.913527966
vn -0.033197321 -0.01504728943 -0.9993355274
v 13.72784901 -1.710215926 7.23952198
vn 0.9236702919 0.3814536333 -0.03641875461
v 13.72784901 -1.457890391 7.087692261
vn 0.9809550047 -0.1933561414 0.01845874079
v 13.72784901 -1.493336678 7.020050049
vn 0.9138237834 -0.2901249528 0.2841717601
v 13.72784901 -1.584051013 6.990341663
vn 0.9730915427 -0.02500507236 0.2290581018
v 13.72784901 -1.674765468 7.020050049
vn 0.9269058704 0.1897076964 0.323815614
v 13.72784901 -1.710215926 7.087692261
vn 0.9935866594 0.1097757742 0.02710842714
v 13.72784901 -1.493340492 7.307174206
vn 0.906457901 -0.2134854496 -0.3643597364
v 13.33619499 -1.923549294 7.236638546
vn 0.4705835283 -0.8812534809 -0.0440841876
v 13.45996952 -1.923549294 6.987479687
vn -0.02893095464 -0.9651733637 0.2600065172
v 13.37097549 -1.923549294 7.017188072
vn 0.2223627567 -0.9010551572 0.3723633289
v 13.33619499 -1.923549294 7.084829807
vn 0.1450585127 -0.9887986183 0.03514693677
v 13.58374691 -1.923549294 7.084829807
vn -0.2146804929 -0.9764772654 0.02011076547
v 13.54896832 -1.923549294 7.017188072
vn -0.3122852743 -0.9013407826 0.3001045585
v 13.54896832 -1.923549294 7.304290771
vn -0.2249205261 -0.8986980915 -0.3765003681
v 13.67365456 -1.674765468 7.307174206
vn -0.9258604646 0.1846131533 -0.3296974003
v 13.68507195 -1.879062414 7.379072666
vn -0.2685777843 0.1805114299 -0.9461932182
v 13.67365456 -1.584051013 7.336882591
vn -0.9863131046 -0.03816070035 -0.160406515
v 13.37097549 -1.86830771 7.304290771
vn 0.2127033174 0.9022443891 -0.3751164973
v 13.21318817 -1.881439447 7.376965523
vn 0.8534018397 0.2201296836 -0.472491473
v 13.45996952 -1.86830771 7.334020615
vn -0.04259949923 0.985850215 -0.1621252149
v 13.67365456 -1.710215926 7.23952198
vn -0.952039957 0.2958876789 -0.07791307569
v 13.67365456 -1.493336678 7.020050049
vn -0.8772675395 -0.2378975153 0.4169009626
v 13.67365456 -1.457890391 7.087692261
vn -0.9901252389 -0.131765604 0.04785176367
v 13.6807127 -1.342951179 6.954908848
vn -0.1393677145 -0.6135830879 0.777233839
v 13.67365456 -1.584051013 6.990341663
vn -0.9770966172 0.03441476077 0.2099947482
v 13.68305683 -1.878664851 6.954525948
vn -0.4073357582 0.2642889023 0.8742018938
v 13.67365456 -1.674765468 7.020050049
vn -0.9308776855 0.265733391 0.2507039011
v 13.67365456 -1.710215926 7.087692261
vn -0.9928446412 0.1182178259 0.01685294136
v 13.68260002 -1.342617393 7.378880978
vn -0.3360553682 -0.5842970014 -0.7386906147
v 13.67365456 -1.493340492 7.307174206
vn -0.905636847 -0.3081701696 -0.2912954092
v 13.33619499 -1.86830771 7.236638546
vn 0.3752913773 0.9217214584 -0.09790758044
v 13.45996952 -1.86830771 6.987479687
vn 0.04940729216 0.9686965942 0.2432813644
v 13.21146679 -1.876116514 6.955525875
vn 0.4012385011 0.162525773 0.9014394283
v 13.37097549 -1.86830771 7.017188072
vn 0.3234971762 0.8968297243 0.3017382324
v 13.33619499 -1.86830771 7.084829807
vn 0.1645236462 0.9859943986 0.0273317676
v 13.54896832 -1.86830771 7.017188072
vn -0.2498280555 0.8649441004 0.435267359
v 13.58374691 -1.86830771 7.084829807
vn -0.1301629841 0.990220964 0.05020052195
v 13.54896832 -1.86830771 7.304290771
vn -0.322261095 0.8989754319 -0.2966326475
v 13.72784901 -1.457890391 7.23952198
vn 0.9161356091 -0.3891795874 -0.09609782696
v 13.58374691 -1.923549294 7.236638546
vn -0.4207606018 -0.9014264941 -0.1019354984
v 13.67365456 -1.457890391 7.23952198
vn -0.8564172983 -0.5142817497 -0.04542765766
v 13.58374691 -1.86830771 7.236638546
vn -0.5545506477 0.8308060765 -0.04727445915
v 13.2132082 -1.342951179 7.37698698
vn 0.3379229307 -0.5809341669 -0.740488708
v 13.21495056 -1.344726801 6.955525875
vn 0.8183116317 -0.3580799997 0.4496051967
v 13.54153919 5.917973518 1.128567934
vn 0 -1 6.123234263e-17
v 13.54132462 5.917973518 1.159297705
vn 0 -1 6.123234263e-17
v 13.52082443 5.917973518 1.159297705
vn 0 -1 6.123234263e-17
v 13.54132462 5.917973518 1.615223289
vn 0 -1 6.123234263e-17
v 13.54132462 5.917973518 1.645953178
vn 0 -1 6.123234263e-17
v 13.52082443 5.917973518 1.615223289
vn 0 -1 6.123234263e-17
v 13.57157612 6.306993008 2.938533306
vn 0.9992449284 0.03885267302 -2.379040098e-18
v 13.57157612 5.917973518 2.938533306
vn 0.9880285859 -0.1542707533 9.446359582e-18
v 13.57157612 5.917973518 1.645953178
vn 0.9992449284 -0.03885267302 2.379040098e-18
v 13.57157612 6.306993008 1.645953178
vn 0.9881205559 0.1536805481 -9.410220061e-18
v 13.57157612 2.433859348 3.455929279
vn 0.9991292953 -0.04172044992 2.554640822e-18
v 13.57157612 2.796096563 3.455929279
vn 0.9863361716 0.1647449881 -1.008772151e-17
v 13.57157612 2.796096563 4.748509407
vn 0.9991292953 0.04172044992 -2.554640822e-18
v 13.57157612 2.433859348 4.748509407
vn 0.9863361716 -0.1647449881 1.008772151e-17
v 13.5542593 5.917973518 6.718412399
vn 0.9999809265 -0.005546857137 0.002709407359
v 13.5542593 2.796096563 6.718412399
vn 0.9998885989 0.00554634491 0.01385912765
v 13.5542593 2.796096563 6.32020092
vn 0.9984138608 0.04396023229 -0.03517523035
v 13.5542593 5.917973518 6.32020092
vn 0.9892758131 -0.04355788231 -0.1394131482
v 13.5542593 2.796096563 -0.2320477664
vn 0.9999819994 0.005546862725 -0.00229583797
v 13.5542593 5.917973518 -0.2320477664
vn 0.9998928905 -0.005546368659 -0.01354443282
v 13.5542593 5.917973518 0.2055441588
vn 0.9988327026 -0.03616329655 0.03202313557
v 13.5542593 2.796096563 0.2055441588
vn 0.9912380576 0.03588832915 0.1271185875
v 13.57157612 6.306993008 6.718412399
vn 0.9962758422 0.07747446001 0.03784302995
v 13.57157612 5.917973518 6.718412399
vn 0.9919720888 -0.04415695742 0.1184967533
v 13.57157612 5.917973518 6.32020092
vn 0.9961033463 -0.08819376677 5.400310668e-18
v 13.57157612 6.306993008 6.32020092
vn 0.998986423 0.04501270875 -2.756233423e-18
v 13.57157612 5.917973518 -0.2320477664
vn 0.9988155961 -0.04446158931 -0.0197631903
v 13.57157612 6.306993008 -0.2320477664
vn 0.9911858439 0.07707864046 -0.1077474058
v 13.57157612 6.306993008 0.2055441588
vn 0.9931467175 0.1168740317 -7.156470529e-18
v 13.57157612 5.917973518 0.2055441588
vn 0.9996484518 -0.02651275881 1.623438319e-18
v 13.57157612 2.433859348 -0.2320477664
vn 0.9959402084 -0.08317455649 -0.03442582116
v 13.57157612 2.796096563 -0.2320477664
vn 0.9930225611 0.04747195169 -0.1079470739
v 13.57157612 2.796096563 0.2055441588
vn 0.9959415197 0.09000240266 -5.511057744e-18
v 13.57157612 2.433859348 0.2055441588
vn 0.9987643361 -0.04969677702 3.043050029e-18
v 13.57157612 2.796096563 6.718412399
vn 0.9986237884 0.04773971811 0.02171345241
v 13.57157612 2.433859348 6.718412399
vn 0.9895442128 -0.08264040947 0.1182067245
v 13.57157612 2.433859348 6.32020092
vn 0.9915170074 -0.1299772263 7.958809254e-18
v 13.57157612 2.796096563 6.32020092
vn 0.9996165633 0.02768904902 -1.695465277e-18
v 13.54132462 6.306993008 -0.2320477664
vn 0 0.9137926102 -0.406181097
v 13.54132462 6.306993008 0.2055441588
vn 0 1 -6.123234263e-17
v 13.54132462 6.306993008 2.938533306
vn 0 1 -6.123234263e-17
v 13.54132462 6.306993008 1.645953178
vn 0 1 -6.123234263e-17
v 13.54132462 6.306993008 6.32020092
vn 0 1 -6.123234263e-17
v 13.54132462 6.306993008 6.718412399
vn 0 0.5455694199 0.8380656242
v 13.54132462 5.917973518 3.455929279
vn 0 -1 6.123234263e-17
v 13.57157612 5.917973518 3.455929279
vn 0.9992449284 -0.03885267302 2.379040098e-18
v 13.57157612 5.917973518 4.748509407
vn 0.9880286455 -0.1542705446 9.446346347e-18
v 13.54132462 5.917973518 4.748509407
vn 0 -1 6.123234263e-17
v 13.54132462 2.433859348 6.718412399
vn 0 -0.9102689028 0.4140175283
v 13.54132462 2.433859348 6.32020092
vn 0 -1 6.123234263e-17
v 13.54132462 2.433859348 3.455929279
vn 0 -1 6.123234263e-17
v 13.54132462 2.433859348 4.748509407
vn 0 -1 6.123234263e-17
v 13.54132462 2.433859348 0.2055441588
vn 0 -1 6.123234263e-17
v 13.54132462 2.433859348 -0.2320477664
vn 0 -0.6092246175 -0.7929977179
v 13.54132462 2.796096563 2.938533306
vn 0 1 -6.123234263e-17
v 13.57157612 2.796096563 2.938533306
vn 0.9991292953 0.04172044992 -2.554640822e-18
v 13.57157612 2.796096563 1.645953178
vn 0.9863361716 0.1647449881 -1.008772151e-17
v 13.54132462 2.796096563 1.645953178
vn 0 1 -6.123234263e-17
v 13.52620029 2.796096563 3.455929279
vn 0.9999215007 0.004794885404 -0.01157464646
v 13.52620029 5.917973518 3.455929279
vn 0.9999204874 -0.005004381295 -0.01157463528
v 13.52620029 5.917973518 4.748509407
vn 0.9999215007 -0.004794943612 0.01157492958
v 13.52620029 2.796096563 4.748509407
vn 0.9999201298 0.005070921034 0.01157491375
v 13.57157612 5.917973518 5.265873432
vn 0.9992542863 -0.03861113638 2.364250315e-18
v 13.57157612 6.306993008 5.265873432
vn 0.9881205559 0.1536805481 -9.410220061e-18
v 13.57157612 6.306993008 4.748509407
vn 0.9992449284 0.03885267302 -2.379040098e-18
v 13.57157612 6.306993008 3.455929279
vn 0.9881205559 0.1536805481 -9.410220061e-18
v 13.57157612 6.306993008 1.128567934
vn 0.9992449284 0.03885267302 -2.379040098e-18
v 13.57157612 5.917973518 1.128567934
vn 0.9925445318 -0.1218825728 7.463155186e-18
v 13.57157612 2.796096563 1.128567934
vn 0.9991416335 0.0414250344 -2.53655183e-18
v 13.57157612 2.433859348 1.128567934
vn 0.9863361716 -0.1647449881 1.008772151e-17
v 13.57157612 2.433859348 1.645953178
vn 0.9991292953 -0.04172044992 2.554640822e-18
v 13.57157612 2.433859348 2.938533306
vn 0.9863361716 -0.1647449881 1.008772151e-17
v 13.57157612 2.433859348 5.265873432
vn 0.9991292953 -0.04172044992 2.554640822e-18
v 13.57157612 2.796096563 5.265873432
vn 0.9914245605 0.1306804568 -8.001869795e-18
v 13.54132462 6.306993008 5.265873432
vn 0 1 -6.123234263e-17
v 13.54132462 6.306993008 4.748509407
vn 0 1 -6.123234263e-17
v 13.54132462 6.306993008 3.455929279
vn 0 1 -6.123234263e-17
v 13.54132462 6.306993008 1.128567934
vn 0 1 -6.123234263e-17
v 13.54132462 5.917973518 2.938533306
vn 0 -1 6.123234263e-17
v 13.54151249 5.917973518 5.265873432
vn 0 -1 6.123234263e-17
v 13.54132462 2.433859348 1.128567934
vn 0 -1 6.123234263e-17
v 13.54132462 2.433859348 1.645953178
vn 0 -1 6.123234263e-17
v 13.54132462 2.433859348 2.938533306
vn 0 -1 6.123234263e-17
v 13.54132462 2.433859348 5.265873432
vn 0 -1 6.123234263e-17
v 13.54151249 2.796096563 5.265873432
vn 0 1 -6.123234263e-17
v 13.54132462 2.796096563 4.748509407
vn 0 1 -6.123234263e-17
v 13.54132462 2.796096563 3.455929279
vn 0 1 -6.123234263e-17
v 13.54153919 2.796096563 1.128567934
vn 0 1 -6.123234263e-17
v 13.52620029 2.796096563 0.2055441588
vn 0.9998603463 0.006949582137 0.01519731525
v 13.52620029 5.917973518 0.2055441588
vn 0.9981167316 -0.008970898576 0.06068325415
v 13.52620029 5.917973518 1.128567934
vn 0.9998474717 -0.006822647527 0.01607722975
v 13.52620029 2.796096563 1.128567934
vn 0.9998570681 0.005227828864 0.01607738435
v 13.52620029 2.796096563 1.645953178
vn 0.9999215007 0.004794885404 -0.01157464832
v 13.52620029 5.917973518 1.645953178
vn 0.999920845 -0.004937323276 -0.01157463994
v 13.52620029 5.917973518 2.938533306
vn 0.9999215007 -0.004794924054 0.01157483552
v 13.52620029 2.796096563 2.938533306
vn 0.9999201298 0.005070998333 0.01157481968
v 13.52620029 5.917973518 6.32020092
vn 0.9998873472 -0.00694557 -0.01330503356
v 13.52620029 2.796096563 6.32020092
vn 0.9985463023 0.008974758908 -0.05314875394
v 13.52620029 2.796096563 5.265873432
vn 0.9998768568 0.006834010594 -0.01412494108
v 13.52620029 5.917973518 5.265873432
vn 0.999887228 -0.005099942442 -0.0141250873
v 13.57157612 6.306993008 4.779239178
vn 0.9990902543 0.0426463224 -2.611334127e-18
v 13.57157612 6.306993008 5.235132694
vn 0.9901138544 0.1402661055 -8.588821441e-18
v 13.57157612 5.917973518 5.235132694
vn 0.9984206557 -0.05618038028 3.440055984e-18
v 13.57157612 5.917973518 4.779239178
vn 0.9824867249 -0.1863324791 1.140957433e-17
v 13.57157612 6.306993008 2.969273806
vn 0.9990901947 0.0426476039 -2.611412503e-18
v 13.57157612 6.306993008 3.425167322
vn 0.9901149869 0.1402579397 -8.588321824e-18
v 13.57157612 5.917973518 3.425167322
vn 0.9984195828 -0.05619890243 3.441190255e-18
v 13.57157612 5.917973518 2.969273806
vn 0.9824877977 -0.18632707 1.14092418e-17
v 13.57157612 5.917973518 1.615223289
vn 0.9990902543 -0.04264608026 2.611319238e-18
v 13.57157612 5.917973518 1.159297705
vn 0.9901131392 -0.1402711868 8.589132461e-18
v 13.57157612 6.306993008 1.159297705
vn 0.9990902543 0.04264606535 -2.611318411e-18
v 13.57157612 6.306993008 1.615223289
vn 0.9901131392 0.1402711272 -8.589129152e-18
v 13.57157612 2.433859348 1.615223289
vn 0.9989509583 -0.04579276592 2.80399814e-18
v 13.57157612 2.433859348 1.159297705
vn 0.9886228442 -0.1504155099 9.210293816e-18
v 13.57157612 2.796096563 1.159297705
vn 0.9989518523 0.04577349499 -2.802818167e-18
v 13.57157612 2.796096563 1.615223289
vn 0.9886229038 0.1504154503 -9.21028968e-18
v 13.57157612 2.433859348 3.425167322
vn 0.9989507794 -0.04579715058 2.80426656e-18
v 13.57157612 2.433859348 2.969273806
vn 0.9886236787 -0.1504101902 9.209967907e-18
v 13.57157612 2.796096563 2.969273806
vn 0.9989508986 0.04579440132 -2.804098229e-18
v 13.57157612 2.796096563 3.425167322
vn 0.9886250496 0.1504013538 -9.20942693e-18
v 13.57157612 2.796096563 4.779239178
vn 0.9989509583 0.04579302669 -2.804014064e-18
v 13.57157612 2.796096563 5.235132694
vn 0.9886236787 0.150410071 -9.209960462e-18
v 13.57157612 2.433859348 5.235132694
vn 0.9989508986 -0.04579443857 2.804100504e-18
v 13.57157612 2.433859348 4.779239178
vn 0.988623023 -0.1504146159 9.210238395e-18
v 13.54132462 6.306993008 4.779239178
vn 0 1 -6.123234263e-17
v 13.54132462 6.306993008 5.235132694
vn 0 1 -6.123234263e-17
v 13.54132462 6.306993008 2.969273806
vn 0 1 -6.123234263e-17
v 13.54132462 6.306993008 3.425167322
vn 0 1 -6.123234263e-17
v 13.54132462 6.306993008 1.159297705
vn 0 1 -6.123234263e-17
v 13.54132462 6.306993008 1.615223289
vn 0 1 -6.123234263e-17
v 13.53107834 5.917973518 3.425167322
vn 0 -1 6.123234263e-17
v 13.53107834 5.917973518 2.969273806
vn 0 -1 6.123234263e-17
v 13.53107834 5.917973518 5.235132694
vn 0 -1 6.123234263e-17
v 13.53107834 5.917973518 4.779239178
vn 0 -1 6.123234263e-17
v 13.54132462 2.433859348 1.615223289
vn 0 -1 6.123234263e-17
v 13.54132462 2.433859348 1.159297705
vn 0 -1 6.123234263e-17
v 13.54132462 2.433859348 3.425167322
vn 0 -1 6.123234263e-17
v 13.54132462 2.433859348 2.969273806
vn 0 -1 6.123234263e-17
v 13.54132462 2.433859348 5.235132694
vn 0 -1 6.123234263e-17
v 13.54132462 2.433859348 4.779239178
vn 0 -1 6.123234263e-17
v 13.54132462 2.796096563 4.779239178
vn 0 1 -6.123234263e-17
v 13.54132462 2.796096563 5.235132694
vn 0 1 -6.123234263e-17
v 13.54132462 2.796096563 2.969273806
vn 0 1 -6.123234263e-17
v 13.54132462 2.796096563 3.425167322
vn 0 1 -6.123234263e-17
v 13.54132462 2.796096563 1.159297705
vn 0 1 -6.123234263e-17
v 13.54132462 2.796096563 1.615223289
vn 0 1 -6.123234263e-17
v 13.40644836 2.796096563 1.540792823
vn 0.9651578665 0.003432057332 -0.2616458833
v 13.40644836 2.796096563 1.23370707
vn 0.9651312828 0.008401708677 0.2616313994
v 13.40644836 5.917973518 1.23370707
vn 0.9651616216 -0.002789316233 0.2616396248
v 13.40644836 5.917973518 1.540792823
vn 0.9651294351 -0.008401796222 -0.2616381943
v 13.40644836 2.796096563 3.350768805
vn 0.9651596546 0.00343317911 -0.2616390586
v 13.40644836 2.796096563 3.043672323
vn 0.9651312828 0.008401838131 0.2616313696
v 13.40644836 5.917973518 3.043672323
vn 0.9651606679 -0.003111352213 0.2616393566
v 13.40644836 5.917973518 3.350768805
vn 0.9651312828 -0.008401838131 -0.2616313696
v 13.40644836 5.917973518 4.853648186
vn 0.9651606679 -0.003111440456 0.2616393566
v 13.40644836 5.917973518 5.160734177
vn 0.9651294947 -0.00840179529 -0.2616379857
v 13.40644836 2.796096563 5.160734177
vn 0.9651578665 0.003433206584 -0.2616457045
v 13.40644836 2.796096563 4.853648186
vn 0.9651312828 0.00840171054 0.2616313994
v 13.5109272 5.917973518 1.619107127
vn 0.6598431468 -0.002644703025 -0.7513986826
v 13.5109272 2.796096563 1.619107127
vn 0.659822762 0.00829343684 -0.7513754964
v 13.42157364 2.796096563 1.23370707
vn 0 1 -6.123234263e-17
v 13.42157364 2.796096563 1.540792823
vn 0 1 -6.123234263e-17
v 13.5109272 2.796096563 1.155382037
vn 0.6597628593 0.004814371467 0.7514584661
v 13.5109272 5.917973518 1.155382037
vn 0.6597652435 -0.003981627524 0.7514612079
v 13.42157364 5.917973518 1.540792823
vn 0 -1 6.123234263e-17
v 13.42157364 5.917973518 1.23370707
vn 0 -1 6.123234263e-17
v 13.5109272 5.917973518 3.429083109
vn 0.6598414779 -0.003731676145 -0.7513955832
v 13.5109272 2.796096563 3.429083109
vn 0.6598232985 0.008302103728 -0.7513749003
v 13.42157364 2.796096563 3.043672323
vn 0 1 -6.123234263e-17
v 13.42157364 2.796096563 3.350768805
vn 0 1 -6.123234263e-17
v 13.5109272 2.796096563 2.965358019
vn 0.6597623825 0.004814229906 0.7514588833
v 13.5109272 5.917973518 2.965358019
vn 0.6597576141 -0.006135675125 0.7514534593
v 13.42157364 5.917973518 3.350768805
vn 0 -1 6.123234263e-17
v 13.42157364 5.917973518 3.043672323
vn 0 -1 6.123234263e-17
v 13.5109272 2.796096563 4.775323391
vn 0.65976125 0.004814396147 0.751459837
v 13.5109272 5.917973518 4.775323391
vn 0.6597564816 -0.006135366391 0.7514544129
v 13.42157364 5.917973518 5.160734177
vn 0 -1 6.123234263e-17
v 13.42157364 5.917973518 4.853648186
vn 0 -1 6.123234263e-17
v 13.5109272 5.917973518 5.239048481
vn 0.6597664356 -0.003731585341 -0.7514614463
v 13.5109272 2.796096563 5.239048481
vn 0.6597481966 0.008312554099 -0.7514407635
v 13.42157364 2.796096563 4.853648186
vn 0 1 -6.123234263e-17
v 13.42157364 2.796096563 5.160734177
vn 0 1 -6.123234263e-17
v 3.499938726 -1.607085228 7.073710442
vn 0.05331188813 -0.9985778928 6.114526367e-17
v 3.499938726 -1.607085228 -0.3292915523
vn 0.05331188813 -0.9985778928 6.114526367e-17
v 3.812522888 -1.607085228 -0.3292915523
vn -0.0533117801 -0.9985778928 6.114526367e-17
v 3.812522888 -1.607085228 7.073710442
vn -0.0533117801 -0.9985778928 6.114526367e-17
v -5.383990765 -1.607085228 7.073710442
vn 0.03474386036 -0.9993962646 6.119537096e-17
v -5.383990765 -1.607085228 -0.3292915523
vn 0.03474386036 -0.9993962646 6.119537096e-17
v -4.939766407 -1.607085228 -0.3292915523
vn -0.0347494632 -0.9993960261 6.119535773e-17
v -4.939766407 -1.607085228 7.073710442
vn -0.0347494632 -0.9993960261 6.119535773e-17
v -4.114448071 -1.607085228 7.073710442
vn 0.05331169069 -0.9985778928 6.114526367e-17
v -4.114448071 -1.607085228 -0.3292915523
vn 0.05331169069 -0.9985778928 6.114526367e-17
v -3.801861286 -1.607085228 -0.3292915523
vn -0.05331187695 -0.9985778928 6.116805415e-17
v -3.801861286 -1.607085228 7.073710442
vn -0.05331187695 -0.9985778928 6.114526367e-17
v -3.026679039 -1.607085228 7.073710442
vn 0.05331187695 -0.9985778928 6.114526367e-17
v -3.026679039 -1.607085228 -0.3292915523
vn 0.05331187695 -0.9985778928 6.114526367e-17
v -2.714092731 -1.607085228 -0.3292915523
vn -0.05331169069 -0.9985778928 6.112246657e-17
v -2.714092731 -1.607085228 7.073710442
vn -0.05331169069 -0.9985778928 6.114526367e-17
v -1.938910484 -1.607085228 7.073710442
vn 0.05331160128 -0.9985779524 6.114526367e-17
v -1.938910484 -1.607085228 -0.3292915523
vn 0.05331160128 -0.9985779524 6.114526367e-17
v -1.626322985 -1.607085228 -0.3292915523
vn -0.05331178382 -0.9985778928 6.116805415e-17
v -1.626322985 -1.607085228 7.073710442
vn -0.05331178382 -0.9985778928 6.114526367e-17
v -0.8511404991 -1.607085228 7.073710442
vn 0.05331182852 -0.9985778928 6.114526367e-17
v -0.8511404991 -1.607085228 -0.3292915523
vn 0.05331182852 -0.9985778928 6.114526367e-17
v -0.5385537744 -1.607085228 -0.3292915523
vn -0.05331182852 -0.9985778928 6.114526367e-17
v -0.5385537744 -1.607085228 7.073710442
vn -0.05331182852 -0.9985778928 6.114526367e-17
v 0.2366295755 -1.607085228 7.073710442
vn 0.05331182852 -0.9985778928 6.119085125e-17
v 0.2366295755 -1.607085228 -0.3292915523
vn 0.05331182852 -0.9985778928 6.114526367e-17
v 0.5492153764 -1.607085228 -0.3292915523
vn -0.05331182852 -0.9985778928 6.109966948e-17
v 0.5492153764 -1.607085228 7.073710442
vn -0.05331182852 -0.9985778928 6.114526367e-17
v 1.324400783 -1.607085228 7.073710442
vn 0.05331182852 -0.9985778928 6.112246657e-17
v 1.324400783 -1.607085228 -0.3292915523
vn 0.05331182852 -0.9985778928 6.114526367e-17
v 1.636985183 -1.607085228 -0.3292915523
vn -0.05331180617 -0.9985778928 6.114526367e-17
v 1.636985183 -1.607085228 7.073710442
vn -0.05331180617 -0.9985778928 6.114526367e-17
v 2.412170887 -1.607085228 7.073710442
vn 0.0533118993 -0.9985778928 6.114526367e-17
v 2.412170887 -1.607085228 -0.3292915523
vn 0.0533118993 -0.9985778928 6.114526367e-17
v 2.724753141 -1.607085228 -0.3292915523
vn -0.0533118546 -0.9985778928 6.112246657e-17
v 2.724753141 -1.607085228 7.073710442
vn -0.0533118546 -0.9985778928 6.114526367e-17
v 12.69645405 -1.607085228 -0.3292915523
vn -0.0347465761 -0.9993961453 1.276674499e-08
v 12.69645405 -1.607085228 7.073710442
vn -0.03474386036 -0.9993962646 6.119537096e-17
v 12.25222778 -1.607085228 7.073710442
vn 0.03474924713 -0.9993960857 -8.393417517e-09
v 12.25222588 -1.607085228 -0.3292915523
vn 0.03474920243 -0.9993960857 -1.119120974e-08
v 11.42691231 -1.607085228 -0.3292915523
vn -0.05331187695 -0.9985778928 6.112246657e-17
v 11.42691231 -1.607085228 7.073710442
vn -0.05331187695 -0.9985778928 6.114526367e-17
v 11.11432457 -1.607085228 7.073710442
vn 0.05331150815 -0.9985779524 6.116806077e-17
v 11.11432457 -1.607085228 -0.3292915523
vn 0.05331150815 -0.9985779524 6.114526367e-17
v 10.33913994 -1.607085228 -0.3292915523
vn -0.05331160128 -0.9985779524 6.116806077e-17
v 10.33913994 -1.607085228 7.073710442
vn -0.05331160128 -0.9985779524 6.114526367e-17
v 10.02655411 -1.607085228 7.073710442
vn 0.05331233889 -0.9985778928 6.114526367e-17
v 10.02655411 -1.607085228 -0.3292915523
vn 0.05331233889 -0.9985778928 6.114526367e-17
v 9.251373291 -1.607085228 -0.3292915523
vn -0.05331178382 -0.9985778928 6.114526367e-17
v 9.251373291 -1.607085228 7.073710442
vn -0.05331178382 -0.9985778928 6.114526367e-17
v 8.938786507 -1.607085228 7.073710442
vn 0.05331160128 -0.9985779524 6.116806077e-17
v 8.938786507 -1.607085228 -0.3292915523
vn 0.05331160128 -0.9985779524 6.114526367e-17
v 8.163602829 -1.607085228 -0.3292915523
vn -0.05331155285 -0.9985779524 6.109967609e-17
v 8.163602829 -1.607085228 7.073710442
vn -0.05331155285 -0.9985779524 6.114526367e-17
v 7.851015091 -1.607085228 7.073710442
vn 0.05331182852 -0.9985778928 6.116805415e-17
v 7.851015091 -1.607085228 -0.3292915523
vn 0.05331182852 -0.9985778928 6.114526367e-17
v 7.075834274 -1.607085228 -0.3292915523
vn -0.05331178382 -0.9985778928 6.116805415e-17
v 7.075834274 -1.607085228 7.073710442
vn -0.05331178382 -0.9985778928 6.114526367e-17
v 6.763246536 -1.607085228 7.073710442
vn 0.05331187695 -0.9985778928 6.116805415e-17
v 6.763246536 -1.607085228 -0.3292915523
vn 0.05331187695 -0.9985778928 6.114526367e-17
v 5.988064289 -1.607085228 -0.3292915523
vn -0.0533118993 -0.9985778928 6.109966948e-17
v 5.988064289 -1.607085228 7.073710442
vn -0.0533118993 -0.9985778928 6.114526367e-17
v 5.675478935 -1.607085228 7.073710442
vn 0.05331162363 -0.9985779524 -1.180393472e-08
v 5.675478935 -1.607085228 -0.3292915523
vn 0.05331137031 -0.9985779524 6.114526367e-17
v 4.90029335 -1.607085228 -0.3292915523
vn -0.05331180617 -0.9985778928 6.116806077e-17
v 4.90029335 -1.607085228 7.073710442
vn -0.05331180617 -0.9985778928 6.114526367e-17
v 4.58770895 -1.607085228 7.073710442
vn 0.05331173912 -0.9985778928 6.114526367e-17
v 4.58770895 -1.607085228 -0.3292915523
vn 0.05331173912 -0.9985778928 6.114526367e-17
v -4.290929317 -1.845318794 7.073710442
vn 0.02096449398 -0.9997802377 1.181556897e-08
v -4.713154793 -1.845318794 7.073710442
vn -0.06774497777 -0.9977026582 6.109166899e-17
v -4.713154793 -1.845318794 -0.3292915523
vn -0.01892618462 -0.999820888 6.122137091e-17
v -4.290925026 -1.845318794 -0.3292915523
vn 0.07556191832 -0.9971411228 3.650281855e-08
v -3.203158855 -1.845318794 7.073710442
vn 0.02096453682 -0.9997802377 6.120096271e-17
v -3.625385046 -1.845318794 7.073710442
vn -0.07556246966 -0.9971410632 6.108957787e-17
v -3.625385046 -1.845318794 -0.3292915523
vn -0.02096457966 -0.9997802377 6.123680279e-17
v -3.203158855 -1.845318794 -0.3292915523
vn 0.07556191832 -0.9971411228 6.102498499e-17
v -2.115390301 -1.845318794 7.073710442
vn 0.02096452378 -0.9997802377 8.439703159e-09
v -2.537615776 -1.845318794 7.073710442
vn -0.07556238025 -0.9971410632 -1.825152118e-08
v -2.5376122 -1.845318794 -0.3292915523
vn -0.02096456662 -0.9997802377 -1.012766493e-08
v -2.11538744 -1.845318794 -0.3292915523
vn 0.07556182146 -0.9971411228 1.520949056e-08
v -1.027617335 -1.845318794 7.073710442
vn 0.02096464485 -0.9997802377 6.121888275e-17
v -1.449842572 -1.845318794 7.073710442
vn -0.07556131482 -0.9971411824 6.105728474e-17
v -1.449842572 -1.845318794 -0.3292915523
vn -0.02096452378 -0.9997802377 6.121888275e-17
v -1.027617335 -1.845318794 -0.3292915523
vn 0.07556288689 -0.9971410632 6.105727812e-17
v 0.06014918536 -1.845318794 7.073710442
vn 0.0209646523 -0.9997802377 5.063853337e-09
v -0.3620733917 -1.845318794 7.073710442
vn -0.07556242496 -0.9971410632 -1.673057248e-08
v -0.3620733917 -1.845318794 -0.3292915523
vn -0.02096470073 -0.9997802377 6.123680279e-17
v 0.0601509735 -1.845318794 -0.3292915523
vn 0.0755622834 -0.9971410632 9.125749934e-09
v 1.147920728 -1.845318794 7.073710442
vn 0.0209646225 -0.9997802377 6.121888275e-17
v 0.7256957889 -1.845318794 7.073710442
vn -0.07556182146 -0.9971411228 6.108958449e-17
v 0.7256957889 -1.845318794 -0.3292915523
vn -0.02096457407 -0.9997802377 6.123680279e-17
v 1.147920728 -1.845318794 -0.3292915523
vn 0.07556246966 -0.9971410632 6.105727812e-17
v 2.235690355 -1.845318794 7.073710442
vn 0.02096464857 -0.9997802377 6.121888275e-17
v 1.813465357 -1.845318794 7.073710442
vn -0.07556238025 -0.9971410632 6.105727812e-17
v 1.813465357 -1.845318794 -0.3292915523
vn -0.02096461691 -0.9997802377 6.121888275e-17
v 2.235690355 -1.845318794 -0.3292915523
vn 0.07556279749 -0.9971410632 6.105727812e-17
v 3.32345891 -1.845318794 7.073710442
vn 0.02096460573 -0.9997802377 6.121888275e-17
v 2.901233673 -1.845318794 7.073710442
vn -0.07556284219 -0.9971410632 6.102498499e-17
v 2.901233673 -1.845318794 -0.3292915523
vn -0.02096464112 -0.9997802377 6.120096271e-17
v 3.32345891 -1.845318794 -0.3292915523
vn 0.0755623877 -0.9971410632 6.105727812e-17
v 11.60338974 -1.845318794 -0.3292915523
vn -0.02096460946 -0.9997802377 1.68794756e-09
v 12.02561378 -1.845318794 -0.3292915523
vn 0.06774514169 -0.9977026582 -1.909054959e-08
v 12.02561569 -1.845318794 7.073710442
vn 0.01892631315 -0.999820888 -6.095343785e-09
v 11.60339069 -1.845318794 7.073710442
vn -0.07556265593 -0.9971410632 2.737738214e-08
v 10.51561832 -1.845318794 -0.3292915523
vn -0.02096466534 -0.9997802377 1.350361778e-08
v 10.93784523 -1.845318794 -0.3292915523
vn 0.07556173205 -0.9971411228 -9.125682432e-09
v 10.93784523 -1.845318794 7.073710442
vn 0.02096459456 -0.9997802377 6.121888275e-17
v 10.51562309 -1.845318794 7.073710442
vn -0.07556284219 -0.9971410632 3.954520622e-08
v 9.427848816 -1.845318794 -0.3292915523
vn -0.02096460946 -0.9997802377 1.012768536e-08
v 9.850074768 -1.845318794 -0.3292915523
vn 0.0755622834 -0.9971410632 -2.129341503e-08
v 9.850078583 -1.845318794 7.073710442
vn 0.0209646225 -0.9997802377 -1.181564091e-08
v 9.427852631 -1.845318794 7.073710442
vn -0.07556238025 -0.9971410632 2.737728266e-08
v 8.340082169 -1.845318794 -0.3292915523
vn -0.0209646374 -0.9997802377 3.375899782e-09
v 8.762306213 -1.845318794 -0.3292915523
vn 0.07556205243 -0.9971411228 -6.083814341e-09
v 8.762307167 -1.845318794 7.073710442
vn 0.0209646374 -0.9997802377 -3.37589956e-09
v 8.340083122 -1.845318794 7.073710442
vn -0.07556205243 -0.9971411228 6.083814341e-09
v 7.25231123 -1.845318794 -0.3292915523
vn -0.02096470073 -0.9997802377 9.283753322e-09
v 7.674536228 -1.845318794 -0.3292915523
vn 0.07556210458 -0.9971411228 -9.125727729e-09
v 7.674536228 -1.845318794 7.073710442
vn 0.0209646523 -0.9997802377 6.120095609e-17
v 7.252314568 -1.845318794 7.073710442
vn -0.07556246966 -0.9971410632 1.673058136e-08
v 6.164541721 -1.845318794 -0.3292915523
vn -0.02096464112 -0.9997802377 6.121888275e-17
v 6.58676672 -1.845318794 -0.3292915523
vn 0.07556179911 -0.9971411228 6.102498499e-17
v 6.58676672 -1.845318794 7.073710442
vn 0.02096456662 -0.9997802377 6.120095609e-17
v 6.164541721 -1.845318794 7.073710442
vn -0.07556277514 -0.9971410632 6.105727812e-17
v 5.076773167 -1.845318794 -0.3292915523
vn -0.02096462622 -0.9997802377 6.123680279e-17
v 5.498998165 -1.845318794 -0.3292915523
vn 0.0755622834 -0.9971410632 -1.673054051e-08
v 5.498998165 -1.845318794 7.073710442
vn 0.02096457034 -0.9997802377 6.121888275e-17
v 5.076773167 -1.845318794 7.073710442
vn -0.07556251436 -0.9971410632 6.108957787e-17
v 3.98900342 -1.845318794 -0.3292915523
vn -0.02096460573 -0.9997802377 6.121888275e-17
v 4.411228657 -1.845318794 -0.3292915523
vn 0.07556173205 -0.9971411228 6.105728474e-17
v 4.411228657 -1.845318794 7.073710442
vn 0.02096455544 -0.9997802377 6.121888275e-17
v 3.98900342 -1.845318794 7.073710442
vn -0.0755623877 -0.9971410632 6.105727812e-17
v 3.957812786 -1.826957226 -0.3292915523
vn -0.8343180418 -0.5512833595 3.299384574e-17
v 3.957812786 -1.826957226 7.073710442
vn -0.8343180418 -0.5512833595 3.37563706e-17
v 3.843715668 -1.62543869 7.073710442
vn -0.834305048 -0.5513030887 3.299503688e-17
v 3.843715668 -1.62543869 -0.3292915523
vn -0.834305048 -0.5513030887 3.223249547e-17
v 3.354649544 -1.826957226 7.073710442
vn 0.8343181014 -0.5512833595 3.451889547e-17
v 3.354649544 -1.826957226 -0.3292915523
vn 0.8343181014 -0.5512833595 3.37563706e-17
v 3.468746662 -1.62543869 -0.3292915523
vn 0.8343062997 -0.5513011813 3.452000389e-17
v 3.468746662 -1.62543869 7.073710442
vn 0.8343062997 -0.5513011813 3.52825453e-17
v -4.746856689 -1.828695655 -0.3292915523
vn -0.7542705536 -0.6565637589 4.020293323e-17
v -4.746856689 -1.828695655 7.073710442
vn -0.7542705536 -0.6565637589 4.020293323e-17
v -4.90606308 -1.623703003 7.073710442
vn -0.7542596459 -0.6565762758 4.020370085e-17
v -4.90606308 -1.623703003 -0.3292915523
vn -0.7542596459 -0.6565762758 4.020370085e-17
v -5.576903343 -1.828695655 7.073710442
vn 0.7897881269 -0.6133797169 3.75505455e-17
v -5.576903343 -1.828695655 -0.3292915523
vn 0.7897881269 -0.6133797169 3.755867503e-17
v -5.417694092 -1.62370038 -0.3292915523
vn 0.7542546391 -0.6565820575 4.020405488e-17
v -5.417694092 -1.62370038 7.073710442
vn 0.7542546391 -0.6565820575 4.020405488e-17
v -3.656574965 -1.826957226 -0.3292915523
vn -0.8343195915 -0.5512810946 3.378601014e-17
v -3.656574965 -1.826957226 7.073710442
vn -0.8343195915 -0.5512810946 3.375623164e-17
v -3.770672083 -1.62543869 7.073710442
vn -0.8343113065 -0.5512936115 3.378677445e-17
v -3.770672083 -1.62543869 -0.3292915523
vn -0.8343113065 -0.5512936115 3.381654965e-17
v -4.259738922 -1.826957226 7.073710442
vn 0.8343169689 -0.5512850285 1.875691282e-07
v -4.259735584 -1.826957226 -0.3292915523
vn 0.8343206048 -0.5512795448 3.35873068e-07
v -4.145638943 -1.62543869 -0.3292915523
vn 0.8343066573 -0.5513006449 1.539157211e-07
v -4.145638943 -1.62543869 7.073710442
vn 0.8343040347 -0.5513046384 3.375767424e-17
v -2.568804502 -1.826957226 -0.3292915523
vn -0.8343185186 -0.5512827039 -1.682859541e-08
v -2.568804502 -1.826957226 7.073710442
vn -0.8343216181 -0.5512779951 3.375604304e-17
v -2.682901621 -1.62543869 7.073710442
vn -0.834308207 -0.5512983203 3.372750862e-17
v -2.682901621 -1.62543869 -0.3292915523
vn -0.834308207 -0.5512983203 3.369773012e-17
v -3.171967268 -1.826957226 7.073710442
vn 0.8343143463 -0.5512889624 3.37269329e-17
v -3.171967268 -1.826957226 -0.3292915523
vn 0.8343143463 -0.5512889624 3.375671471e-17
v -3.057868958 -1.62543869 -0.3292915523
vn 0.834308207 -0.5512983203 3.375728712e-17
v -3.057868958 -1.62543869 7.073710442
vn 0.834308207 -0.5512983203 3.375728712e-17
v -1.481036663 -1.826957226 -0.3292915523
vn -0.8343122602 -0.5512921214 3.375690662e-17
v -1.481036663 -1.826957226 7.073710442
vn -0.8343122602 -0.5512921214 3.375690662e-17
v -1.595133662 -1.62543869 7.073710442
vn -0.8343113065 -0.5512936115 3.378677445e-17
v -1.595133662 -1.62543869 -0.3292915523
vn -0.8343113065 -0.5512936115 3.381654965e-17
v -2.084196329 -1.826957226 7.073710442
vn 0.8343179822 -0.5512834787 1.402382122e-08
v -2.084196329 -1.826957226 -0.3292915523
vn 0.8343206048 -0.5512795448 3.375613568e-17
v -1.970100999 -1.62543869 -0.3292915523
vn 0.8343123794 -0.5512920022 3.37569e-17
v -1.970100999 -1.62543869 7.073710442
vn 0.8343123794 -0.5512920022 3.37569e-17
v -0.3932636082 -1.826957226 -0.3292915523
vn -0.834313333 -0.5512905717 -1.847285631e-07
v -0.3932668865 -1.826957226 7.073710442
vn -0.834313333 -0.5512905717 -3.694571262e-07
v -0.5073638558 -1.62543869 7.073710442
vn -0.8343074322 -0.5512995124 -1.693074552e-07
v -0.5073638558 -1.62543869 -0.3292915523
vn -0.8343045712 -0.5513038039 3.528271074e-17
v -0.9964282513 -1.826957226 7.073710442
vn 0.8343195915 -0.5512810946 3.299370346e-17
v -0.9964282513 -1.826957226 -0.3292915523
vn 0.8343195915 -0.5512810946 3.375623164e-17
v -0.8823304176 -1.62543869 -0.3292915523
vn 0.8343087435 -0.5512975454 3.299469277e-17
v -0.8823304176 -1.62543869 7.073710442
vn 0.8343087435 -0.5512975454 3.223214805e-17
v 0.6945031881 -1.826957226 -0.3292915523
vn -0.8343148828 -0.5512881875 3.378644689e-17
v 0.6945031881 -1.826957226 7.073710442
vn -0.8343148828 -0.5512881875 3.375666508e-17
v 0.580406189 -1.62543869 7.073710442
vn -0.8343087435 -0.5512975454 3.369768379e-17
v 0.580406189 -1.62543869 -0.3292915523
vn -0.8343087435 -0.5512975454 3.363812679e-17
v 0.09134148806 -1.826957226 7.073710442
vn 0.8343164325 -0.5512858629 8.414277275e-09
v 0.09134148806 -1.826957226 -0.3292915523
vn 0.8343179822 -0.5512834787 3.375637722e-17
v 0.2054387778 -1.62543869 -0.3292915523
vn 0.834308207 -0.5512983203 3.381684082e-17
v 0.2054387778 -1.62543869 7.073710442
vn 0.834308207 -0.5512983203 3.387639782e-17
v 1.782274604 -1.826957226 -0.3292915523
vn -0.8343179822 -0.5512834787 3.375637722e-17
v 1.782274604 -1.826957226 7.073710442
vn -0.8343179822 -0.5512834787 3.375637722e-17
v 1.668177605 -1.62543869 7.073710442
vn -0.8343058825 -0.551301837 3.375750219e-17
v 1.668177605 -1.62543869 -0.3292915523
vn -0.8343058825 -0.551301837 3.375750219e-17
v 1.179111242 -1.826957226 7.073710442
vn 0.8343179822 -0.5512834787 3.375637722e-17
v 1.179111242 -1.826957226 -0.3292915523
vn 0.8343179822 -0.5512834787 3.375637722e-17
v 1.29320848 -1.62543869 -0.3292915523
vn 0.8343055844 -0.5513022542 3.372775016e-17
v 1.29320848 -1.62543869 7.073710442
vn 0.8343055844 -0.5513022542 3.369797165e-17
v 2.87004447 -1.826957226 -0.3292915523
vn -0.8343206048 -0.5512795448 3.372635718e-17
v 2.87004447 -1.826957226 7.073710442
vn -0.8343206048 -0.5512795448 3.375613568e-17
v 2.755947351 -1.62543869 7.073710442
vn -0.834302485 -0.551306963 3.372803471e-17
v 2.755947351 -1.62543869 -0.3292915523
vn -0.834302485 -0.551306963 3.36982562e-17
v 2.266879797 -1.826957226 7.073710442
vn 0.8343200684 -0.5512803197 3.375618532e-17
v 2.266879797 -1.826957226 -0.3292915523
vn 0.8343200684 -0.5512803197 3.375618532e-17
v 2.380976915 -1.62543869 -0.3292915523
vn 0.8343030214 -0.5513061881 3.375776689e-17
v 2.380976915 -1.62543869 7.073710442
vn 0.8343030214 -0.5513061881 3.375776689e-17
v 12.88936424 -1.828695655 -0.3292915523
vn -0.7897863388 -0.6133820415 2.617576342e-07
v 12.8893671 -1.828695655 7.073710442
vn -0.7897881269 -0.6133797169 3.179455916e-07
v 12.73015594 -1.62370038 7.073710442
vn -0.7542571425 -0.6565791368 2.593811246e-07
v 12.73015594 -1.623703003 -0.3292915523
vn -0.7542596459 -0.6565762758 2.378865531e-07
v 12.05931759 -1.828695655 7.073710442
vn 0.7542695403 -0.6565648913 -1.563786611e-07
v 12.05931568 -1.828695655 -0.3292915523
vn 0.754268527 -0.6565660834 -1.821878612e-07
v 12.21852303 -1.623703003 -0.3292915523
vn 0.7542591691 -0.6565768123 -1.540982453e-07
v 12.21852398 -1.623703003 7.073710442
vn 0.7542586327 -0.6565774083 -1.214569778e-07
v 11.57219791 -1.826957226 -0.3292915523
vn -0.834315896 -0.5512866378 2.715017047e-07
v 11.57220268 -1.826957226 7.073710442
vn -0.8343154192 -0.5512874126 5.373935323e-07
v 11.45810127 -1.62543869 7.073710442
vn -0.834308207 -0.5512983203 2.462656141e-07
v 11.45810127 -1.62543869 -0.3292915523
vn -0.8343123794 -0.5512920022 3.36973463e-17
v 10.96903801 -1.826957226 7.073710442
vn 0.8343164325 -0.5512858629 -1.007614117e-07
v 10.9690361 -1.826957226 -0.3292915523
vn 0.8343164325 -0.5512858629 -2.015228233e-07
v 11.0831337 -1.62543869 -0.3292915523
vn 0.8343087435 -0.5512975454 -9.234966569e-08
v 11.0831337 -1.62543869 7.073710442
vn 0.8343102932 -0.5512951612 3.381664891e-17
v 10.48442841 -1.826957226 -0.3292915523
vn -0.8343164325 -0.5512858629 1.903737683e-07
v 10.48443127 -1.826957226 7.073710442
vn -0.8343122602 -0.5512921214 3.358697143e-07
v 10.37033176 -1.62543869 7.073710442
vn -0.8343045712 -0.5513038039 1.539153374e-07
v 10.37033176 -1.62543869 -0.3292915523
vn -0.8343071342 -0.55129987 3.381694008e-17
v 9.881267548 -1.826957226 7.073710442
vn 0.8343148828 -0.5512881875 -1.963327634e-08
v 9.881267548 -1.826957226 -0.3292915523
vn 0.8343112469 -0.5512937307 3.375700588e-17
v 9.995366096 -1.62543869 -0.3292915523
vn 0.8343113065 -0.5512936115 3.299444792e-17
v 9.995366096 -1.62543869 7.073710442
vn 0.8343113065 -0.5512936115 3.22318999e-17
v 9.396659851 -1.826957226 -0.3292915523
vn -0.8343185186 -0.5512827039 1.175902611e-07
v 9.396661758 -1.826957226 7.073710442
vn -0.8343154192 -0.5512874126 2.015225817e-07
v 9.28256321 -1.62543869 7.073710442
vn -0.8343097568 -0.5512959361 9.234977938e-08
v 9.28256321 -1.62543869 -0.3292915523
vn -0.8343113065 -0.5512936115 3.375699926e-17
v 8.793498993 -1.826957226 7.073710442
vn 0.8343164325 -0.5512858629 -5.609518183e-09
v 8.793498993 -1.826957226 -0.3292915523
vn 0.8343154192 -0.5512874126 3.375661876e-17
v 8.907595634 -1.62543869 -0.3292915523
vn 0.8343092203 -0.551296711 3.378696636e-17
v 8.907595634 -1.62543869 7.073710442
vn 0.8343092203 -0.551296711 3.381674486e-17
v 8.308890343 -1.826957226 -0.3292915523
vn -0.834315896 -0.5512866378 5.609514631e-09
v 8.308890343 -1.826957226 7.073710442
vn -0.8343148828 -0.5512881875 3.375666508e-17
v 8.194793701 -1.62543869 7.073710442
vn -0.8343092203 -0.551296711 3.369763416e-17
v 8.194793701 -1.62543869 -0.3292915523
vn -0.8343092203 -0.551296711 3.363807716e-17
v 7.705729008 -1.826957226 7.073710442
vn 0.8343143463 -0.5512889624 -1.00761163e-07
v 7.7057271 -1.826957226 -0.3292915523
vn 0.8343143463 -0.5512889624 -2.015223259e-07
v 7.819826126 -1.62543869 -0.3292915523
vn 0.8343097568 -0.5512959361 -9.234977938e-08
v 7.819826126 -1.62543869 7.073710442
vn 0.8343113065 -0.5512936115 3.381654965e-17
v 7.221120834 -1.826957226 -0.3292915523
vn -0.8343151212 -0.5512878299 1.542615102e-08
v 7.221120834 -1.826957226 7.073710442
vn -0.8343122602 -0.5512921214 3.375690662e-17
v 7.107023716 -1.62543869 7.073710442
vn -0.8343108296 -0.5512943864 3.378682078e-17
v 7.107023716 -1.62543869 -0.3292915523
vn -0.8343108296 -0.5512943864 3.381659928e-17
v 6.617959499 -1.826957226 7.073710442
vn 0.8343122602 -0.5512921214 3.372712481e-17
v 6.617959499 -1.826957226 -0.3292915523
vn 0.8343122602 -0.5512921214 3.375690662e-17
v 6.732058048 -1.62543869 -0.3292915523
vn 0.8343097568 -0.5512959361 3.378691673e-17
v 6.732058048 -1.62543869 7.073710442
vn 0.8343097568 -0.5512959361 3.381669192e-17
v 6.13335228 -1.826957226 -0.3292915523
vn -0.8343200684 -0.5512803197 3.375618532e-17
v 6.13335228 -1.826957226 7.073710442
vn -0.8343200684 -0.5512803197 3.375618532e-17
v 6.019255161 -1.62543869 7.073710442
vn -0.8343084455 -0.5512979031 3.369770696e-17
v 6.019255161 -1.62543869 -0.3292915523
vn -0.8343084455 -0.5512979031 3.363814995e-17
v 5.530190945 -1.826957226 7.073710442
vn 0.8343172073 -0.5512846708 -3.540326645e-07
v 5.530187607 -1.826957226 -0.3292915523
vn 0.8343200684 -0.5512803197 -3.694601389e-07
v 5.644284725 -1.62543869 -0.3292915523
vn 0.834305346 -0.5513026118 -3.540338298e-07
v 5.644288063 -1.62543869 7.073710442
vn 0.834308207 -0.5512983203 -3.694548809e-07
v 5.045582771 -1.826957226 -0.3292915523
vn -0.8343185186 -0.5512827039 3.37861094e-17
v 5.045582771 -1.826957226 7.073710442
vn -0.8343185186 -0.5512827039 3.37563309e-17
v 4.931485653 -1.62543869 7.073710442
vn -0.8343058825 -0.551301837 3.378728069e-17
v 4.931485653 -1.62543869 -0.3292915523
vn -0.8343058825 -0.551301837 3.381705919e-17
v 4.442421436 -1.826957226 7.073710442
vn 0.8343185186 -0.5512827039 3.37563309e-17
v 4.442421436 -1.826957226 -0.3292915523
vn 0.8343185186 -0.5512827039 3.37563309e-17
v 4.556516171 -1.62543869 -0.3292915523
vn 0.8343092203 -0.551296711 3.375718786e-17
v 4.556516171 -1.62543869 7.073710442
vn 0.8343092203 -0.551296711 3.375718786e-17
v 12.90227318 -1.845318794 -0.3292915523
vn -0.7898110151 -0.6133502722 3.734003135e-17
v 12.90227318 -1.845318794 7.073710442
vn -0.7898452878 -0.6133061051 1.589843066e-07
v -5.589811325 -1.845318794 7.073710442
vn 0.7898384333 -0.6133149862 3.733787075e-17
v -5.589811325 -1.845318794 -0.3292915523
vn 0.7898384333 -0.6133149862 3.744629097e-17
v -5.917649746 1.873648643 7.138905048
vn -0.9991968274 -0.04007147998 2.436685694e-18
v -5.917649746 1.873648643 -0.3856012225
vn -0.9991968274 -0.04007147998 2.453670401e-18
v -5.917649746 1.44464767 -0.3856012225
vn -0.9991968274 0.04007147998 -2.436685694e-18
v -5.917649746 1.44464767 7.138905048
vn -0.9991968274 0.04007147998 -2.453670401e-18
v -5.917649746 6.040267467 7.138905048
vn -0.9996843934 -0.02512148581 1.544719469e-18
v -5.917649746 6.040267467 -0.3856012225
vn -0.9996843934 -0.02512148581 1.538247401e-18
v -5.917649746 5.435305119 -0.3856012225
vn -0.9996491671 0.02648618631 -1.621811151e-18
v -5.917649746 5.435305119 7.138905048
vn -0.9996491671 0.02648618631 -1.621811151e-18
v -5.917649746 4.499214649 7.138905048
vn -0.9991968274 -0.04007167369 2.436697068e-18
v -5.917649746 4.499214649 -0.3856012225
vn -0.9991968274 -0.04007167369 2.453682395e-18
v -5.917649746 4.070216656 -0.3856012225
vn -0.9991968274 0.04007165879 -2.436696034e-18
v -5.917649746 4.070216656 7.138905048
vn -0.9991968274 0.04007165879 -2.453681361e-18
v -5.917649746 3.186434507 7.138905048
vn -0.9991968274 -0.0400714837 2.453670607e-18
v -5.917649746 3.186434507 -0.3856012225
vn -0.9991968274 -0.0400714837 2.453670607e-18
v -5.917649746 2.75743413 -0.3856012225
vn -0.9991968274 0.0400711894 -2.453652616e-18
v -5.917649746 2.75743413 7.138905048
vn -0.9991968274 0.0400711894 -2.453652616e-18
v -5.917649746 -1.409184456 -0.3856012225
vn -0.9997239113 0.02349767461 -1.432245343e-18
v -5.917649746 -1.409184456 7.138905048
vn -0.9997239113 0.02349767461 -1.438817603e-18
v -5.917649746 -0.804223597 7.138905048
vn -0.9996491671 -0.02648621239 1.634561416e-18
v -5.917649746 -0.804223597 -0.3856012225
vn -0.9996491671 -0.02648621239 1.621812805e-18
v -5.917649746 0.1318665147 -0.3856012225
vn -0.9991968274 0.04007147998 -2.470655727e-18
v -5.917649746 0.1318665147 7.138905048
vn -0.9991968274 0.04007147998 -2.453670401e-18
v -5.917649746 0.5608662963 7.138905048
vn -0.9991968274 -0.04007159546 2.453677432e-18
v -5.917649746 0.5608662963 -0.3856012225
vn -0.9991968274 -0.04007159546 2.453677432e-18
v -6.181760788 4.681731224 7.138905048
vn -0.9998509884 -0.0172614269 1.07159108e-18
v -6.181760788 5.200485706 7.138905048
vn -0.9983361959 0.05766099319 -3.502965551e-18
v -6.181760788 5.200485706 -0.3856012225
vn -0.9998753071 0.0157930851 -9.518451061e-19
v -6.181760788 4.681731224 -0.3856012225
vn -0.9979881048 -0.06340170652 3.909109164e-18
v -6.181760788 3.368947506 7.138905048
vn -0.9998509884 -0.01726148464 1.05696115e-18
v -6.181760788 3.887700081 7.138905048
vn -0.9979881048 0.06340184808 -3.882243578e-18
v -6.181760788 3.887700081 -0.3856012225
vn -0.9998509884 0.01726148464 -1.05696115e-18
v -6.181760788 3.368947506 -0.3856012225
vn -0.9979881048 -0.06340184808 3.882243578e-18
v -6.181760788 2.056161642 7.138905048
vn -0.9998509884 -0.0172613468 1.056952672e-18
v -6.181760788 2.57491827 7.138905048
vn -0.9979881644 0.06340068579 -3.882172441e-18
v -6.181760788 2.57491827 -0.3856012225
vn -0.9998509884 0.01726130024 -1.05694988e-18
v -6.181760788 2.056161642 -0.3856012225
vn -0.9979881048 -0.06340131164 3.882210905e-18
v -6.181760788 -0.05065048859 -0.3856012225
vn -0.9998509884 0.01726147346 -1.042326671e-18
v -6.181760788 -0.5694030523 -0.3856012225
vn -0.9983361959 -0.05766118318 3.502977132e-18
v -6.181760788 -0.5694030523 7.138905048
vn -0.9998753071 -0.01579314284 9.518486216e-19
v -6.181760788 -0.05065048859 7.138905048
vn -0.9979881048 0.06340172142 -3.855360622e-18
v -6.181760788 1.262135863 -0.3856012225
vn -0.9998509884 0.01726145111 -1.086225766e-18
v -6.181760788 0.7433819771 -0.3856012225
vn -0.9979881048 -0.06340099126 3.855314714e-18
v -6.181760788 0.7433819771 7.138905048
vn -0.9998509884 -0.01726138778 1.042320571e-18
v -6.181760788 1.262135863 7.138905048
vn -0.9979881048 0.06340184808 -3.93599212e-18
v -6.163314342 1.293118477 -0.3856012225
vn -0.5249797702 0.8511146903 -5.216992389e-17
v -6.163314342 1.293118477 7.138905048
vn -0.5249797702 0.8511146903 -5.211574356e-17
v -5.936096668 1.413665056 7.138905048
vn -0.5249790549 0.8511151671 -5.208868152e-17
v -5.936096668 1.413665056 -0.3856012225
vn -0.5249790549 0.8511151671 -5.206159301e-17
v -6.163314342 2.025177956 7.138905048
vn -0.5249828696 -0.851112783 5.211562776e-17
v -6.163314342 2.025177956 -0.3856012225
vn -0.5249828696 -0.851112783 5.211562776e-17
v -5.936096668 1.904631257 -0.3856012225
vn -0.524979353 -0.8511149883 5.208867159e-17
v -5.936096668 1.904631257 7.138905048
vn -0.524979353 -0.8511149883 5.206158308e-17
v -6.164843559 5.234007359 -0.3856012225
vn -0.6314437389 0.775421679 -4.590383554e-17
v -6.164843559 5.234007359 7.138905048
vn -0.6314437389 0.775421679 -4.748088515e-17
v -5.934566498 5.401781559 7.138905048
vn -0.6314471364 0.7754189372 -4.592921344e-17
v -5.934566498 5.401781559 -0.3856012225
vn -0.6314471364 0.7754189372 -4.437770716e-17
v -6.165686131 6.26899147 7.138905048
vn -0.6416956186 -0.7669594288 4.696271937e-17
v -6.165686131 6.26899147 -0.3856012225
vn -0.6416956186 -0.7669594288 4.696271937e-17
v -5.933722496 6.074913502 -0.3856012225
vn -0.6779080033 -0.7351467609 4.502703071e-17
v -5.933722496 6.074913502 7.138905048
vn -0.6779080033 -0.7351467609 4.503930276e-17
v -6.163314342 3.91868329 -0.3856012225
vn -0.5249894857 0.8511087298 -5.134199551e-17
v -6.163314342 3.91868329 7.138905048
vn -0.5249894857 0.8511087298 -5.21153796e-17
v -5.936096668 4.039233208 7.138905048
vn -0.5249893069 0.8511087894 -5.131491361e-17
v -5.936096668 4.039233208 -0.3856012225
vn -0.5249893069 0.8511087894 -5.051444101e-17
v -6.163314342 4.650748253 7.138905048
vn -0.524989903 -0.8511084914 5.136906747e-17
v -6.163314342 4.650748253 -0.3856012225
vn -0.524989903 -0.8511084914 5.211536306e-17
v -5.936096668 4.530198097 -0.3856012225
vn -0.5249900818 -0.8511083722 5.131488384e-17
v -5.936096668 4.530198097 7.138905048
vn -0.5249900818 -0.8511083722 5.051441123e-17
v -6.163314342 2.605904818 -0.3856012225
vn -0.5249801874 0.8511144519 -5.211573033e-17
v -6.163314342 2.605904818 7.138905048
vn -0.5249801874 0.8511144519 -5.211573033e-17
v -5.936096668 2.726447582 7.138905048
vn -0.5249792933 0.8511149883 -5.211576341e-17
v -5.936096668 2.726447582 -0.3856012225
vn -0.5249792933 0.8511149883 -5.211576341e-17
v -6.163314342 3.337964296 7.138905048
vn -0.5249814987 -0.851113677 5.21156807e-17
v -6.163314342 3.337964296 -0.3856012225
vn -0.5249814987 -0.851113677 5.21156807e-17
v -5.936096668 3.217417717 -0.3856012225
vn -0.5249803662 -0.8511143327 5.211572371e-17
v -5.936096668 3.217417717 7.138905048
vn -0.5249803662 -0.8511143327 5.211572371e-17
v -6.164843559 -0.6029247046 7.138905048
vn -0.631444335 -0.7754212022 4.590380576e-17
v -6.164843559 -0.6029247046 -0.3856012225
vn -0.631444335 -0.7754212022 4.748085537e-17
v -5.934566498 -0.7706992626 -0.3856012225
vn -0.6314494014 -0.7754170895 4.595464428e-17
v -5.934566498 -0.7706992626 7.138905048
vn -0.6314494014 -0.7754170895 4.442868465e-17
v -6.166700363 -1.672082901 -0.3856012225
vn -0.69643718 0.7176177502 -4.394141571e-17
v -6.166700363 -1.672082901 7.138905048
vn -0.69643718 0.7176177502 -4.394141571e-17
v -5.932710648 -1.444999337 7.138905048
vn -0.7259677052 0.6877288222 -4.209961205e-17
v -5.932710648 -1.444999337 -0.3856012225
vn -0.7259677052 0.6877288222 -4.208797858e-17
v -6.163314342 -0.01966665685 -0.3856012225
vn -0.524989903 0.8511084914 -5.286165533e-17
v -6.163314342 -0.01966665685 7.138905048
vn -0.524989903 0.8511084914 -5.211536306e-17
v -5.936096668 0.1008826792 7.138905048
vn -0.5249889493 0.8511090279 -5.291586875e-17
v -5.936096668 0.1008826792 -0.3856012225
vn -0.5249889493 0.8511090279 -5.371634136e-17
v -6.163314342 0.7123954296 7.138905048
vn -0.524989903 -0.8511084914 5.286165202e-17
v -6.163314342 0.7123954296 -0.3856012225
vn -0.524989903 -0.8511084914 5.211536306e-17
v -5.936096668 0.5918487906 -0.3856012225
vn -0.5249788761 -0.8511152864 5.288916405e-17
v -5.936096668 0.5918487906 7.138905048
vn -0.5249788761 -0.8511152864 5.366254815e-17
v -6.181760788 6.282440662 7.138905048
vn -0.6416909099 -0.7669633627 4.69629609e-17
v -6.181760788 6.282440662 -0.3856012225
vn -0.6416909099 -0.7669633627 4.69629609e-17
v -6.181760788 -1.686698914 -0.3856012225
vn -0.6964409947 0.7176141143 -4.394119072e-17
v -6.181760788 -1.686698914 7.138905048
vn -0.6964409947 0.7176141143 -4.394119072e-17
v 13.57157612 2.247195244 2.937458515
vn 0.9992160201 0.0395899117 -2.424182859e-18
v 13.57157612 1.858177304 2.937458515
vn 0.9885518551 -0.1508814096 9.238821621e-18
v 13.57157612 1.858177304 1.647006631
vn 0.9992160797 -0.03958848491 2.424095592e-18
v 13.57157612 2.247195244 1.647006631
vn 0.9885510802 0.1508867294 -9.23914753e-18
v 13.57157612 -1.625938773 3.456982613
vn 0.9990959764 -0.04251131415 2.603067284e-18
v 13.57157612 -1.263697863 3.456982613
vn 0.986831367 0.1617525965 -9.904489428e-18
v 13.57157612 -1.263697863 4.747424126
vn 0.9990959764 0.0425112918 -2.603065837e-18
v 13.57157612 -1.625938773 4.747424126
vn 0.9868313074 -0.161752671 9.904494391e-18
v 13.5542593 1.858177304 6.718412399
vn 0.9999809265 -0.005546860397 0.002709398046
v 13.5542593 -1.263697863 6.718412399
vn 0.9998885989 0.005546348169 0.01385927759
v 13.5542593 -1.263697863 6.32020092
vn 0.9993627071 0.005879708566 -0.03520865738
v 13.5542593 1.858177304 6.32020092
vn 0.9901950359 -0.006454751361 -0.139542684
v 13.5542593 -1.263697863 -0.2320477664
vn 0.9999819994 0.005546865985 -0.00229586265
v 13.5542593 1.858177304 -0.2320477664
vn 0.9998928905 -0.005546371918 -0.01354438532
v 13.5542593 1.858177304 0.2055441588
vn 0.9994695783 -0.005812158342 0.03204355389
v 13.5542593 -1.263697863 0.2055441588
vn 0.9918575287 0.006270204671 0.1271980256
v 13.57157612 2.247195244 6.718412399
vn 0.9962758422 0.07747477293 0.03784302995
v 13.57157612 1.858177304 6.718412399
vn 0.9919720888 -0.04415713623 0.1184967533
v 13.57157612 1.858177304 6.32020092
vn 0.9990106821 -0.0444704555 2.723030186e-18
v 13.57157612 2.247195244 6.32020092
vn 0.997174859 0.07511505485 -4.599470794e-18
v 13.57157612 1.858177304 -0.2320477664
vn 0.9988155961 -0.04446176812 -0.0197631903
v 13.57157612 2.247195244 -0.2320477664
vn 0.9911858439 0.07707895339 -0.1077474058
v 13.57157612 2.247195244 0.2055441588
vn 0.9969106913 0.07854357362 -4.809406752e-18
v 13.57157612 1.858177304 0.2055441588
vn 0.9990600348 -0.04334741831 2.654263974e-18
v 13.57157612 -1.625938773 -0.2320477664
vn 0.995940268 -0.08317371458 -0.03442582116
v 13.57157612 -1.263697863 -0.2320477664
vn 0.9930226207 0.04747146741 -0.1079470739
v 13.57157612 -1.263697863 0.2055441588
vn 0.9988592863 0.04775049165 -2.923874395e-18
v 13.57157612 -1.625938773 0.2055441588
vn 0.9967033863 -0.08113139868 4.967865606e-18
v 13.57157612 -1.263697863 6.718412399
vn 0.9986237884 0.04773923382 0.02171345428
v 13.57157612 -1.625938773 6.718412399
vn 0.9895442724 -0.08263956755 0.118206732
v 13.57157612 -1.625938773 6.32020092
vn 0.9964165688 -0.08458140492 5.179117195e-18
v 13.57157612 -1.263697863 6.32020092
vn 0.9989295602 0.04625762254 -2.832462459e-18
v 13.54132462 2.247195244 -0.2320477664
vn 0 0.9137932062 -0.4061797261
v 13.54132462 2.247195244 0.2055441588
vn 0 1 -6.123234263e-17
v 13.54132462 2.247195244 2.937458515
vn 0 1 -6.123234263e-17
v 13.54132462 2.247195244 1.647006631
vn 0 1 -6.123234263e-17
v 13.54132462 2.247195244 6.32020092
vn 0 1 -6.123234263e-17
v 13.54132462 2.247195244 6.718412399
vn 0 0.5455709696 0.838064611
v 13.54132462 1.858177304 3.456982613
vn 0 -1 6.123234263e-17
v 13.57157612 1.858177304 3.456982613
vn 0.9992160201 -0.03958991542 2.424183066e-18
v 13.57157612 1.858177304 4.747424126
vn 0.9885518551 -0.1508814543 9.238824929e-18
v 13.54132462 1.858177304 4.747424126
vn 0 -1 6.123234263e-17
v 13.54132462 -1.625938773 6.718412399
vn 0 -0.9102672935 0.414021045
v 13.54132462 -1.625938773 6.32020092
vn 0 -1 6.123234263e-17
v 13.54132462 -1.625938773 3.456982613
vn 0 -1 6.123234263e-17
v 13.54132462 -1.625938773 4.747424126
vn 0 -1 6.123234263e-17
v 13.54132462 -1.625938773 0.2055441588
vn 0 -1 6.123234263e-17
v 13.54132462 -1.625938773 -0.2320477664
vn 0 -0.6092206836 -0.7930006981
v 13.54132462 -1.263697863 2.937458515
vn 0 1 -6.123234263e-17
v 13.57157612 -1.263697863 2.937458515
vn 0.9990959764 0.0425113067 -2.603066871e-18
v 13.57157612 -1.263697863 1.647006631
vn 0.9868304133 0.1617582887 -9.904838499e-18
v 13.54132462 -1.263697863 1.647006631
vn 0 1 -6.123234263e-17
v 13.52620029 -1.263697863 3.456982613
vn 0.9999881387 0.002490333049 -0.004186885431
v 13.52620029 1.858177304 3.456982613
vn 0.9998197556 -0.009506720118 -0.01643249393
v 13.52620029 1.858177304 4.747424126
vn 0.9999881387 -0.002490331419 0.004186886363
v 13.52620029 -1.263697863 4.747424126
vn 0.9998197556 0.009506723844 0.01643250324
v 13.57157612 2.247195244 6.306890011
vn 0.9992159605 0.03959068656 -2.424230422e-18
v 13.57157612 1.858177304 6.306890011
vn 0.9928363562 -0.1194820628 7.316166018e-18
v 13.57157612 1.858177304 5.263819695
vn 0.9992242455 -0.03938151151 2.411422151e-18
v 13.57157612 2.247195244 5.263819695
vn 0.9885523319 0.1508783996 -9.238637159e-18
v 13.57157612 2.247195244 4.747424126
vn 0.9992160201 0.03958990052 -2.424182239e-18
v 13.57157612 2.247195244 3.456982613
vn 0.9885518551 0.1508813947 -9.238820793e-18
v 13.57157612 1.858177304 0.2172061056
vn 0.9997381568 -0.02288142592 1.401083278e-18
v 13.57157612 2.247195244 0.2172061056
vn 0.9885517359 0.1508821398 -9.238866288e-18
v 13.57157612 2.247195244 1.132270813
vn 0.9992160201 0.03958971798 -2.424171072e-18
v 13.57157612 1.858177304 1.132270813
vn 0.9928537607 -0.1193374097 7.307308568e-18
v 13.57157612 -1.625938773 0.2172061056
vn 0.9990959764 -0.04251109809 2.603054049e-18
v 13.57157612 -1.263697863 0.2172061056
vn 0.9917513728 0.1281766593 -7.848556831e-18
v 13.57157612 -1.263697863 1.132270813
vn 0.9991055131 0.04228650779 -2.589301758e-18
v 13.57157612 -1.625938773 1.132270813
vn 0.9868311882 -0.1617533863 9.904538232e-18
v 13.57157612 -1.625938773 1.647006631
vn 0.999096036 -0.04250977561 2.602972986e-18
v 13.57157612 -1.625938773 2.937458515
vn 0.986831367 -0.1617526114 9.904490256e-18
v 13.57157612 -1.263697863 6.306890011
vn 0.9996980429 0.02457244322 -1.504628196e-18
v 13.57157612 -1.625938773 6.306890011
vn 0.9868318439 -0.1617495269 9.904301658e-18
v 13.57157612 -1.625938773 5.263819695
vn 0.9990959764 -0.0425121747 2.60311981e-18
v 13.57157612 -1.263697863 5.263819695
vn 0.9917720556 0.128016308 -7.838738197e-18
v 13.54132462 2.247195244 6.306890011
vn 0 1 -6.123234263e-17
v 13.54132462 2.247195244 5.263819695
vn 0 1 -6.123234263e-17
v 13.54132462 2.247195244 4.747424126
vn 0 1 -6.123234263e-17
v 13.54132462 2.247195244 3.456982613
vn 0 1 -6.123234263e-17
v 13.54132462 2.247195244 0.2172061056
vn 0 1 -6.123234263e-17
v 13.54132462 2.247195244 1.132270813
vn 0 1 -6.123234263e-17
v 13.55409908 1.858177304 0.2172061056
vn 0 -1 6.123234263e-17
v 13.54148674 1.858177304 1.132270813
vn 0 -1 6.123234263e-17
v 13.54132462 1.858177304 1.647006631
vn 0 -1 6.123234263e-17
v 13.54132462 1.858177304 2.937458515
vn 0 -1 6.123234263e-17
v 13.55409908 1.858177304 6.306890011
vn 0 -1 6.123234263e-17
v 13.54148674 1.858177304 5.263819695
vn 0 -1 6.123234263e-17
v 13.54132462 -1.625938773 0.2172061056
vn 0 -1 6.123234263e-17
v 13.54132462 -1.625938773 1.132270813
vn 0 -1 6.123234263e-17
v 13.54132462 -1.625938773 1.647006631
vn 0 -1 6.123234263e-17
v 13.54132462 -1.625938773 2.937458515
vn 0 -1 6.123234263e-17
v 13.54132462 -1.625938773 6.306890011
vn 0 -1 6.123234263e-17
v 13.54132462 -1.625938773 5.263819695
vn 0 -1 6.123234263e-17
v 13.55409908 -1.263697863 6.306890011
vn 0 1 -6.123234263e-17
v 13.54148674 -1.263697863 5.263819695
vn 0 1 -6.123234263e-17
v 13.54132462 -1.263697863 4.747424126
vn 0 1 -6.123234263e-17
v 13.54132462 -1.263697863 3.456982613
vn 0 1 -6.123234263e-17
v 13.55409908 -1.263697863 0.2172061056
vn 0 1 -6.123234263e-17
v 13.54148674 -1.263697863 1.132270813
vn 0 1 -6.123234263e-17
v 13.52620029 -1.263697863 0.2172061056
vn 0.9999896288 0.00455448078 -2.788815137e-19
v 13.52620029 1.858177304 0.2172061056
vn 0.9999060631 -0.01370822918 8.393869033e-19
v 13.52620029 1.858177304 1.120630026
vn 0.9999862909 -0.002544423798 0.004578369204
v 13.52620029 -1.263697863 1.120630026
vn 0.9997532368 0.01350592449 0.01763556525
v 13.52620029 -1.263697863 1.647006631
vn 0.999991715 0.002485156758 -0.003226072993
v 13.52620029 1.858177304 1.647006631
vn 0.9998746514 -0.009507585317 -0.01266264822
v 13.52620029 1.858177304 2.937458515
vn 0.9999930859 -0.002482824726 0.002759733237
v 13.52620029 -1.263697863 2.937458515
vn 0.9998961091 0.009507447481 0.01083204709
v 13.52620029 1.858177304 6.306890011
vn 0.9999896288 -0.00455391407 2.788468238e-19
v 13.52620029 -1.263697863 6.306890011
vn 0.9999069571 0.01363985054 -8.351999735e-19
v 13.52620029 -1.263697863 5.268863201
vn 0.9999843836 0.002529736375 -0.004981374834
v 13.52620029 1.858177304 5.268863201
vn 0.9997191429 -0.01359927934 -0.01940990053
v 13.57157612 2.247195244 4.763874054
vn 0.9992449284 0.03885283321 -2.379050024e-18
v 13.57157612 2.247195244 5.250508308
vn 0.9881204963 0.153681159 -9.410257284e-18
v 13.57157612 1.858177304 5.250508308
vn 0.9992449284 -0.03885283321 2.379050024e-18
v 13.57157612 1.858177304 4.763874054
vn 0.9881204963 -0.153681159 9.410257284e-18
v 13.57157612 2.247195244 2.95390892
vn 0.9992449284 0.03885283321 -2.379050024e-18
v 13.57157612 2.247195244 3.440532207
vn 0.9881204963 0.153681159 -9.410257284e-18
v 13.57157612 1.858177304 3.440532207
vn 0.9992449284 -0.03885283321 2.379050024e-18
v 13.57157612 1.858177304 2.95390892
vn 0.9881204963 -0.153681159 9.410257284e-18
v 13.57157612 1.858177304 1.630588293
vn 0.9992449284 -0.03885283321 2.379050024e-18
v 13.57157612 1.858177304 1.143932819
vn 0.9881219268 -0.1536717415 9.409680739e-18
v 13.57157612 2.247195244 1.143932819
vn 0.9992449284 0.03885283321 -2.379050024e-18
v 13.57157612 2.247195244 1.630588293
vn 0.9881204963 0.153681159 -9.410257284e-18
v 13.57157612 -1.625938773 1.630588293
vn 0.999129355 -0.04172002152 2.554614559e-18
v 13.57157612 -1.625938773 1.143932819
vn 0.9863364697 -0.164743349 1.00876206e-17
v 13.57157612 -1.263697863 1.143932819
vn 0.999129355 0.04172002152 -2.554614559e-18
v 13.57157612 -1.263697863 1.630588293
vn 0.9863364697 0.164743349 -1.00876206e-17
v 13.57157612 -1.625938773 3.440532207
vn 0.999129355 -0.04172002152 2.554614559e-18
v 13.57157612 -1.625938773 2.95390892
vn 0.9863364697 -0.164743349 1.00876206e-17
v 13.57157612 -1.263697863 2.95390892
vn 0.999129355 0.04172002152 -2.554614559e-18
v 13.57157612 -1.263697863 3.440532207
vn 0.9863364697 0.164743349 -1.00876206e-17
v 13.57157612 -1.263697863 4.763874054
vn 0.999129355 0.04172002152 -2.554614559e-18
v 13.57157612 -1.263697863 5.250508308
vn 0.986338377 0.1647319198 -1.00869208e-17
v 13.57157612 -1.625938773 5.250508308
vn 0.999129355 -0.04172002152 2.554614559e-18
v 13.57157612 -1.625938773 4.763874054
vn 0.9863364697 -0.164743349 1.00876206e-17
v 13.54132462 2.247195244 4.763874054
vn 0 1 -6.123234263e-17
v 13.54132462 2.247195244 5.250508308
vn 0 1 -6.123234263e-17
v 13.54132462 2.247195244 2.95390892
vn 0 1 -6.123234263e-17
v 13.54132462 2.247195244 3.440532207
vn 0 1 -6.123234263e-17
v 13.54132462 2.247195244 1.143932819
vn 0 1 -6.123234263e-17
v 13.54132462 2.247195244 1.630588293
vn 0 1 -6.123234263e-17
v 13.54132462 1.858177304 1.630588293
vn 0 -1 6.123234263e-17
v 13.54132462 1.858177304 1.143932819
vn 0 -1 6.123234263e-17
v 13.54132462 1.858177304 3.440532207
vn 0 -1 6.123234263e-17
v 13.54132462 1.858177304 2.95390892
vn 0 -1 6.123234263e-17
v 13.54132462 1.858177304 5.250508308
vn 0 -1 6.123234263e-17
v 13.54132462 1.858177304 4.763874054
vn 0 -1 6.123234263e-17
v 13.54132462 -1.625938773 1.630588293
vn 0 -1 6.123234263e-17
v 13.54132462 -1.625938773 1.143932819
vn 0 -1 6.123234263e-17
v 13.54132462 -1.625938773 3.440532207
vn 0 -1 6.123234263e-17
v 13.54132462 -1.625938773 2.95390892
vn 0 -1 6.123234263e-17
v 13.54132462 -1.625938773 5.250508308
vn 0 -1 6.123234263e-17
v 13.54132462 -1.625938773 4.763874054
vn 0 -1 6.123234263e-17
v 13.54132462 -1.263697863 4.763874054
vn 0 1 -6.123234263e-17
v 13.54132462 -1.263697863 5.250508308
vn 0 1 -6.123234263e-17
v 13.54132462 -1.263697863 2.95390892
vn 0 1 -6.123234263e-17
v 13.54132462 -1.263697863 3.440532207
vn 0 1 -6.123234263e-17
v 13.54132462 -1.263697863 1.143932819
vn 0 1 -6.123234263e-17
v 13.54132462 -1.263697863 1.630588293
vn 0 1 -6.123234263e-17
v 13.40644836 -1.263697863 1.540792823
vn 0.9628043175 0.003152363002 -0.2701812983
v 13.40644836 -1.263697863 1.23370707
vn 0.9627723694 0.008273955435 0.2701867521
v 13.40644836 1.858177304 1.23370707
vn 0.9628005624 -0.003152201185 0.2701946497
v 13.40644836 1.858177304 1.540792823
vn 0.9627761245 -0.008273795247 -0.2701734006
v 13.40644836 -1.263697863 3.350768805
vn 0.9643614292 0.00324439723 -0.2645684481
v 13.40644836 -1.263697863 3.043672323
vn 0.9620047808 0.008267485537 0.2729073763
v 13.40644836 1.858177304 3.043672323
vn 0.9620330334 -0.003107380122 0.2729153931
v 13.40644836 1.858177304 3.350768805
vn 0.964333415 -0.008287497796 -0.2645607591
v 13.40644836 1.858177304 4.853648186
vn 0.9643614888 -0.003244505264 0.2645683289
v 13.40644836 1.858177304 5.160734177
vn 0.9640591741 -0.008285015821 -0.2655583322
v 13.40644836 -1.263697863 5.160734177
vn 0.9640872478 0.003228155663 -0.265566051
v 13.40644836 -1.263697863 4.853648186
vn 0.964333415 0.008287372999 0.2645606399
v 13.51782131 1.858177304 1.630588293
vn 0.6467870474 -0.004336674698 -0.7626583576
v 13.51782131 -1.263697863 1.630588293
vn 0.6914282441 0.004508550279 -0.7224310637
v 13.42157364 -1.263697863 1.23370707
vn 0 1 -6.123234263e-17
v 13.42157364 -1.263697863 1.540792823
vn 0 1 -6.123234263e-17
v 13.51782131 -1.263697863 1.143932819
vn 0.659635663 0.004182684701 0.7515739202
v 13.51782131 1.858177304 1.143932819
vn 0.7287962437 -0.004549292848 0.6847155094
v 13.42157364 1.858177304 1.540792823
vn 0 -1 6.123234263e-17
v 13.42157364 1.858177304 1.23370707
vn 0 -1 6.123234263e-17
v 13.51532555 1.858177304 3.440532207
vn 0.6508033872 -0.004646279849 -0.7592321038
v 13.51532555 -1.263697863 3.440532207
vn 0.6845319867 0.004936249461 -0.7289661169
v 13.42157364 -1.263697863 3.043672323
vn 0 1 -6.123234263e-17
v 13.42157364 -1.263697863 3.350768805
vn 0 1 -6.123234263e-17
v 13.51903248 -1.263697863 2.95390892
vn 0.6447582245 0.004188208841 0.7643750906
v 13.51903248 1.858177304 2.95390892
vn 0.694942832 -0.004296831787 0.7190521359
v 13.42157364 1.858177304 3.350768805
vn 0 -1 6.123234263e-17
v 13.42157364 1.858177304 3.043672323
vn 0 -1 6.123234263e-17
v 13.51532555 -1.263697863 4.763874054
vn 0.6508436203 0.004646519665 0.7591975927
v 13.51532555 1.858177304 4.763874054
vn 0.6845613122 -0.004936541896 0.7289385796
v 13.42157364 1.858177304 5.160734177
vn 0 -1 6.123234263e-17
v 13.42157364 1.858177304 4.853648186
vn 0 -1 6.123234263e-17
v 13.5157671 1.858177304 5.250508308
vn 0.6537458301 -0.004360932391 -0.7567016482
v 13.5157671 -1.263697863 5.250508308
vn 0.6968304515 0.004876777995 -0.7172192931
v 13.42157364 -1.263697863 4.853648186
vn 0 1 -6.123234263e-17
v 13.42157364 -1.263697863 5.160734177
vn 0 1 -6.123234263e-17
v 13.52620029 -1.263697863 6.32020092
vn 0.2307904214 0.004136756994 -0.9729946852
v 13.52620029 1.858177304 6.32020092
vn 0.688282311 -0.003093082225 -0.7254363298
v 13.52620029 1.858177304 0.2055441588
vn 0.2034636885 -0.003646944417 0.9790757298
v 13.52620029 -1.263697863 0.2055441588
vn 0.6392348409 0.002872667275 0.7690061927
vt 0.1108999997 0.7598999739
vt 0.1074000001 0.7599999905
vt 0.1108999997 0.7623000145
vt 0.003000000026 0.6013000011
vt 0.002300000051 0.5988000035
vt 0.002300000051 0.6032000184
vt 0.3391000032 0.7526000142
vt 0.3391000032 0.7487999797
vt 0.3384999931 0.7531999946
vt 0.1108999997 0.7533000112
vt 0.1108999997 0.7509999871
vt 0.1074000001 0.7531999946
vt 0.4779999852 0.2441000044
vt 0.4772999883 0.2422000021
vt 0.4772999883 0.2466000021
vt 0.1638000011 0.4198000133
vt 0.1652999967 0.4169000089
vt 0.1645999998 0.4169000089
vt 0.3391000032 0.7538999915
vt 0.1645999998 0.280400008
vt 0.1652999967 0.280400008
vt 0.1638000011 0.2775000036
vt 0.3391000032 0.7605999708
vt 0.3391000032 0.7594000101
vt 0.3384999931 0.7599999905
vt 0.3391000032 0.7644000053
vt 0.1652999967 0.3486999869
vt 0.1703000069 0.4169000089
vt 0.1703000069 0.3486999869
vt 0.01410000026 0.6126000285
vt 0.003000000026 0.6126000285
vt 0.003000000026 0.6225000024
vt 0.01410000026 0.6225000024
vt 0.1524000019 0.6008999944
vt 0.1027000025 0.6008999944
vt 0.1027000025 0.6126000285
vt 0.1524000019 0.6126000285
vt 0.8427000046 0.633400023
vt 0.8544999957 0.633400023
vt 0.8544999957 0.6291000247
vt 0.8427000046 0.6291000247
vt 0.0335999988 0.8637999892
vt 0.02830000035 0.8637999892
vt 0.02830000035 0.8731999993
vt 0.0335999988 0.8731999993
vt 0.1757999957 0.4198000133
vt 0.1757999957 0.4169000089
vt 0.1703000069 0.4198000133
vt 0.8022000194 0.2919000089
vt 0.8518000245 0.2919000089
vt 0.8518000245 0.2876000106
vt 0.8022000194 0.2876000106
vt 0.488499999 0.8791999817
vt 0.488499999 0.8748000264
vt 0.4792999923 0.8748000264
vt 0.4792999923 0.8791999817
vt 0.162499994 0.4169000089
vt 0.162499994 0.4198000133
vt 0.252700001 0.601000011
vt 0.252700001 0.5988000035
vt 0.243599996 0.5988000035
vt 0.243599996 0.601000011
vt 0.1524000019 0.5988000035
vt 0.1027000025 0.5988000035
vt 0.01410000026 0.6013000011
vt 0.01410000026 0.5988000035
vt 0.0335999988 0.8593999743
vt 0.02830000035 0.8593999743
vt 0.1005000025 0.7599999905
vt 0.08869999647 0.7599999905
vt 0.08869999647 0.7644000053
vt 0.1005000025 0.7644000053
vt 0.2388000041 0.7623000145
vt 0.189199999 0.7623000145
vt 0.189199999 0.7644000053
vt 0.2388000041 0.7644000053
vt 0.235799998 0.6019999981
vt 0.2327000052 0.6008999944
vt 0.2327000052 0.6126000285
vt 0.235799998 0.6126000285
vt 0.2202000022 0.6008999944
vt 0.1645999998 0.6008999944
vt 0.1645999998 0.6126000285
vt 0.2202000022 0.6126000285
vt 0.02449999936 0.6225000024
vt 0.02449999936 0.6126000285
vt 0.02099999972 0.6126000285
vt 0.02099999972 0.6225000024
vt 0.03680000082 0.6225000024
vt 0.09049999714 0.6225000024
vt 0.09049999714 0.6126000285
vt 0.03680000082 0.6126000285
vt 0.8615000248 0.633400023
vt 0.8648999929 0.633400023
vt 0.8648999929 0.6291000247
vt 0.8615000248 0.6291000247
vt 0.8309999704 0.3424000144
vt 0.8845999837 0.3424000144
vt 0.8845999837 0.3380999863
vt 0.8309999704 0.3380999863
vt 0.4715000093 0.8748000264
vt 0.4684999883 0.8748000264
vt 0.4684999883 0.8791999817
vt 0.4715000093 0.8791999817
vt 0.8763999939 0.7483999729
vt 0.8208000064 0.7483999729
vt 0.8208000064 0.7526999712
vt 0.8763999939 0.7526999712
vt 0.02099999972 0.6008999944
vt 0.02449999936 0.6008999944
vt 0.02449999936 0.5988000035
vt 0.02099999972 0.5988000035
vt 0.03680000082 0.6008999944
vt 0.09049999714 0.6008999944
vt 0.09049999714 0.5988000035
vt 0.03680000082 0.5988000035
vt 0.235799998 0.5988000035
vt 0.2327000052 0.5988000035
vt 0.1645999998 0.5988000035
vt 0.2202000022 0.5988000035
vt 0.3222000003 0.7599999905
vt 0.3190999925 0.7599999905
vt 0.3190999925 0.7623000145
vt 0.3222000003 0.7623000145
vt 0.3066000044 0.7599999905
vt 0.2509999871 0.7599999905
vt 0.2509999871 0.7623000145
vt 0.3066000044 0.7623000145
vt 0.1074000001 0.7644000053
vt 0.1108999997 0.7644000053
vt 0.1231999993 0.7644000053
vt 0.1768999994 0.7644000053
vt 0.1768999994 0.7623000145
vt 0.1231999993 0.7623000145
vt 0.1027000025 0.6225000024
vt 0.0800999999 0.7677000165
vt 0.07959999889 0.7673000097
vt 0.07530000061 0.7673000097
vt 0.07479999959 0.7677000165
vt 0.08179999888 0.8368999958
vt 0.08129999787 0.8363999724
vt 0.07699999958 0.8363999724
vt 0.07649999857 0.8368999958
vt 0.0800999999 0.7012000084
vt 0.07959999889 0.700699985
vt 0.07530000061 0.700699985
vt 0.07479999959 0.7012000084
vt 0.8547999859 0.8289999962
vt 0.8547999859 0.831099987
vt 0.8600000143 0.831099987
vt 0.8600000143 0.8289999962
vt 0.0800999999 0.7092999816
vt 0.07959999889 0.7088000178
vt 0.07530000061 0.7088000178
vt 0.07479999959 0.7092999816
vt 0.07479999959 0.7595999837
vt 0.07479999959 0.7616999745
vt 0.0800999999 0.7616999745
vt 0.0800999999 0.7595999837
vt 0.8837000132 0.6761000156
vt 0.8837000132 0.6707999706
vt 0.8712000251 0.6707999706
vt 0.8712000251 0.6761000156
vt 0.763899982 0.8849999905
vt 0.763899982 0.8798000216
vt 0.7516999841 0.8798000216
vt 0.7516999841 0.8849999905
vt 0.1747999936 0.2675000131
vt 0.1719000041 0.2675000131
vt 0.1719000041 0.2743999958
vt 0.1747999936 0.2743999958
vt 0.6018999815 0.8851000071
vt 0.6018999815 0.8798999786
vt 0.58950001 0.8798999786
vt 0.58950001 0.8851000071
vt 0.3300000131 0.7599999905
vt 0.3300000131 0.7644000053
vt 0.3273000121 0.7610999942
vt 0.3273000121 0.7644000053
vt 0.1146000028 0.882799983
vt 0.1146000028 0.8848999739
vt 0.1199000031 0.8848999739
vt 0.1199000031 0.882799983
vt 0.240899995 0.6126000285
vt 0.240899995 0.6014999747
vt 0.4767000079 0.8748000264
vt 0.4767000079 0.8791999817
vt 0.240899995 0.5988000035
vt 0.3190999925 0.7644000053
vt 0.3222000003 0.7644000053
vt 0.8478000164 0.8467000127
vt 0.8478000164 0.8488000035
vt 0.8531000018 0.8489000201
vt 0.8531000018 0.8467000127
vt 0.3066000044 0.7644000053
vt 0.2509999871 0.7644000053
vt 0.1768999994 0.7599999905
vt 0.1231999993 0.7599999905
vt 0.2388000041 0.7598999739
vt 0.189199999 0.7598999739
vt 0.252700001 0.5982999802
vt 0.243599996 0.5982999802
vt 0.240899995 0.5982999802
vt 0.8427000046 0.6338999867
vt 0.8544999957 0.6338999867
vt 0.8544999957 0.6286000013
vt 0.8427000046 0.6286000013
vt 0.8648999929 0.6286000013
vt 0.8615000248 0.6286000013
vt 0.3300000131 0.7648000121
vt 0.3391000032 0.7648000121
vt 0.2202000022 0.5982999802
vt 0.1645999998 0.5982999802
vt 0.1524000019 0.5982999802
vt 0.1027000025 0.5982999802
vt 0.09049999714 0.5982999802
vt 0.03680000082 0.5982999802
vt 0.8615000248 0.6338999867
vt 0.8648999929 0.6338999867
vt 0.1231999993 0.7648000121
vt 0.1768999994 0.7648000121
vt 0.189199999 0.7648000121
vt 0.2388000041 0.7648000121
vt 0.2509999871 0.7648000121
vt 0.3066000044 0.7648000121
vt 0.3190999925 0.7648000121
vt 0.3222000003 0.7648000121
vt 0.235799998 0.5982999802
vt 0.2327000052 0.5982999802
vt 0.3273000121 0.7648000121
vt 0.1623000056 0.4196000099
vt 0.1623000056 0.4171000123
vt 0.02879999951 0.8589000106
vt 0.03310000151 0.8589000106
vt 0.0800999999 0.7698000073
vt 0.07479999959 0.7699000239
vt 0.08179999888 0.8389999866
vt 0.07649999857 0.8389999866
vt 0.0800999999 0.7032999992
vt 0.07479999959 0.7032999992
vt 0.8551999927 0.8284999728
vt 0.8596000075 0.8284999728
vt 0.0800999999 0.7113999724
vt 0.07479999959 0.7113999724
vt 0.07530000061 0.7591999769
vt 0.07959999889 0.7591999769
vt 0.1150999963 0.8823000193
vt 0.1194000021 0.8823000193
vt 0.8482999802 0.8463000059
vt 0.8525999784 0.8463000059
vt 0.02830000035 0.8830999732
vt 0.003000000026 0.8731999993
vt 0.003000000026 0.8830999732
vt 0.7300000191 0.8450000286
vt 0.7300000191 0.8561000228
vt 0.7411999702 0.8561000228
vt 0.7411999702 0.8450000286
vt 0.1524000019 0.6225000024
vt 0.252700001 0.6225000024
vt 0.252700001 0.6126000285
vt 0.243599996 0.6126000285
vt 0.243599996 0.6225000024
vt 0.0335999988 0.8830999732
vt 0.2327000052 0.6225000024
vt 0.235799998 0.6225000024
vt 0.2202000022 0.6225000024
vt 0.1645999998 0.6225000024
vt 0.240899995 0.6225000024
vt 0.1623000056 0.2728999853
vt 0.1625999957 0.2743999958
vt 0.1687999964 0.2743999958
vt 0.1687999964 0.2728999853
vt 0.1687999964 0.268599987
vt 0.1623000056 0.268599987
vt 0.7734000087 0.8705999851
vt 0.7734000087 0.8744000196
vt 0.7760999799 0.8744000196
vt 0.7760999799 0.8705999851
vt 0.7838000059 0.8744000196
vt 0.7851999998 0.8705999851
vt 0.1623000056 0.2678000033
vt 0.1687999964 0.2678000033
vt 0.8069999814 0.8519999981
vt 0.8054999709 0.8481000066
vt 0.7979000211 0.8481000066
vt 0.7979000211 0.8519999981
vt 0.7951999903 0.8481000066
vt 0.7951999903 0.8519999981
vt 0.8601999879 0.8407999873
vt 0.8601999879 0.8368999958
vt 0.8492000103 0.8368999958
vt 0.8492000103 0.8407999873
vt 0.002300000051 0.6225000024
vt 0.002300000051 0.6126000285
vt 0.7967000008 0.7985000014
vt 0.7967000008 0.8022999763
vt 0.8077999949 0.8022999763
vt 0.8077999949 0.7985000014
vt 0.8230999708 0.1811999977
vt 0.8230999708 0.1850000024
vt 0.8342999816 0.1850000024
vt 0.8342999816 0.1811999977
vt 0.7845000029 0.8838000298
vt 0.7845000029 0.8798999786
vt 0.7734000087 0.8798999786
vt 0.7734000087 0.8838000298
vt 0.826300025 0.8500999808
vt 0.826300025 0.8463000059
vt 0.8151000142 0.8463000059
vt 0.8151000142 0.8500999808
vt 0.1831 0.3515999913
vt 0.1897000074 0.3515999913
vt 0.1897000074 0.3118000031
vt 0.1831 0.3118000031
vt 0.8708999753 0.3131999969
vt 0.7997000217 0.3131999969
vt 0.7997000217 0.3226999938
vt 0.8708000183 0.3226999938
vt 0.502300024 0.5982999802
vt 0.3802999854 0.5982999802
vt 0.3802999854 0.6068000197
vt 0.502300024 0.6068000197
vt 0.3802999854 0.6146000028
vt 0.502300024 0.6146000028
vt 0.1757999957 0.3486999869
vt 0.1791999936 0.3118000031
vt 0.1827999949 0.3113999963
vt 0.1791999936 0.3113999963
vt 0.7997000217 0.3325000107
vt 0.8708000183 0.3325000107
vt 0.1831 0.2976000011
vt 0.1897000074 0.2976000011
vt 0.1897000074 0.2833999991
vt 0.1831 0.2833999991
vt 0.002899999963 0.8637999892
vt 0.1791999936 0.2833999991
vt 0.1791999936 0.2976000011
vt 0.1827999949 0.2978999913
vt 0.1791999936 0.2978999913
vt 0.09969999641 0.8845999837
vt 0.09929999709 0.8740000129
vt 0.08940000087 0.8744000196
vt 0.08980000019 0.8849999905
vt 0.8495000005 0.191200003
vt 0.8495000005 0.1807000041
vt 0.8406000137 0.1806000024
vt 0.8406000137 0.191200003
vt 0.8593000174 0.191200003
vt 0.8593000174 0.1807000041
vt 0.1084999964 0.8842999935
vt 0.108099997 0.8736000061
vt 0.7038999796 0.288199991
vt 0.7038999796 0.2969999909
vt 0.7272999883 0.2969999909
vt 0.7272999883 0.288199991
vt 0.7038999796 0.3068999946
vt 0.7272999883 0.3068999946
vt 0.1090999991 0.8848999739
vt 0.1085999981 0.8731999993
vt 0.8399999738 0.1919
vt 0.8399999738 0.1801999956
vt 0.727699995 0.2876000106
vt 0.7034999728 0.2876000106
vt 0.1080000028 0.8733000159
vt 0.1085999981 0.872600019
vt 0.8406000137 0.1801999956
vt 0.8399999738 0.1796000004
vt 0.09920000285 0.8737000227
vt 0.08940000087 0.8740000129
vt 0.8495000005 0.1802999973
vt 0.8593000174 0.1802999973
vt 0.002300000051 0.8731999993
vt 0.002300000051 0.8830999732
vt 0.8495000005 0.1919
vt 0.8593000174 0.1919
vt 0.002300000051 0.8644000292
vt 0.1791999936 0.3515999913
vt 0.1703000069 0.280400008
vt 0.4891000092 0.2328000069
vt 0.4891000092 0.2230000049
vt 0.4779999852 0.2230000049
vt 0.4779999852 0.2328000069
vt 0.627399981 0.2444999963
vt 0.627399981 0.2328000069
vt 0.5777999759 0.2328000069
vt 0.5777999759 0.2444999963
vt 0.4013999999 0.8752999902
vt 0.4013999999 0.8797000051
vt 0.413199991 0.8797000051
vt 0.413199991 0.8752999902
vt 0.8299000263 0.2272000015
vt 0.8299000263 0.2365999967
vt 0.8350999951 0.2365999967
vt 0.8350999951 0.2272000015
vt 0.1757999957 0.2775000036
vt 0.1703000069 0.2775000036
vt 0.1757999957 0.280400008
vt 0.6596000195 0.7985000014
vt 0.6596000195 0.8027999997
vt 0.7092999816 0.8027999997
vt 0.7092999816 0.7985000014
vt 0.3880000114 0.8777999878
vt 0.3788999915 0.8777999878
vt 0.3788999915 0.8822000027
vt 0.3880000114 0.8822000027
vt 0.162499994 0.280400008
vt 0.162499994 0.2775000036
vt 0.727699995 0.2443999946
vt 0.7185999751 0.2443999946
vt 0.7185999751 0.2466000021
vt 0.727699995 0.2466000021
vt 0.5777999759 0.2466000021
vt 0.627399981 0.2466000021
vt 0.4891000092 0.2466000021
vt 0.4891000092 0.2441000044
vt 0.8350999951 0.2228000015
vt 0.8299000263 0.2228000015
vt 0.1005000025 0.7531999946
vt 0.1005000025 0.7487999797
vt 0.08869999647 0.7487999797
vt 0.08869999647 0.7531999946
vt 0.2388000041 0.7509999871
vt 0.2388000041 0.7487999797
vt 0.189199999 0.7487999797
vt 0.189199999 0.7509999871
vt 0.7107999921 0.2433999926
vt 0.7107999921 0.2328000069
vt 0.7077000141 0.2328000069
vt 0.7077000141 0.2444999963
vt 0.695200026 0.2444999963
vt 0.695200026 0.2328000069
vt 0.6395999789 0.2328000069
vt 0.6395999789 0.2444999963
vt 0.4995000064 0.2230000049
vt 0.4959999919 0.2230000049
vt 0.4959999919 0.2328000069
vt 0.4995000064 0.2328000069
vt 0.5117999911 0.2230000049
vt 0.5117999911 0.2328000069
vt 0.565500021 0.2328000069
vt 0.565500021 0.2230000049
vt 0.4201000035 0.8752999902
vt 0.4201000035 0.8797000051
vt 0.4235000014 0.8797000051
vt 0.4235000014 0.8752999902
vt 0.4198000133 0.3057000041
vt 0.4198000133 0.3100999892
vt 0.4735000134 0.3100999892
vt 0.4735000134 0.3057000041
vt 0.3711000085 0.8822000027
vt 0.3711000085 0.8777999878
vt 0.3680000007 0.8777999878
vt 0.3680000007 0.8822000027
vt 0.8615000248 0.2768999934
vt 0.8615000248 0.2725000083
vt 0.8058999777 0.2725000083
vt 0.8058999777 0.2768999934
vt 0.4959999919 0.2444999963
vt 0.4959999919 0.2466000021
vt 0.4995000064 0.2466000021
vt 0.4995000064 0.2444999963
vt 0.5117999911 0.2444999963
vt 0.5117999911 0.2466000021
vt 0.565500021 0.2466000021
vt 0.565500021 0.2444999963
vt 0.7107999921 0.2466000021
vt 0.7077000141 0.2466000021
vt 0.6395999789 0.2466000021
vt 0.695200026 0.2466000021
vt 0.3222000003 0.7531999946
vt 0.3222000003 0.7509999871
vt 0.3190999925 0.7509999871
vt 0.3190999925 0.7531999946
vt 0.3066000044 0.7531999946
vt 0.3066000044 0.7509999871
vt 0.2509999871 0.7509999871
vt 0.2509999871 0.7531999946
vt 0.1074000001 0.7487999797
vt 0.1108999997 0.7487999797
vt 0.1231999993 0.7487999797
vt 0.1231999993 0.7508999705
vt 0.1768999994 0.7508999705
vt 0.1768999994 0.7487999797
vt 0.5777999759 0.2230000049
vt 0.8582999706 0.7989000082
vt 0.863499999 0.7989000082
vt 0.8630999923 0.7985000014
vt 0.858799994 0.7985000014
vt 0.8774999976 0.5674999952
vt 0.882799983 0.5674999952
vt 0.8823000193 0.5669999719
vt 0.878000021 0.5669999719
vt 0.8774999976 0.5593000054
vt 0.882799983 0.5593000054
vt 0.8823000193 0.5588999987
vt 0.878000021 0.5588999987
vt 0.8368999958 0.8657000065
vt 0.831700027 0.8657000065
vt 0.831700027 0.8677999973
vt 0.8368999958 0.8677999973
vt 0.8452000022 0.8633000255
vt 0.850399971 0.8633000255
vt 0.8500000238 0.8628000021
vt 0.845600009 0.8628000021
vt 0.07909999788 0.8798999786
vt 0.07379999757 0.8798999786
vt 0.07379999757 0.8820999861
vt 0.07909999788 0.8820000291
vt 0.8805999756 0.7170000076
vt 0.8679999709 0.7170000076
vt 0.8679999709 0.722299993
vt 0.8805999756 0.722299993
vt 0.742299974 0.8615999818
vt 0.7300000191 0.8615999818
vt 0.7300000191 0.8669000268
vt 0.742299974 0.8669000268
vt 0.882700026 0.6286000013
vt 0.8704000115 0.6286000013
vt 0.8704000115 0.6338999867
vt 0.882700026 0.6338999867
vt 0.6262000203 0.8790000081
vt 0.6137999892 0.8790000081
vt 0.6137999892 0.8842999935
vt 0.6262000203 0.8842999935
vt 0.3300000131 0.7487999797
vt 0.3273000121 0.7487999797
vt 0.3273000121 0.7520999908
vt 0.3300000131 0.7531999946
vt 0.8816999793 0.323300004
vt 0.8763999939 0.323300004
vt 0.8763999939 0.3255000114
vt 0.8816999793 0.3253999949
vt 0.7159000039 0.243900001
vt 0.7159000039 0.2328000069
vt 0.3761999905 0.8822000027
vt 0.3761999905 0.8777999878
vt 0.7159000039 0.2466000021
vt 0.3190999925 0.7487999797
vt 0.3222000003 0.7487999797
vt 0.8837000132 0.8205999732
vt 0.8784999847 0.8205999732
vt 0.8784999847 0.8227000237
vt 0.8837000132 0.8227000237
vt 0.3066000044 0.7487999797
vt 0.2509999871 0.7487999797
vt 0.1231999993 0.7533000112
vt 0.1768999994 0.7533000112
vt 0.189199999 0.7533000112
vt 0.2388000041 0.7533000112
vt 0.727699995 0.2470999956
vt 0.7185999751 0.2470999956
vt 0.7159000039 0.2470999956
vt 0.4772999883 0.2470999956
vt 0.4891000092 0.2470999956
vt 0.1005000025 0.7483999729
vt 0.08869999647 0.7483999729
vt 0.1074000001 0.7483999729
vt 0.1108999997 0.7483999729
vt 0.3300000131 0.7483999729
vt 0.3391000032 0.7483999729
vt 0.695200026 0.2470999956
vt 0.6395999789 0.2470999956
vt 0.627399981 0.2470999956
vt 0.5777999759 0.2470999956
vt 0.565500021 0.2470999956
vt 0.5117999911 0.2470999956
vt 0.4995000064 0.2470999956
vt 0.4959999919 0.2470999956
vt 0.1231999993 0.7483999729
vt 0.1768999994 0.7483999729
vt 0.189199999 0.7483999729
vt 0.2388000041 0.7483999729
vt 0.2509999871 0.7483999729
vt 0.3066000044 0.7483999729
vt 0.3190999925 0.7483999729
vt 0.3222000003 0.7483999729
vt 0.7107999921 0.2470999956
vt 0.7077000141 0.2470999956
vt 0.3273000121 0.7483999729
vt 0.1623000056 0.2777999938
vt 0.1623000056 0.2802000046
vt 0.8346999884 0.222299993
vt 0.8302999735 0.222299993
vt 0.8582999706 0.800999999
vt 0.863499999 0.8011000156
vt 0.8774999976 0.5695999861
vt 0.882799983 0.5695999861
vt 0.8774999976 0.5613999963
vt 0.882799983 0.5615000129
vt 0.836499989 0.8651999831
vt 0.8320999742 0.8651999831
vt 0.8452000022 0.8654000163
vt 0.850399971 0.8654000163
vt 0.07859999686 0.8794999719
vt 0.07429999858 0.8794999719
vt 0.8812000155 0.3228999972
vt 0.8769000173 0.3228999972
vt 0.8831999898 0.8201000094
vt 0.8788999915 0.8201000094
vt 0.8350999951 0.2463999987
vt 0.8604999781 0.2463999987
vt 0.8604999781 0.2365999967
vt 0.7628999949 0.8632000089
vt 0.7516999841 0.8632000089
vt 0.7516999841 0.8743000031
vt 0.7628999949 0.8743000031
vt 0.627399981 0.2230000049
vt 0.727699995 0.2230000049
vt 0.7185999751 0.2230000049
vt 0.7185999751 0.2328000069
vt 0.727699995 0.2328000069
vt 0.8299000263 0.2463999987
vt 0.7107999921 0.2230000049
vt 0.7077000141 0.2230000049
vt 0.695200026 0.2230000049
vt 0.6395999789 0.2230000049
vt 0.7159000039 0.2230000049
vt 0.8629000187 0.5705000162
vt 0.8629000187 0.5588999987
vt 0.8601999879 0.5588999987
vt 0.8601999879 0.5698999763
vt 0.8705000281 0.5705000162
vt 0.8705000281 0.5588999987
vt 0.8151000142 0.8407999873
vt 0.8177999854 0.8407999873
vt 0.8177999854 0.8368999958
vt 0.8151000142 0.8368999958
vt 0.8269000053 0.8407999873
vt 0.8253999949 0.8368999958
vt 0.871999979 0.5705000162
vt 0.871999979 0.5588999987
vt 0.5680000186 0.1887000054
vt 0.5588999987 0.1887000054
vt 0.5588999987 0.1925999969
vt 0.5665000081 0.1925999969
vt 0.5562000275 0.1887000054
vt 0.5562000275 0.1925999969
vt 0.8260999918 0.8555999994
vt 0.8151000142 0.8555999994
vt 0.8151000142 0.8593999743
vt 0.8260999918 0.8593999743
vt 0.4772999883 0.2230000049
vt 0.4772999883 0.2328000069
vt 0.8737000227 0.1687999964
vt 0.8848000169 0.1687999964
vt 0.8848000169 0.1649000049
vt 0.8737000227 0.1649000049
vt 0.8324000239 0.8406999707
vt 0.8435999751 0.8406999707
vt 0.8435999751 0.8368999958
vt 0.8324000239 0.8368999958
vt 0.8062999845 0.8575000167
vt 0.7951999903 0.8575000167
vt 0.7951999903 0.8612999916
vt 0.8062999845 0.8612999916
vt 0.7911000252 0.7985000014
vt 0.7799000144 0.7985000014
vt 0.7799000144 0.8022999763
vt 0.7911000252 0.8022999763
vt 0.1831 0.3914000094
vt 0.1897000074 0.3914000094
vt 0.7285000086 0.3131999969
vt 0.7286000252 0.3226999938
vt 0.2581999898 0.5982999802
vt 0.2581999898 0.6068000197
vt 0.2581999898 0.6146000028
vt 0.1791999936 0.3912999928
vt 0.1791999936 0.3916999996
vt 0.1827999949 0.3916999996
vt 0.7286000252 0.3325000107
vt 0.1831 0.4056000113
vt 0.1831 0.4198000133
vt 0.1897000074 0.4198000133
vt 0.1897000074 0.4056000113
vt 0.8605999947 0.2272000015
vt 0.1791999936 0.4198000133
vt 0.1791999936 0.4056000113
vt 0.1791999936 0.4052000046
vt 0.1827999949 0.4052000046
vt 0.1361999959 0.88349998
vt 0.1459999979 0.88349998
vt 0.1459999979 0.8730000257
vt 0.1361999959 0.8730000257
vt 0.6934000254 0.8198000193
vt 0.7021999955 0.8198000193
vt 0.7021999955 0.8091999888
vt 0.6934000254 0.8091999888
vt 0.6834999919 0.8198000193
vt 0.6834999919 0.8091999888
vt 0.1273999959 0.88349998
vt 0.1273999959 0.8729000092
vt 0.5591999888 0.8197000027
vt 0.5357999802 0.8197000027
vt 0.5357999802 0.8284999728
vt 0.5591999888 0.8284999728
vt 0.5357999802 0.8384000063
vt 0.5591999888 0.8384000063
vt 0.1834000051 0.4052000046
vt 0.1893000007 0.4052000046
vt 0.1834000051 0.3916999996
vt 0.1893000007 0.3916999996
vt 0.1831 0.3919999897
vt 0.1831 0.4050000012
vt 0.1459999979 0.872600019
vt 0.1361999959 0.872600019
vt 0.7021999955 0.8087999821
vt 0.6934000254 0.8087999821
vt 0.6834999919 0.8087999821
vt 0.1273999959 0.8725000024
vt 0.1459999979 0.8841999769
vt 0.1361999959 0.8841999769
vt 0.7027999759 0.8205000162
vt 0.6934000254 0.8205000162
vt 0.6834999919 0.8205000162
vt 0.1268000007 0.8841999769
vt 0.6193000078 0.4133000076
vt 0.6245999932 0.4201000035
vt 0.6295999885 0.4201000035
vt 0.6244000196 0.4133000076
vt 0.7639999986 0.1865999997
vt 0.769200027 0.1829999983
vt 0.769200027 0.1823000014
vt 0.763899982 0.1860000044
vt 0.3253999949 0.7703999877
vt 0.3192999959 0.7756999731
vt 0.3217999935 0.7756999731
vt 0.3280999959 0.7703999877
vt 0.3305000067 0.7756999731
vt 0.3373000026 0.7703999877
vt 0.7940999866 0.1868000031
vt 0.7940999866 0.1829999983
vt 0.7742000222 0.1829999983
vt 0.7694000006 0.186499998
vt 0.2495000064 0.7703999877
vt 0.2465000004 0.7756999731
vt 0.2994999886 0.7756999731
vt 0.3048000038 0.7703999877
vt 0.1879999936 0.7703999877
vt 0.1875 0.7756999731
vt 0.234799996 0.7756999731
vt 0.2372999936 0.7703999877
vt 0.1224000007 0.7703999877
vt 0.1247000024 0.7756999731
vt 0.1757999957 0.7756999731
vt 0.175699994 0.7703999877
vt 0.1066000015 0.7703999877
vt 0.1096000001 0.7756999731
vt 0.1128999963 0.7756999731
vt 0.1101000011 0.7703999877
vt 0.3115000129 0.7756999731
vt 0.3172999918 0.7703999877
vt 0.3143999875 0.7756999731
vt 0.3203000128 0.7703999877
vt 0.08869999647 0.7703999877
vt 0.0923999995 0.7756999731
vt 0.1030000001 0.7756999731
vt 0.09969999641 0.7703999877
vt 0.7459999919 0.4201000035
vt 0.7459999919 0.4133000076
vt 0.8675000072 0.4133000076
vt 0.8622999787 0.4201000035
vt 0.8673999906 0.4201000035
vt 0.872699976 0.4133000076
vt 0.8758000135 0.6166999936
vt 0.8705000281 0.6130999923
vt 0.8705000281 0.6136999726
vt 0.8756999969 0.6173999906
vt 0.584100008 0.7537000179
vt 0.5777999759 0.7483999729
vt 0.5752000213 0.7483999729
vt 0.5813999772 0.7537000179
vt 0.5932000279 0.7537000179
vt 0.586499989 0.7483999729
vt 0.8702999949 0.617200017
vt 0.8654999733 0.6136999726
vt 0.8458999991 0.6136999726
vt 0.8457999825 0.6166999936
vt 0.5608000159 0.7537000179
vt 0.5554999709 0.7483999729
vt 0.5024999976 0.7483999729
vt 0.5055000186 0.7537000179
vt 0.4932999909 0.7537000179
vt 0.4907999933 0.7483999729
vt 0.4435000122 0.7483999729
vt 0.4438999891 0.7537000179
vt 0.4316999912 0.7537000179
vt 0.4318000078 0.7483999729
vt 0.3806000054 0.7483999729
vt 0.3783000112 0.7537000179
vt 0.3659999967 0.7537000179
vt 0.3688000143 0.7483999729
vt 0.3655000031 0.7483999729
vt 0.3625999987 0.7537000179
vt 0.573300004 0.7537000179
vt 0.5673999786 0.7483999729
vt 0.576300025 0.7537000179
vt 0.570299983 0.7483999729
vt 0.3556999862 0.7537000179
vt 0.3589000106 0.7483999729
vt 0.34830001 0.7483999729
vt 0.344599992 0.7537000179
vt 0.1650000066 0.3486999869
vt 0.1650000066 0.4169000089
vt 0.1650000066 0.280400008
vt 0.1761000007 0.4194999933
vt 0.1761000007 0.4165999889
vt 0.0027999999 0.6230999827
vt 0.003400000045 0.6230999827
vt 0.240199998 0.6230999827
vt 0.2427999973 0.6230999827
vt 0.2520000041 0.6230999827
vt 0.0027999999 0.8837000132
vt 0.02749999985 0.8837000132
vt 0.03280000016 0.8837000132
vt 0.1642999947 0.6230999827
vt 0.2196000069 0.6230999827
vt 0.1027000025 0.6230999827
vt 0.1520999968 0.6230999827
vt 0.03709999844 0.6230999827
vt 0.09049999714 0.6230999827
vt 0.0214000009 0.6230999827
vt 0.02480000071 0.6230999827
vt 0.2319999933 0.6230999827
vt 0.2351000011 0.6230999827
vt 0.01449999958 0.6230999827
vt 0.1761000007 0.3486999869
vt 0.8248000145 0.7594000101
vt 0.7537000179 0.7594000101
vt 0.7537000179 0.7599999905
vt 0.8244000077 0.7598999739
vt 0.8600000143 0.1905999929
vt 0.8600000143 0.1800999939
vt 0.7034000158 0.3075999916
vt 0.7258999944 0.3075999916
vt 0.8600000143 0.1797000021
vt 0.08869999647 0.8729000092
vt 0.08869999647 0.8734999895
vt 0.8600000143 0.1914000064
vt 0.1761000007 0.2806999981
vt 0.1761000007 0.2777999938
vt 0.478399992 0.222299993
vt 0.4778000116 0.222299993
vt 0.7178999782 0.222299993
vt 0.715200007 0.222299993
vt 0.7269999981 0.222299993
vt 0.8458999991 0.6179000139
vt 0.8712000251 0.6179000139
vt 0.8765000105 0.6179000139
vt 0.6945999861 0.222299993
vt 0.6392999887 0.222299993
vt 0.6270999908 0.222299993
vt 0.5777000189 0.222299993
vt 0.565500021 0.222299993
vt 0.5120999813 0.222299993
vt 0.4997999966 0.222299993
vt 0.4963999987 0.222299993
vt 0.7070000172 0.222299993
vt 0.7100999951 0.222299993
vt 0.4894999862 0.222299993
vt 0.6826000214 0.7594000101
vt 0.6830999851 0.7598999739
vt 0.6829000115 0.8087000251
vt 0.6829000115 0.8191999793
vt 0.5371999741 0.8391000032
vt 0.5597000122 0.8391000032
vt 0.6829000115 0.8083000183
vt 0.1466999948 0.871999979
vt 0.1466999948 0.8715000153
vt 0.6829000115 0.8198999763
vt 0.2048999965 0.353700012
vt 0.2063000053 0.353700012
vt 0.2063000053 0.2949999869
vt 0.2048999965 0.2949999869
vt 0.2048999965 0.412499994
vt 0.2063000053 0.412499994
vt 0.6266999841 0.002600000007
vt 0.6266999841 0.1207000017
vt 0.6220999956 0.1207000017
vt 0.6220999956 0.002600000007
vt 0.8075000048 0.1074000001
vt 0.6894000173 0.1074000001
vt 0.6894000173 0.1008000001
vt 0.8075000048 0.1008000001
vt 0.8075000048 0.08860000223
vt 0.6894000173 0.08860000223
vt 0.6894000173 0.08399999887
vt 0.8075000048 0.08399999887
vt 0.5953999758 0.2894000113
vt 0.4772999883 0.2894000113
vt 0.4772999883 0.284799993
vt 0.5953999758 0.284799993
vt 0.5953999758 0.2732999921
vt 0.4772999883 0.2732999921
vt 0.4772999883 0.2687000036
vt 0.5953999758 0.2687000036
vt 0.5953999758 0.2572000027
vt 0.4772999883 0.2572000027
vt 0.4772999883 0.2526000142
vt 0.5953999758 0.2526000142
vt 0.6750000119 0.002600000007
vt 0.6750000119 0.1207000017
vt 0.6704000235 0.1207000017
vt 0.6704000235 0.002600000007
vt 0.6589000225 0.002600000007
vt 0.6589000225 0.1207000017
vt 0.6542999744 0.1207000017
vt 0.6542999744 0.002600000007
vt 0.6427999735 0.002600000007
vt 0.6427999735 0.1207000017
vt 0.638199985 0.1207000017
vt 0.638199985 0.002600000007
vt 0.4907999933 0.1207000017
vt 0.4907999933 0.002600000007
vt 0.497299999 0.002600000007
vt 0.497299999 0.1207000017
vt 0.5095000267 0.1207000017
vt 0.5095000267 0.002600000007
vt 0.5141000152 0.002600000007
vt 0.5141000152 0.1207000017
vt 0.5256000161 0.1207000017
vt 0.5256000161 0.002600000007
vt 0.5302000046 0.002600000007
vt 0.5302000046 0.1207000017
vt 0.5417000055 0.1207000017
vt 0.5417000055 0.002600000007
vt 0.546299994 0.002600000007
vt 0.546299994 0.1207000017
vt 0.5577999949 0.1207000017
vt 0.5577999949 0.002600000007
vt 0.5623999834 0.002600000007
vt 0.5623999834 0.1207000017
vt 0.5738999844 0.1207000017
vt 0.5738999844 0.002600000007
vt 0.5784999728 0.002600000007
vt 0.5784999728 0.1207000017
vt 0.5899999738 0.1207000017
vt 0.5899999738 0.002600000007
vt 0.5946000218 0.002600000007
vt 0.5946000218 0.1207000017
vt 0.6061000228 0.1207000017
vt 0.6061000228 0.002600000007
vt 0.6105999947 0.002600000007
vt 0.6105999947 0.1207000017
vt 0.8075000048 0.09120000154
vt 0.8075000048 0.09740000218
vt 0.6894000173 0.09740000218
vt 0.6894000173 0.09120000154
vt 0.8075000048 0.07509999722
vt 0.8075000048 0.08129999787
vt 0.6894000173 0.08129999787
vt 0.6894000173 0.07509999722
vt 0.5953999758 0.2759000063
vt 0.5953999758 0.282099992
vt 0.4772999883 0.282099992
vt 0.4772999883 0.2759000063
vt 0.5953999758 0.2597999871
vt 0.5953999758 0.2660000026
vt 0.4772999883 0.2660000026
vt 0.4772999883 0.2597999871
vt 0.6776000261 0.002600000007
vt 0.6837999821 0.002600000007
vt 0.6837999821 0.1207000017
vt 0.6776000261 0.1207000017
vt 0.6615999937 0.002600000007
vt 0.6678000093 0.002600000007
vt 0.6678000093 0.1207000017
vt 0.6615999937 0.1207000017
vt 0.6455000043 0.002600000007
vt 0.6517000198 0.002600000007
vt 0.6517000198 0.1207000017
vt 0.6455000043 0.1207000017
vt 0.6294000149 0.002600000007
vt 0.6355999708 0.002600000007
vt 0.6355999708 0.1207000017
vt 0.6294000149 0.1207000017
vt 0.5069000125 0.1207000017
vt 0.5006999969 0.1207000017
vt 0.5006999969 0.002600000007
vt 0.5069000125 0.002600000007
vt 0.5230000019 0.1207000017
vt 0.5167999864 0.1207000017
vt 0.5167999864 0.002600000007
vt 0.5230000019 0.002600000007
vt 0.5390999913 0.1207000017
vt 0.5328999758 0.1207000017
vt 0.5328999758 0.002600000007
vt 0.5390999913 0.002600000007
vt 0.5551999807 0.1207000017
vt 0.5489000082 0.1207000017
vt 0.5489000082 0.002600000007
vt 0.5551999807 0.002600000007
vt 0.5712000132 0.1207000017
vt 0.5649999976 0.1207000017
vt 0.5649999976 0.002600000007
vt 0.5712000132 0.002600000007
vt 0.5873000026 0.1207000017
vt 0.581099987 0.1207000017
vt 0.581099987 0.002600000007
vt 0.5873000026 0.002600000007
vt 0.603399992 0.1207000017
vt 0.5971999764 0.1207000017
vt 0.5971999764 0.002600000007
vt 0.603399992 0.002600000007
vt 0.6194999814 0.1207000017
vt 0.6133000255 0.1207000017
vt 0.6133000255 0.002600000007
vt 0.6194999814 0.002600000007
vt 0.6288999915 0.002600000007
vt 0.6288999915 0.1207000017
vt 0.6272000074 0.1207000017
vt 0.6272000074 0.002600000007
vt 0.6200000048 0.1207000017
vt 0.6200000048 0.002600000007
vt 0.6216999888 0.002600000007
vt 0.6216999888 0.1207000017
vt 0.8075000048 0.1102000028
vt 0.6894000173 0.1102000028
vt 0.6894000173 0.1079000011
vt 0.8075000048 0.1079000011
vt 0.6894000173 0.09799999744
vt 0.8075000048 0.09799999744
vt 0.8075000048 0.1002999991
vt 0.6894000173 0.1002999991
vt 0.8075000048 0.09070000052
vt 0.6894000173 0.09070000052
vt 0.6894000173 0.08910000324
vt 0.8075000048 0.08910000324
vt 0.6894000173 0.08179999888
vt 0.8075000048 0.08179999888
vt 0.8075000048 0.08349999785
vt 0.6894000173 0.08349999785
vt 0.7646999955 0.643599987
vt 0.882799983 0.643599987
vt 0.882799983 0.6464999914
vt 0.7646999955 0.6464999914
vt 0.4772999883 0.2825999856
vt 0.5953999758 0.2825999856
vt 0.5953999758 0.2842999995
vt 0.4772999883 0.2842999995
vt 0.5953999758 0.2754000127
vt 0.4772999883 0.2754000127
vt 0.4772999883 0.2737999856
vt 0.5953999758 0.2737999856
vt 0.4772999883 0.2664999962
vt 0.5953999758 0.2664999962
vt 0.5953999758 0.2682000101
vt 0.4772999883 0.2682000101
vt 0.5953999758 0.2594000101
vt 0.4772999883 0.2594000101
vt 0.4772999883 0.2576999962
vt 0.5953999758 0.2576999962
vt 0.2960999906 0.3059999943
vt 0.4142999947 0.3059999943
vt 0.4142999947 0.3088999987
vt 0.2960999906 0.3088999987
vt 0.6772000194 0.002600000007
vt 0.6772000194 0.1207000017
vt 0.6754999757 0.1207000017
vt 0.6754999757 0.002600000007
vt 0.668200016 0.1207000017
vt 0.668200016 0.002600000007
vt 0.6699000001 0.002600000007
vt 0.6699000001 0.1207000017
vt 0.6610999703 0.002600000007
vt 0.6610999703 0.1207000017
vt 0.6593999863 0.1207000017
vt 0.6593999863 0.002600000007
vt 0.6521999836 0.1207000017
vt 0.6521999836 0.002600000007
vt 0.6538000107 0.002600000007
vt 0.6538000107 0.1207000017
vt 0.6449999809 0.002600000007
vt 0.6449999809 0.1207000017
vt 0.6432999969 0.1207000017
vt 0.6432999969 0.002600000007
vt 0.6360999942 0.1207000017
vt 0.6360999942 0.002600000007
vt 0.6377000213 0.002600000007
vt 0.6377000213 0.1207000017
vt 0.4878999889 0.1207000017
vt 0.4878999889 0.002600000007
vt 0.4902000129 0.002600000007
vt 0.4902000129 0.1207000017
vt 0.5001999736 0.002600000007
vt 0.5001999736 0.1207000017
vt 0.4977999926 0.1207000017
vt 0.4977999926 0.002600000007
vt 0.5163000226 0.002600000007
vt 0.5163000226 0.1207000017
vt 0.5145999789 0.1207000017
vt 0.5145999789 0.002600000007
vt 0.5073999763 0.1207000017
vt 0.5073999763 0.002600000007
vt 0.5090000033 0.002600000007
vt 0.5090000033 0.1207000017
vt 0.532400012 0.002600000007
vt 0.532400012 0.1207000017
vt 0.5307000279 0.1207000017
vt 0.5307000279 0.002600000007
vt 0.5235000253 0.1207000017
vt 0.5235000253 0.002600000007
vt 0.5250999928 0.002600000007
vt 0.5250999928 0.1207000017
vt 0.5485000014 0.002600000007
vt 0.5485000014 0.1207000017
vt 0.5468000174 0.1207000017
vt 0.5468000174 0.002600000007
vt 0.5396000147 0.1207000017
vt 0.5396000147 0.002600000007
vt 0.5411999822 0.002600000007
vt 0.5411999822 0.1207000017
vt 0.5644999743 0.002600000007
vt 0.5644999743 0.1207000017
vt 0.5629000068 0.1207000017
vt 0.5629000068 0.002600000007
vt 0.5555999875 0.1207000017
vt 0.5555999875 0.002600000007
vt 0.5572999716 0.002600000007
vt 0.5572999716 0.1207000017
vt 0.5806000233 0.002600000007
vt 0.5806000233 0.1207000017
vt 0.5789999962 0.1207000017
vt 0.5789999962 0.002600000007
vt 0.5716999769 0.1207000017
vt 0.5716999769 0.002600000007
vt 0.5734000206 0.002600000007
vt 0.5734000206 0.1207000017
vt 0.5967000127 0.002600000007
vt 0.5967000127 0.1207000017
vt 0.5950000286 0.1207000017
vt 0.5950000286 0.002600000007
vt 0.5878000259 0.1207000017
vt 0.5878000259 0.002600000007
vt 0.58950001 0.002600000007
vt 0.58950001 0.1207000017
vt 0.6128000021 0.002600000007
vt 0.6128000021 0.1207000017
vt 0.611100018 0.1207000017
vt 0.611100018 0.002600000007
vt 0.6039000154 0.1207000017
vt 0.6039000154 0.002600000007
vt 0.6055999994 0.002600000007
vt 0.6055999994 0.1207000017
vt 0.4876999855 0.1207000017
vt 0.4876999855 0.002600000007
vt 0.8075000048 0.1103999987
vt 0.6894000173 0.1103999987
vt 0.7646999955 0.6432999969
vt 0.882799983 0.6432999969
vt 0.2960999906 0.3057000041
vt 0.4142999947 0.3057000041
vt 0.7646999955 0.6467999816
vt 0.882799983 0.6467999816
vt 0.2960999906 0.3091999888
vt 0.4142999947 0.3091999888
vt 0.09809999913 0.126000002
vt 0.09809999913 0.1957000047
vt 0.09520000219 0.1957000047
vt 0.09520000219 0.126000002
vt 0.1817999929 0.126000002
vt 0.1817999929 0.1957000047
vt 0.1775999963 0.1957000047
vt 0.1775999963 0.126000002
vt 0.1699000001 0.126000002
vt 0.1699000001 0.1957000047
vt 0.166899994 0.1957000047
vt 0.166899994 0.126000002
vt 0.1596000046 0.126000002
vt 0.1596000046 0.1957000047
vt 0.1567000002 0.1957000047
vt 0.1567000002 0.126000002
vt 0.1493999958 0.126000002
vt 0.1493999958 0.1957000047
vt 0.1464000046 0.1957000047
vt 0.1464000046 0.126000002
vt 0.1391000003 0.126000002
vt 0.1391000003 0.1957000047
vt 0.1361999959 0.1957000047
vt 0.1361999959 0.126000002
vt 0.1289000064 0.126000002
vt 0.1289000064 0.1957000047
vt 0.1259000003 0.1957000047
vt 0.1259000003 0.126000002
vt 0.1186000034 0.126000002
vt 0.1186000034 0.1957000047
vt 0.115699999 0.1957000047
vt 0.115699999 0.126000002
vt 0.1084000021 0.126000002
vt 0.1084000021 0.1957000047
vt 0.1054000035 0.1957000047
vt 0.1054000035 0.126000002
vt 0.01150000002 0.1957000047
vt 0.01150000002 0.126000002
vt 0.01569999941 0.126000002
vt 0.01569999941 0.1957000047
vt 0.0234999992 0.1957000047
vt 0.0234999992 0.126000002
vt 0.02639999986 0.126000002
vt 0.02639999986 0.1957000047
vt 0.03370000049 0.1957000047
vt 0.03370000049 0.126000002
vt 0.03669999912 0.126000002
vt 0.03669999912 0.1957000047
vt 0.04399999976 0.1957000047
vt 0.04399999976 0.126000002
vt 0.04690000042 0.126000002
vt 0.04690000042 0.1957000047
vt 0.05420000106 0.1957000047
vt 0.05420000106 0.126000002
vt 0.05719999969 0.126000002
vt 0.05719999969 0.1957000047
vt 0.0644999966 0.1957000047
vt 0.0644999966 0.126000002
vt 0.06740000099 0.126000002
vt 0.06740000099 0.1957000047
vt 0.0746999979 0.1957000047
vt 0.0746999979 0.126000002
vt 0.07769999653 0.126000002
vt 0.07769999653 0.1957000047
vt 0.08500000089 0.1957000047
vt 0.08500000089 0.126000002
vt 0.08789999783 0.126000002
vt 0.08789999783 0.1957000047
vt 0.1714999974 0.126000002
vt 0.1755000055 0.126000002
vt 0.1755000055 0.1957000047
vt 0.1714999974 0.1957000047
vt 0.1613000035 0.126000002
vt 0.1652999967 0.126000002
vt 0.1652999967 0.1957000047
vt 0.1613000035 0.1957000047
vt 0.1509999931 0.126000002
vt 0.1550000012 0.126000002
vt 0.1550000012 0.1957000047
vt 0.1509999931 0.1957000047
vt 0.1407999992 0.126000002
vt 0.1448000073 0.126000002
vt 0.1448000073 0.1957000047
vt 0.1407999992 0.1957000047
vt 0.1305000037 0.126000002
vt 0.1344999969 0.126000002
vt 0.1344999969 0.1957000047
vt 0.1305000037 0.1957000047
vt 0.1203000024 0.126000002
vt 0.1243000031 0.126000002
vt 0.1243000031 0.1957000047
vt 0.1203000024 0.1957000047
vt 0.1099999994 0.126000002
vt 0.1140000001 0.126000002
vt 0.1140000001 0.1957000047
vt 0.1099999994 0.1957000047
vt 0.0997999981 0.126000002
vt 0.1037999988 0.126000002
vt 0.1037999988 0.1957000047
vt 0.0997999981 0.1957000047
vt 0.02180000022 0.1957000047
vt 0.01779999956 0.1957000047
vt 0.01779999956 0.126000002
vt 0.02180000022 0.126000002
vt 0.03209999949 0.1957000047
vt 0.02810000069 0.1957000047
vt 0.02810000069 0.126000002
vt 0.03209999949 0.126000002
vt 0.04230000079 0.1957000047
vt 0.03830000013 0.1957000047
vt 0.03830000013 0.126000002
vt 0.04230000079 0.126000002
vt 0.05260000005 0.1957000047
vt 0.0485999994 0.1957000047
vt 0.0485999994 0.126000002
vt 0.05260000005 0.126000002
vt 0.06279999763 0.1957000047
vt 0.0588000007 0.1957000047
vt 0.0588000007 0.126000002
vt 0.06279999763 0.126000002
vt 0.07299999893 0.1957000047
vt 0.06909999996 0.1957000047
vt 0.06909999996 0.126000002
vt 0.07299999893 0.126000002
vt 0.08330000192 0.1957000047
vt 0.07930000126 0.1957000047
vt 0.07930000126 0.126000002
vt 0.08330000192 0.126000002
vt 0.09350000322 0.1957000047
vt 0.08959999681 0.1957000047
vt 0.08959999681 0.126000002
vt 0.09350000322 0.126000002
vt 0.09950000048 0.126000002
vt 0.09950000048 0.1957000047
vt 0.09839999676 0.1957000047
vt 0.09839999676 0.126000002
vt 0.09380000085 0.1957000047
vt 0.09380000085 0.126000002
vt 0.09489999712 0.126000002
vt 0.09489999712 0.1957000047
vt 0.1835999936 0.126000002
vt 0.1835999936 0.1957000047
vt 0.182099998 0.1957000047
vt 0.182099998 0.126000002
vt 0.1757999957 0.1957000047
vt 0.1757999957 0.126000002
vt 0.1773000062 0.126000002
vt 0.1773000062 0.1957000047
vt 0.1712000072 0.126000002
vt 0.1712000072 0.1957000047
vt 0.1702000052 0.1957000047
vt 0.1702000052 0.126000002
vt 0.1655000001 0.1957000047
vt 0.1655000001 0.126000002
vt 0.1666000038 0.126000002
vt 0.1666000038 0.1957000047
vt 0.1609999985 0.126000002
vt 0.1609999985 0.1957000047
vt 0.1598999947 0.1957000047
vt 0.1598999947 0.126000002
vt 0.1553000063 0.1957000047
vt 0.1553000063 0.126000002
vt 0.1563999951 0.126000002
vt 0.1563999951 0.1957000047
vt 0.1507000029 0.126000002
vt 0.1507000029 0.1957000047
vt 0.1497000009 0.1957000047
vt 0.1497000009 0.126000002
vt 0.1450999975 0.1957000047
vt 0.1450999975 0.126000002
vt 0.1460999995 0.126000002
vt 0.1460999995 0.1957000047
vt 0.1404999942 0.126000002
vt 0.1404999942 0.1957000047
vt 0.1394000053 0.1957000047
vt 0.1394000053 0.126000002
vt 0.134800002 0.1957000047
vt 0.134800002 0.126000002
vt 0.1359000057 0.126000002
vt 0.1359000057 0.1957000047
vt 0.1301999986 0.126000002
vt 0.1301999986 0.1957000047
vt 0.1291999966 0.1957000047
vt 0.1291999966 0.126000002
vt 0.1246000007 0.1957000047
vt 0.1246000007 0.126000002
vt 0.1255999953 0.126000002
vt 0.1255999953 0.1957000047
vt 0.1199999973 0.126000002
vt 0.1199999973 0.1957000047
vt 0.118900001 0.1957000047
vt 0.118900001 0.126000002
vt 0.1142999977 0.1957000047
vt 0.1142999977 0.126000002
vt 0.1154000014 0.126000002
vt 0.1154000014 0.1957000047
vt 0.1098000035 0.126000002
vt 0.1098000035 0.1957000047
vt 0.1086999997 0.1957000047
vt 0.1086999997 0.126000002
vt 0.1040999964 0.1957000047
vt 0.1040999964 0.126000002
vt 0.1050999984 0.126000002
vt 0.1050999984 0.1957000047
vt 0.009700000286 0.1957000047
vt 0.009700000286 0.126000002
vt 0.0111999996 0.126000002
vt 0.0111999996 0.1957000047
vt 0.01750000007 0.126000002
vt 0.01750000007 0.1957000047
vt 0.01600000076 0.1957000047
vt 0.01600000076 0.126000002
vt 0.02779999934 0.126000002
vt 0.02779999934 0.1957000047
vt 0.02669999935 0.1957000047
vt 0.02669999935 0.126000002
vt 0.02209999971 0.1957000047
vt 0.02209999971 0.126000002
vt 0.0231999997 0.126000002
vt 0.0231999997 0.1957000047
vt 0.03799999878 0.126000002
vt 0.03799999878 0.1957000047
vt 0.03700000048 0.1957000047
vt 0.03700000048 0.126000002
vt 0.03240000084 0.1957000047
vt 0.03240000084 0.126000002
vt 0.03339999914 0.126000002
vt 0.03339999914 0.1957000047
vt 0.04830000177 0.126000002
vt 0.04830000177 0.1957000047
vt 0.04720000178 0.1957000047
vt 0.04720000178 0.126000002
vt 0.04259999841 0.1957000047
vt 0.04259999841 0.126000002
vt 0.04369999841 0.126000002
vt 0.04369999841 0.1957000047
vt 0.05849999934 0.126000002
vt 0.05849999934 0.1957000047
vt 0.05750000104 0.1957000047
vt 0.05750000104 0.126000002
vt 0.05290000141 0.1957000047
vt 0.05290000141 0.126000002
vt 0.05389999971 0.126000002
vt 0.05389999971 0.1957000047
vt 0.06880000234 0.126000002
vt 0.06880000234 0.1957000047
vt 0.06769999862 0.1957000047
vt 0.06769999862 0.126000002
vt 0.06310000271 0.1957000047
vt 0.06310000271 0.126000002
vt 0.06419999897 0.126000002
vt 0.06419999897 0.1957000047
vt 0.07900000364 0.126000002
vt 0.07900000364 0.1957000047
vt 0.07789999992 0.1957000047
vt 0.07789999992 0.126000002
vt 0.07329999655 0.1957000047
vt 0.07329999655 0.126000002
vt 0.07440000027 0.126000002
vt 0.07440000027 0.1957000047
vt 0.08929999918 0.126000002
vt 0.08929999918 0.1957000047
vt 0.08820000291 0.1957000047
vt 0.08820000291 0.126000002
vt 0.08359999955 0.1957000047
vt 0.08359999955 0.126000002
vt 0.08470000327 0.126000002
vt 0.08470000327 0.1957000047
vt 0.009600000456 0.1957000047
vt 0.009600000456 0.126000002
vt 0.183799997 0.126000002
vt 0.183799997 0.1957000047
vt 0.09759999812 0.1968999952
vt 0.09759999812 0.2653999925
vt 0.09459999949 0.2653999925
vt 0.09459999949 0.1968999952
vt 0.1811999977 0.1968999952
vt 0.1811999977 0.2653999925
vt 0.1771000028 0.2653999925
vt 0.1771000028 0.1968999952
vt 0.1693000048 0.1968999952
vt 0.1693000048 0.2653999925
vt 0.1662999988 0.2653999925
vt 0.1662999988 0.1968999952
vt 0.1589999944 0.1968999952
vt 0.1589999944 0.2653999925
vt 0.1561000049 0.2653999925
vt 0.1561000049 0.1968999952
vt 0.1488000005 0.1968999952
vt 0.1488000005 0.2653999925
vt 0.1458999962 0.2653999925
vt 0.1458999962 0.1968999952
vt 0.1386000067 0.1968999952
vt 0.1386000067 0.2653999925
vt 0.1356000006 0.2653999925
vt 0.1356000006 0.1968999952
vt 0.1282999963 0.1968999952
vt 0.1282999963 0.2653999925
vt 0.1254000068 0.2653999925
vt 0.1254000068 0.1968999952
vt 0.1181000024 0.1968999952
vt 0.1181000024 0.2653999925
vt 0.1150999963 0.2653999925
vt 0.1150999963 0.1968999952
vt 0.1077999994 0.1968999952
vt 0.1077999994 0.2653999925
vt 0.1049000025 0.2653999925
vt 0.1049000025 0.1968999952
vt 0.01099999994 0.2653999925
vt 0.01099999994 0.1968999952
vt 0.01510000043 0.1968999952
vt 0.01510000043 0.2653999925
vt 0.02290000021 0.2653999925
vt 0.02290000021 0.1968999952
vt 0.02590000071 0.1968999952
vt 0.02590000071 0.2653999925
vt 0.03319999948 0.2653999925
vt 0.03319999948 0.1968999952
vt 0.03610000014 0.1968999952
vt 0.03610000014 0.2653999925
vt 0.04340000078 0.2653999925
vt 0.04340000078 0.1968999952
vt 0.04630000144 0.1968999952
vt 0.04630000144 0.2653999925
vt 0.05359999835 0.2653999925
vt 0.05359999835 0.1968999952
vt 0.05660000071 0.1968999952
vt 0.05660000071 0.2653999925
vt 0.06390000135 0.2653999925
vt 0.06390000135 0.1968999952
vt 0.06679999828 0.1968999952
vt 0.06679999828 0.2653999925
vt 0.07410000265 0.2653999925
vt 0.07410000265 0.1968999952
vt 0.07710000128 0.1968999952
vt 0.07710000128 0.2653999925
vt 0.08439999819 0.2653999925
vt 0.08439999819 0.1968999952
vt 0.08730000257 0.1968999952
vt 0.08730000257 0.2653999925
vt 0.1709000021 0.1968999952
vt 0.1748999953 0.1968999952
vt 0.1748999953 0.2653999925
vt 0.1709000021 0.2653999925
vt 0.1606999934 0.1968999952
vt 0.1647000015 0.1968999952
vt 0.1647000015 0.2653999925
vt 0.1606999934 0.2653999925
vt 0.1504999995 0.1968999952
vt 0.1544000059 0.1968999952
vt 0.1544000059 0.2653999925
vt 0.1504999995 0.2653999925
vt 0.140200004 0.1968999952
vt 0.1441999972 0.1968999952
vt 0.1441999972 0.2653999925
vt 0.140200004 0.2653999925
vt 0.1299999952 0.1968999952
vt 0.1339000016 0.1968999952
vt 0.1339000016 0.2653999925
vt 0.1299999952 0.2653999925
vt 0.1196999997 0.1968999952
vt 0.1237000003 0.1968999952
vt 0.1237000003 0.2653999925
vt 0.1196999997 0.2653999925
vt 0.1094999984 0.1968999952
vt 0.113499999 0.1968999952
vt 0.113499999 0.2653999925
vt 0.1094999984 0.2653999925
vt 0.09920000285 0.1968999952
vt 0.1032000035 0.1968999952
vt 0.1032000035 0.2653999925
vt 0.09920000285 0.2653999925
vt 0.02129999921 0.2653999925
vt 0.01730000041 0.2653999925
vt 0.01730000041 0.1968999952
vt 0.02129999921 0.1968999952
vt 0.03150000051 0.2653999925
vt 0.02749999985 0.2653999925
vt 0.02749999985 0.1968999952
vt 0.03150000051 0.1968999952
vt 0.04170000181 0.2653999925
vt 0.03779999912 0.2653999925
vt 0.03779999912 0.1968999952
vt 0.04170000181 0.1968999952
vt 0.05200000107 0.2653999925
vt 0.04800000042 0.2653999925
vt 0.04800000042 0.1968999952
vt 0.05200000107 0.1968999952
vt 0.06219999865 0.2653999925
vt 0.05829999968 0.2653999925
vt 0.05829999968 0.1968999952
vt 0.06219999865 0.1968999952
vt 0.07249999791 0.2653999925
vt 0.06849999726 0.2653999925
vt 0.06849999726 0.1968999952
vt 0.07249999791 0.1968999952
vt 0.08269999921 0.2653999925
vt 0.07869999856 0.2653999925
vt 0.07869999856 0.1968999952
vt 0.08269999921 0.1968999952
vt 0.09300000221 0.2653999925
vt 0.08900000155 0.2653999925
vt 0.08900000155 0.1968999952
vt 0.09300000221 0.1968999952
vt 0.09329999983 0.2653999925
vt 0.09329999983 0.1968999952
vt 0.09430000186 0.1968999952
vt 0.09430000186 0.2653999925
vt 0.09889999777 0.1968999952
vt 0.09889999777 0.2653999925
vt 0.09790000319 0.2653999925
vt 0.09790000319 0.1968999952
vt 0.1752000004 0.2653999925
vt 0.1752000004 0.1968999952
vt 0.176699996 0.1968999952
vt 0.176699996 0.2653999925
vt 0.1831 0.1968999952
vt 0.1831 0.2653999925
vt 0.1816000044 0.2653999925
vt 0.1816000044 0.1968999952
vt 0.1650000066 0.2653999925
vt 0.1650000066 0.1968999952
vt 0.1659999937 0.1968999952
vt 0.1659999937 0.2653999925
vt 0.1706999987 0.1968999952
vt 0.1706999987 0.2653999925
vt 0.169599995 0.2653999925
vt 0.169599995 0.1968999952
vt 0.1546999961 0.2653999925
vt 0.1546999961 0.1968999952
vt 0.1557999998 0.1968999952
vt 0.1557999998 0.2653999925
vt 0.1604000032 0.1968999952
vt 0.1604000032 0.2653999925
vt 0.1592999995 0.2653999925
vt 0.1592999995 0.1968999952
vt 0.1445000023 0.2653999925
vt 0.1445000023 0.1968999952
vt 0.145600006 0.1968999952
vt 0.145600006 0.2653999925
vt 0.1501999944 0.1968999952
vt 0.1501999944 0.2653999925
vt 0.1491000056 0.2653999925
vt 0.1491000056 0.1968999952
vt 0.1342000067 0.2653999925
vt 0.1342000067 0.1968999952
vt 0.1352999955 0.1968999952
vt 0.1352999955 0.2653999925
vt 0.1398999989 0.1968999952
vt 0.1398999989 0.2653999925
vt 0.1387999952 0.2653999925
vt 0.1387999952 0.1968999952
vt 0.123999998 0.2653999925
vt 0.123999998 0.1968999952
vt 0.1251000017 0.1968999952
vt 0.1251000017 0.2653999925
vt 0.1297000051 0.1968999952
vt 0.1297000051 0.2653999925
vt 0.1286000013 0.2653999925
vt 0.1286000013 0.1968999952
vt 0.1137000024 0.2653999925
vt 0.1137000024 0.1968999952
vt 0.1147999987 0.1968999952
vt 0.1147999987 0.2653999925
vt 0.1194000021 0.1968999952
vt 0.1194000021 0.2653999925
vt 0.1184 0.2653999925
vt 0.1184 0.1968999952
vt 0.1035000011 0.2653999925
vt 0.1035000011 0.1968999952
vt 0.1045999974 0.1968999952
vt 0.1045999974 0.2653999925
vt 0.1092000008 0.1968999952
vt 0.1092000008 0.2653999925
vt 0.108099997 0.2653999925
vt 0.108099997 0.1968999952
vt 0.009100000374 0.2653999925
vt 0.009100000374 0.1968999952
vt 0.01059999969 0.1968999952
vt 0.01059999969 0.2653999925
vt 0.01700000092 0.1968999952
vt 0.01700000092 0.2653999925
vt 0.01549999975 0.2653999925
vt 0.01549999975 0.1968999952
vt 0.02150000073 0.2653999925
vt 0.02150000073 0.1968999952
vt 0.02260000072 0.1968999952
vt 0.02260000072 0.2653999925
vt 0.02720000036 0.1968999952
vt 0.02720000036 0.2653999925
vt 0.0262000002 0.2653999925
vt 0.0262000002 0.1968999952
vt 0.03180000186 0.2653999925
vt 0.03180000186 0.1968999952
vt 0.03290000185 0.1968999952
vt 0.03290000185 0.2653999925
vt 0.03750000149 0.1968999952
vt 0.03750000149 0.2653999925
vt 0.0364000015 0.2653999925
vt 0.0364000015 0.1968999952
vt 0.04199999943 0.2653999925
vt 0.04199999943 0.1968999952
vt 0.04309999943 0.1968999952
vt 0.04309999943 0.2653999925
vt 0.04769999906 0.1968999952
vt 0.04769999906 0.2653999925
vt 0.04659999907 0.2653999925
vt 0.04659999907 0.1968999952
vt 0.0522999987 0.2653999925
vt 0.0522999987 0.1968999952
vt 0.05339999869 0.1968999952
vt 0.05339999869 0.2653999925
vt 0.05799999833 0.1968999952
vt 0.05799999833 0.2653999925
vt 0.05689999834 0.2653999925
vt 0.05689999834 0.1968999952
vt 0.0625 0.2653999925
vt 0.0625 0.1968999952
vt 0.06360000372 0.1968999952
vt 0.06360000372 0.2653999925
vt 0.06819999963 0.1968999952
vt 0.06819999963 0.2653999925
vt 0.06710000336 0.2653999925
vt 0.06710000336 0.1968999952
vt 0.07280000299 0.2653999925
vt 0.07280000299 0.1968999952
vt 0.07379999757 0.1968999952
vt 0.07379999757 0.2653999925
vt 0.07850000262 0.1968999952
vt 0.07850000262 0.2653999925
vt 0.0773999989 0.2653999925
vt 0.0773999989 0.1968999952
vt 0.08299999684 0.2653999925
vt 0.08299999684 0.1968999952
vt 0.08410000056 0.1968999952
vt 0.08410000056 0.2653999925
vt 0.08869999647 0.1968999952
vt 0.08869999647 0.2653999925
vt 0.0876000002 0.2653999925
vt 0.0876000002 0.1968999952
vt 0.008999999613 0.2653999925
vt 0.008999999613 0.1968999952
vt 0.1832000017 0.1968999952
vt 0.1832000017 0.2653999925
vt 0.4295000136 0.4264000058
vt 0.4429999888 0.4264000058
vt 0.4440000057 0.4273999929
vt 0.002300000051 0.4273999929
vt 0.003299999982 0.4264000058
vt 0.01620000042 0.4264000058
vt 0.6951000094 0.3513000011
vt 0.6955999732 0.3833000064
vt 0.2813000083 0.3833000064
vt 0.2818000019 0.3513000011
vt 0.4295000136 0.4600000083
vt 0.01620000042 0.4600000083
vt 0.709100008 0.3131999969
vt 0.709100008 0.3458000124
vt 0.2958000004 0.3458000124
vt 0.2958000004 0.3131999969
vt 0.002300000051 0.4654999971
vt 0.01720000058 0.4654999971
vt 0.01720000058 0.4981000125
vt 0.002300000051 0.4981000125
vt 0.8830999732 0.4589999914
vt 0.8506000042 0.4589999914
vt 0.8506000042 0.4264000058
vt 0.8830999732 0.4264000058
vt 0.4359000027 0.4654999971
vt 0.4359000027 0.4981000125
vt 0.4034000039 0.4981000125
vt 0.4034000039 0.4654999971
vt 0.4643999934 0.4589999914
vt 0.4643999934 0.4264000058
vt 0.421600014 0.5487999916
vt 0.4210999906 0.53549999
vt 0.8353999853 0.53549999
vt 0.8349000216 0.5487999916
vt 0.4494999945 0.4589999914
vt 0.4494999945 0.4264000058
vt 0.002300000051 0.5799000263
vt 0.03480000049 0.5799000263
vt 0.03429999948 0.5922999978
vt 0.002300000051 0.5928000212
vt 0.03480000049 0.5723999739
vt 0.002300000051 0.5723999739
vt 0.002300000051 0.5588999987
vt 0.03429999948 0.559400022
vt 0.4440000057 0.4600000083
vt 0.002300000051 0.4600000083
vt 0.72299999 0.3131999969
vt 0.72299999 0.3458000124
vt 0.2813000083 0.3458000124
vt 0.2813000083 0.3131999969
vt 0.4210000038 0.5723999739
vt 0.4214999974 0.559400022
vt 0.4210000038 0.5799000263
vt 0.4214999974 0.5922999978
vt 0.4348999858 0.5723999739
vt 0.4348999858 0.5588999987
vt 0.4348999858 0.5799000263
vt 0.4348999858 0.5928000212
vt 0.002300000051 0.5350000262
vt 0.4156000018 0.5350000262
vt 0.4156000018 0.5533999801
vt 0.002300000051 0.5533999801
vt 0.2813000083 0.3892999887
vt 0.6945999861 0.3892999887
vt 0.6945999861 0.407799989
vt 0.2813000083 0.407799989
vt 0.4772999883 0.1984000057
vt 0.863499999 0.1984000057
vt 0.863499999 0.2168000042
vt 0.4772999883 0.2168000042
vt 0.8276000023 0.5220000148
vt 0.4413999915 0.5220000148
vt 0.4413999915 0.5036000013
vt 0.8276000023 0.5036000013
vt 0.4424000084 0.4898000062
vt 0.4424000084 0.4758999944
vt 0.4535000026 0.4654999971
vt 0.4535000026 0.478700012
vt 0.4348999858 0.5045999885
vt 0.4348999858 0.5191000104
vt 0.4241000116 0.529399991
vt 0.4241000116 0.5156999826
vt 0.8740000129 0.4896999896
vt 0.8592000008 0.4898000062
vt 0.8492000103 0.478700012
vt 0.8633000255 0.478700012
vt 0.003299999982 0.5045999885
vt 0.03559999913 0.5045999885
vt 0.04500000179 0.5156999826
vt 0.01429999992 0.5156999826
vt 0.4747000039 0.4898000062
vt 0.4842000008 0.478700012
vt 0.4201000035 0.5045999885
vt 0.410100013 0.5156999826
vt 0.4422999918 0.5598999858
vt 0.8536999822 0.5598999858
vt 0.8432999849 0.570900023
vt 0.4526999891 0.570900023
vt 0.003299999982 0.5191000104
vt 0.01429999992 0.529399991
vt 0.8536999822 0.5896000266
vt 0.4424000084 0.5896000266
vt 0.4526999891 0.5788999796
vt 0.8432999849 0.5788999796
vt 0.8740000129 0.4758999944
vt 0.8633000255 0.4654999971
vt 0.4359000027 0.5734000206
vt 0.4359000027 0.5588999987
vt 0.4359000027 0.5788999796
vt 0.4210000038 0.5788999796
vt 0.002300000051 0.5734000206
vt 0.03480000049 0.5734000206
vt 0.4413999915 0.4769000113
vt 0.4413999915 0.4907999933
vt 0.4359000027 0.5181000233
vt 0.4359000027 0.5036000013
vt 0.8600999713 0.4907999933
vt 0.875 0.4907999933
vt 0.03480000049 0.5036000013
vt 0.002300000051 0.5036000013
vt 0.03480000049 0.5788999796
vt 0.002300000051 0.5788999796
vt 0.4210000038 0.5734000206
vt 0.4738999903 0.4907999933
vt 0.4210000038 0.5036000013
vt 0.421600014 0.5497999787
vt 0.8349000216 0.5497999787
vt 0.4359000027 0.5928000212
vt 0.8547000289 0.5588999987
vt 0.4413999915 0.5588999987
vt 0.002300000051 0.5181000233
vt 0.4413999915 0.5906000137
vt 0.8547000289 0.5906000137
vt 0.875 0.4769000113
vt 0.6951000094 0.3838
vt 0.2818000019 0.3838
vt 0.421600014 0.5350000262
vt 0.8349000216 0.5350000262
vt 0.03480000049 0.5588999987
vt 0.4210000038 0.5588999987
vt 0.4210000038 0.5928000212
vt 0.03480000049 0.5928000212
vt 0.6119999886 0.5982999802
vt 0.736100018 0.5982999802
vt 0.736100018 0.6075000167
vt 0.6119999886 0.6075000167
vt 0.545599997 0.5274999738
vt 0.6697000265 0.5274999738
vt 0.6697000265 0.5284000039
vt 0.545599997 0.5284000039
vt 0.5389999747 0.7821000218
vt 0.4149000049 0.7821000218
vt 0.4149000049 0.7811999917
vt 0.5389999747 0.7811999917
vt 0.6553999782 0.7418000102
vt 0.5313000083 0.7418000102
vt 0.5313000083 0.738499999
vt 0.6553999782 0.738499999
vt 0.3853999972 0.4133000076
vt 0.5095999837 0.4133000076
vt 0.5095999837 0.4165999889
vt 0.3853999972 0.4165999889
vt 0.3170000017 0.65200001
vt 0.1928000003 0.65200001
vt 0.1928000003 0.6432999969
vt 0.3170000017 0.6432999969
vt 0.1928000003 0.6575000286
vt 0.3170000017 0.6575000286
vt 0.3170000017 0.6653000116
vt 0.1928000003 0.6653000116
vt 0.507799983 0.5982999802
vt 0.5953999758 0.5982999802
vt 0.5953999758 0.6075000167
vt 0.507799983 0.6075000167
vt 0.8403000236 0.6075000167
vt 0.7526999712 0.6075000167
vt 0.7526999712 0.5982999802
vt 0.8403000236 0.5982999802
vt 0.4413999915 0.5274999738
vt 0.5289999843 0.5274999738
vt 0.5289999843 0.5284000039
vt 0.4413999915 0.5284000039
vt 0.7738999724 0.5284000039
vt 0.6862000227 0.5284000039
vt 0.6862000227 0.5274999738
vt 0.7738999724 0.5274999738
vt 0.6431999803 0.7821000218
vt 0.5555999875 0.7821000218
vt 0.5555999875 0.7811999917
vt 0.6431999803 0.7811999917
vt 0.3106999993 0.7811999917
vt 0.3984000087 0.7811999917
vt 0.3984000087 0.7821000218
vt 0.3106999993 0.7821000218
vt 0.7595999837 0.7418000102
vt 0.6719999909 0.7418000102
vt 0.6719999909 0.738499999
vt 0.7595999837 0.738499999
vt 0.4271000028 0.738499999
vt 0.5146999955 0.738499999
vt 0.5146999955 0.7418000102
vt 0.4271000028 0.7418000102
vt 0.2813000083 0.4133000076
vt 0.368900001 0.4133000076
vt 0.368900001 0.4165999889
vt 0.2813000083 0.4165999889
vt 0.6136999726 0.4165999889
vt 0.5260999799 0.4165999889
vt 0.5260999799 0.4133000076
vt 0.6136999726 0.4133000076
vt 0.4210999906 0.65200001
vt 0.3334999979 0.65200001
vt 0.3334999979 0.6432999969
vt 0.4210999906 0.6432999969
vt 0.08869999647 0.6432999969
vt 0.1763000041 0.6432999969
vt 0.1763000041 0.65200001
vt 0.08869999647 0.65200001
vt 0.08869999647 0.6575000286
vt 0.1763000041 0.6575000286
vt 0.1763000041 0.6653000116
vt 0.08869999647 0.6653000116
vt 0.4210999906 0.6653000116
vt 0.3334999979 0.6653000116
vt 0.3334999979 0.6575000286
vt 0.4210999906 0.6575000286
vt 0.8133000135 0.8026999831
vt 0.8137999773 0.8025000095
vt 0.8220000267 0.8025000095
vt 0.8224999905 0.8026999831
vt 0.6115000248 0.5988000035
vt 0.5958999991 0.5988000035
vt 0.5291000009 0.8751000166
vt 0.5285999775 0.8752999902
vt 0.5203999877 0.8752999902
vt 0.5199000239 0.8751000166
vt 0.5256000161 0.4169000089
vt 0.5101000071 0.4169000089
vt 0.4618999958 0.8751999736
vt 0.4614000022 0.8755000234
vt 0.4532000124 0.8755000234
vt 0.4526999891 0.8751999736
vt 0.3849999905 0.4169000089
vt 0.3693999946 0.4169000089
vt 0.7951999903 0.8711000085
vt 0.795599997 0.8708000183
vt 0.8039000034 0.8708000183
vt 0.8044000268 0.8711000085
vt 0.7522000074 0.5988000035
vt 0.7365999818 0.5988000035
vt 0.8137999773 0.7985000014
vt 0.8220000267 0.7985000014
vt 0.8679999709 0.7322000265
vt 0.8679999709 0.7282000184
vt 0.8835999966 0.7282000184
vt 0.8835999966 0.7322000265
vt 0.5285999775 0.8792999983
vt 0.5203999877 0.8792999983
vt 0.5256000161 0.4208999872
vt 0.5101000071 0.4208999872
vt 0.4614000022 0.8794999719
vt 0.4532000124 0.8794999719
vt 0.3849999905 0.4208999872
vt 0.3693999946 0.4208999872
vt 0.795599997 0.8668000102
vt 0.8039000034 0.8668000102
vt 0.1648000032 0.8331999779
vt 0.1648000032 0.8292000294
vt 0.180399999 0.8292000294
vt 0.180399999 0.8331999779
vt 0.3334999979 0.711499989
vt 0.3334999979 0.7052000165
vt 0.4210999906 0.7052000165
vt 0.4210999906 0.711499989
vt 0.1928000003 0.711499989
vt 0.1928000003 0.7052000165
vt 0.3170000017 0.7052000165
vt 0.3170000017 0.711499989
vt 0.08869999647 0.711499989
vt 0.08869999647 0.7052000165
vt 0.1763000041 0.7052000165
vt 0.1763000041 0.711499989
vt 0.8664000034 0.1159000024
vt 0.8820000291 0.1159000024
vt 0.8820000291 0.1242000014
vt 0.8664000034 0.1242000014
vt 0.8758000135 0.587199986
vt 0.8601999879 0.587199986
vt 0.8601999879 0.5788999796
vt 0.8758000135 0.5788999796
vt 0.3170000017 0.6286000013
vt 0.3170000017 0.6377999783
vt 0.1928000003 0.6377999783
vt 0.1928000003 0.6286000013
vt 0.7610999942 0.6819999814
vt 0.7610999942 0.6829000115
vt 0.6369000077 0.6829000115
vt 0.6369000077 0.6819999814
vt 0.545599997 0.4972000122
vt 0.545599997 0.4963000119
vt 0.6697000265 0.4963000119
vt 0.6697000265 0.4972000122
vt 0.5728999972 0.7594000101
vt 0.5728999972 0.7627000213
vt 0.4487999976 0.7627000213
vt 0.4487999976 0.7594000101
vt 0.5307999849 0.6509000063
vt 0.5307999849 0.6475999951
vt 0.6549999714 0.6475999951
vt 0.6549999714 0.6509000063
vt 0.6549999714 0.6286000013
vt 0.6549999714 0.6373000145
vt 0.5307999849 0.6373000145
vt 0.5307999849 0.6286000013
vt 0.6119999886 0.6208000183
vt 0.6119999886 0.6130999923
vt 0.736100018 0.6130999923
vt 0.736100018 0.6208000183
vt 0.4210999906 0.6286000013
vt 0.4210999906 0.6377999783
vt 0.3334999979 0.6377999783
vt 0.3334999979 0.6286000013
vt 0.08869999647 0.6377999783
vt 0.08869999647 0.6286000013
vt 0.1763000041 0.6286000013
vt 0.1763000041 0.6377999783
vt 0.8651999831 0.6819999814
vt 0.8651999831 0.6829000115
vt 0.7775999904 0.6829000115
vt 0.7775999904 0.6819999814
vt 0.5328000188 0.6829000115
vt 0.5328000188 0.6819999814
vt 0.6204000115 0.6819999814
vt 0.6204000115 0.6829000115
vt 0.4413999915 0.4972000122
vt 0.4413999915 0.4963000119
vt 0.5289999843 0.4963000119
vt 0.5289999843 0.4972000122
vt 0.7738999724 0.4963000119
vt 0.7738999724 0.4972000122
vt 0.6862000227 0.4972000122
vt 0.6862000227 0.4963000119
vt 0.6771000028 0.7594000101
vt 0.6771000028 0.7627000213
vt 0.58950001 0.7627000213
vt 0.58950001 0.7594000101
vt 0.344599992 0.7627000213
vt 0.344599992 0.7594000101
vt 0.4323000014 0.7594000101
vt 0.4323000014 0.7627000213
vt 0.426699996 0.6509000063
vt 0.426699996 0.6475999951
vt 0.5142999887 0.6475999951
vt 0.5142999887 0.6509000063
vt 0.7591000199 0.6475999951
vt 0.7591000199 0.6509000063
vt 0.6715000272 0.6509000063
vt 0.6715000272 0.6475999951
vt 0.7591000199 0.6286000013
vt 0.7591000199 0.6373000145
vt 0.6715000272 0.6373000145
vt 0.6715000272 0.6286000013
vt 0.426699996 0.6373000145
vt 0.426699996 0.6286000013
vt 0.5142999887 0.6286000013
vt 0.5142999887 0.6373000145
vt 0.507799983 0.6208000183
vt 0.507799983 0.6130999923
vt 0.5953999758 0.6130999923
vt 0.5953999758 0.6208000183
vt 0.8403000236 0.6130999923
vt 0.8403000236 0.6208000183
vt 0.7526999712 0.6208000183
vt 0.7526999712 0.6130999923
vt 0.07379999757 0.8600999713
vt 0.08299999684 0.8600999713
vt 0.08250000328 0.8603000045
vt 0.07429999858 0.8603000045
vt 0.3330999911 0.6291000247
vt 0.3174999952 0.6291000247
vt 0.8847000003 0.1020999998
vt 0.8755000234 0.1020999998
vt 0.8759999871 0.1018000022
vt 0.8842999935 0.1018000022
vt 0.6554999948 0.647300005
vt 0.6710000038 0.647300005
vt 0.8840000033 0.393599987
vt 0.8748000264 0.393599987
vt 0.8752999902 0.3932999969
vt 0.88349998 0.3932999969
vt 0.5148000121 0.647300005
vt 0.5303999782 0.647300005
vt 0.8151000142 0.8650000095
vt 0.8242999911 0.8650000095
vt 0.8238000274 0.8651999831
vt 0.815599978 0.8651999831
vt 0.1923999935 0.6291000247
vt 0.1767999977 0.6291000247
vt 0.08250000328 0.8643000126
vt 0.07429999858 0.8643000126
vt 0.8676000237 0.738499999
vt 0.8831999898 0.738499999
vt 0.8831999898 0.7425000072
vt 0.8676000237 0.7425000072
vt 0.8759999871 0.0978000015
vt 0.8842999935 0.0978000015
vt 0.6554999948 0.6432999969
vt 0.6710000038 0.6432999969
vt 0.8752999902 0.3892999887
vt 0.88349998 0.3892999887
vt 0.5148000121 0.6432999969
vt 0.5303999782 0.6432999969
vt 0.8238000274 0.8691999912
vt 0.815599978 0.8691999912
vt 0.4876999855 0.1887000054
vt 0.5033000112 0.1887000054
vt 0.5033000112 0.1926999986
vt 0.4876999855 0.1926999986
vt 0.5142999887 0.6638000011
vt 0.426699996 0.6638000011
vt 0.426699996 0.6575000286
vt 0.5142999887 0.6575000286
vt 0.6549999714 0.6638000011
vt 0.5307999849 0.6638000011
vt 0.5307999849 0.6575000286
vt 0.6549999714 0.6575000286
vt 0.7591000199 0.6638000011
vt 0.6715000272 0.6638000011
vt 0.6715000272 0.6575000286
vt 0.7591000199 0.6575000286
vt 0.8820000291 0.1339000016
vt 0.8820000291 0.1421000063
vt 0.8664000034 0.1421000063
vt 0.8664000034 0.1339000016
vt 0.8019999862 0.1894000024
vt 0.8019999862 0.1811999977
vt 0.8176000118 0.1811999977
vt 0.8176000118 0.1894000024
vt 0.3106999993 0.6890000105
vt 0.643599987 0.6887000203
vt 0.643599987 0.6941000223
vt 0.3106999993 0.6941000223
vt 0.08869999647 0.738499999
vt 0.421600014 0.738499999
vt 0.421600014 0.7429000139
vt 0.08869999647 0.7429000139
vt 0.5328000188 0.6707999706
vt 0.8657000065 0.6711000204
vt 0.8657000065 0.6765000224
vt 0.5328000188 0.6765000224
vt 0.08869999647 0.7329000235
vt 0.08869999647 0.7282999754
vt 0.421600014 0.7282000184
vt 0.421600014 0.7329000235
vt 0.643599987 0.6883999705
vt 0.3106999993 0.6887000203
vt 0.08869999647 0.7172999978
vt 0.421600014 0.717599988
vt 0.421600014 0.7226999998
vt 0.08869999647 0.7226999998
vt 0.7599999905 0.7324000001
vt 0.4271000028 0.7324000001
vt 0.4271000028 0.7282000184
vt 0.7599999905 0.7282000184
vt 0.426699996 0.7055000067
vt 0.7595999837 0.7052000165
vt 0.7595999837 0.7109000087
vt 0.426699996 0.7109000087
vt 0.4271000028 0.7215999961
vt 0.4271000028 0.7170000076
vt 0.7599999905 0.7170000076
vt 0.7599999905 0.7215999961
vt 0.421600014 0.7172999978
vt 0.08869999647 0.7170000076
vt 0.2387000024 0.9603000283
vt 0.2387000024 0.9623000026
vt 0.132100001 0.9623000026
vt 0.132100001 0.9603000283
vt 0.132100001 0.9013000131
vt 0.132100001 0.8992999792
vt 0.2387000024 0.8992999792
vt 0.2387000024 0.9013000131
vt 0.1316999942 0.9599999785
vt 0.1298999935 0.9599999785
vt 0.1298999935 0.9016000032
vt 0.1316999942 0.9016000032
vt 0.239199996 0.9016000032
vt 0.2409999967 0.9016000032
vt 0.2409999967 0.9599999785
vt 0.239199996 0.9599999785
vt 0.1316999942 0.9603000283
vt 0.1316999942 0.9623000026
vt 0.1298999935 0.9623000026
vt 0.1298999935 0.9603000283
vt 0.239199996 0.9623000026
vt 0.239199996 0.9603000283
vt 0.2409999967 0.9603000283
vt 0.2409999967 0.9623000026
vt 0.239199996 0.9013000131
vt 0.239199996 0.8992999792
vt 0.2409999967 0.8992999792
vt 0.2409999967 0.9013000131
vt 0.1316999942 0.8992999792
vt 0.1316999942 0.9013000131
vt 0.1298999935 0.9013000131
vt 0.1298999935 0.8992999792
vt 0.5001000166 0.9004999995
vt 0.6067000031 0.9004999995
vt 0.6067000031 0.9025999904
vt 0.5001000166 0.9025999904
vt 0.6067000031 0.9635999799
vt 0.5001000166 0.9635999799
vt 0.5001000166 0.961499989
vt 0.6067000031 0.961499989
vt 0.4977999926 0.9613000154
vt 0.4977999926 0.9028000236
vt 0.4995999932 0.9028000236
vt 0.4995999932 0.9613000154
vt 0.6089000106 0.9028000236
vt 0.6089000106 0.9613000154
vt 0.6071000099 0.9613000154
vt 0.6071000099 0.9028000236
vt 0.4977999926 0.9004999995
vt 0.4995999932 0.9004999995
vt 0.4995999932 0.9025999904
vt 0.4977999926 0.9025999904
vt 0.6089000106 0.9025999904
vt 0.6071000099 0.9025999904
vt 0.6071000099 0.9004999995
vt 0.6089000106 0.9004999995
vt 0.6089000106 0.9635999799
vt 0.6071000099 0.9635999799
vt 0.6071000099 0.961499989
vt 0.6089000106 0.961499989
vt 0.4977999926 0.961499989
vt 0.4995999932 0.961499989
vt 0.4995999932 0.9635999799
vt 0.4977999926 0.9635999799
vt 0.4982999861 0.9862999916
vt 0.6049000025 0.9862999916
vt 0.6049000025 0.9873999953
vt 0.4982999861 0.9873999953
vt 0.6067000031 0.9714999795
vt 0.5001000166 0.9714999795
vt 0.5001000166 0.9704999924
vt 0.6067000031 0.9704999924
vt 0.2369000018 0.986100018
vt 0.1303000003 0.986100018
vt 0.1303000003 0.9850999713
vt 0.2369000018 0.9850999713
vt 0.5001000166 0.978399992
vt 0.6067000031 0.978399992
vt 0.6067000031 0.9794999957
vt 0.5001000166 0.9794999957
vt 0.5644000173 0.950699985
vt 0.5059999824 0.950699985
vt 0.5059999824 0.9496999979
vt 0.5644000173 0.9496999979
vt 0.1985000074 0.9495000243
vt 0.1401000023 0.9495000243
vt 0.1401000023 0.9484000206
vt 0.1985000074 0.9484000206
vt 0.5644000173 0.9534999728
vt 0.5059999824 0.9534999728
vt 0.5059999824 0.9524999857
vt 0.5644000173 0.9524999857
vt 0.1985000074 0.9549999833
vt 0.1401000023 0.9549999833
vt 0.1401000023 0.9539999962
vt 0.1985000074 0.9539999962
vt 0.2008000016 0.9495000243
vt 0.1987999976 0.9495000243
vt 0.1987999976 0.9484000206
vt 0.2008000016 0.9484000206
vt 0.4995999932 0.9714999795
vt 0.4977999926 0.9714999795
vt 0.4977999926 0.9704999924
vt 0.4995999932 0.9704999924
vt 0.1397999972 0.9549999833
vt 0.1377999932 0.9549999833
vt 0.1377999932 0.9539999962
vt 0.1397999972 0.9539999962
vt 0.6089000106 0.9714999795
vt 0.6071000099 0.9714999795
vt 0.6071000099 0.9704999924
vt 0.6089000106 0.9704999924
vt 0.2008000016 0.9549999833
vt 0.1987999976 0.9549999833
vt 0.1987999976 0.9539999962
vt 0.2008000016 0.9539999962
vt 0.6071000099 0.978399992
vt 0.6089000106 0.978399992
vt 0.6089000106 0.9794999957
vt 0.6071000099 0.9794999957
vt 0.1397999972 0.9495000243
vt 0.1377999932 0.9495000243
vt 0.1377999932 0.9484000206
vt 0.1397999972 0.9484000206
vt 0.4977999926 0.978399992
vt 0.4995999932 0.978399992
vt 0.4995999932 0.9794999957
vt 0.4977999926 0.9794999957
vt 0.5647000074 0.950699985
vt 0.5647000074 0.9496999979
vt 0.5056999922 0.950699985
vt 0.5056999922 0.9496999979
vt 0.5647000074 0.9534999728
vt 0.5647000074 0.9524999857
vt 0.5056999922 0.9534999728
vt 0.5056999922 0.9524999857
vt 0.4977999926 0.9862999916
vt 0.4977999926 0.9873999953
vt 0.6053000093 0.9862999916
vt 0.6053000093 0.9873999953
vt 0.2373999953 0.986100018
vt 0.2373999953 0.9850999713
vt 0.1298999935 0.986100018
vt 0.1298999935 0.9850999713
vt 0.4887000024 0.961499989
vt 0.4887000024 0.9635999799
vt 0.3820999861 0.9635999799
vt 0.3820999861 0.961499989
vt 0.3820999861 0.9025999904
vt 0.3820999861 0.9004999995
vt 0.4887000024 0.9004999995
vt 0.4887000024 0.9025999904
vt 0.3817000091 0.9613000154
vt 0.3799000084 0.9613000154
vt 0.3799000084 0.9028000236
vt 0.3817000091 0.9028000236
vt 0.489199996 0.9028000236
vt 0.4909999967 0.9028000236
vt 0.4909999967 0.9613000154
vt 0.489199996 0.9613000154
vt 0.3817000091 0.961499989
vt 0.3817000091 0.9635999799
vt 0.3799000084 0.9635999799
vt 0.3799000084 0.961499989
vt 0.489199996 0.9635999799
vt 0.489199996 0.961499989
vt 0.4909999967 0.961499989
vt 0.4909999967 0.9635999799
vt 0.489199996 0.9025999904
vt 0.489199996 0.9004999995
vt 0.4909999967 0.9004999995
vt 0.4909999967 0.9025999904
vt 0.3817000091 0.9004999995
vt 0.3817000091 0.9025999904
vt 0.3799000084 0.9025999904
vt 0.3799000084 0.9004999995
vt 0.2563000023 0.9092000127
vt 0.3628999889 0.9092000127
vt 0.3628999889 0.9113000035
vt 0.2563000023 0.9113000035
vt 0.3628999889 0.972299993
vt 0.2563000023 0.972299993
vt 0.2563000023 0.9703000188
vt 0.3628999889 0.9703000188
vt 0.2540000081 0.9700000286
vt 0.2540000081 0.9115999937
vt 0.2558000088 0.9115999937
vt 0.2558000088 0.9700000286
vt 0.3650999963 0.9115999937
vt 0.3650999963 0.9700000286
vt 0.3632999957 0.9700000286
vt 0.3632999957 0.9115999937
vt 0.2540000081 0.9092000127
vt 0.2558000088 0.9092000127
vt 0.2558000088 0.9113000035
vt 0.2540000081 0.9113000035
vt 0.3650999963 0.9113000035
vt 0.3632999957 0.9113000035
vt 0.3632999957 0.9092000127
vt 0.3650999963 0.9092000127
vt 0.3650999963 0.972299993
vt 0.3632999957 0.972299993
vt 0.3632999957 0.9703000188
vt 0.3650999963 0.9703000188
vt 0.2540000081 0.9703000188
vt 0.2558000088 0.9703000188
vt 0.2558000088 0.972299993
vt 0.2540000081 0.972299993
vt 0.1303000003 0.9771000147
vt 0.2369000018 0.9771000147
vt 0.2369000018 0.9782000184
vt 0.1303000003 0.9782000184
vt 0.2387000024 0.9703000188
vt 0.132100001 0.9703000188
vt 0.132100001 0.9692000151
vt 0.2387000024 0.9692000151
vt 0.3707999885 0.9898999929
vt 0.2640999854 0.9898999929
vt 0.2640999854 0.9887999892
vt 0.3707999885 0.9887999892
vt 0.265899986 0.9808999896
vt 0.3725999892 0.9808999896
vt 0.3725999892 0.9818999767
vt 0.265899986 0.9818999767
vt 0.5644000173 0.9563000202
vt 0.5059999824 0.9563000202
vt 0.5059999824 0.9552000165
vt 0.5644000173 0.9552000165
vt 0.1985000074 0.9577999711
vt 0.1401000023 0.9577999711
vt 0.1401000023 0.956700027
vt 0.1985000074 0.956700027
vt 0.5644000173 0.959100008
vt 0.5059999824 0.959100008
vt 0.5059999824 0.9580000043
vt 0.5644000173 0.9580000043
vt 0.1985000074 0.9521999955
vt 0.1401000023 0.9521999955
vt 0.1401000023 0.9512000084
vt 0.1985000074 0.9512000084
vt 0.2008000016 0.9577999711
vt 0.1987999976 0.9577999711
vt 0.1987999976 0.956700027
vt 0.2008000016 0.956700027
vt 0.1316999942 0.9703000188
vt 0.1298999935 0.9703000188
vt 0.1298999935 0.9692000151
vt 0.1316999942 0.9692000151
vt 0.1397999972 0.9521999955
vt 0.1377999932 0.9521999955
vt 0.1377999932 0.9512000084
vt 0.1397999972 0.9512000084
vt 0.2409999967 0.9703000188
vt 0.239199996 0.9703000188
vt 0.239199996 0.9692000151
vt 0.2409999967 0.9692000151
vt 0.2008000016 0.9521999955
vt 0.1987999976 0.9521999955
vt 0.1987999976 0.9512000084
vt 0.2008000016 0.9512000084
vt 0.3729999959 0.9808999896
vt 0.3747999966 0.9808999896
vt 0.3747999966 0.9818999767
vt 0.3729999959 0.9818999767
vt 0.1397999972 0.9577999711
vt 0.1377999932 0.9577999711
vt 0.1377999932 0.956700027
vt 0.1397999972 0.956700027
vt 0.2637000084 0.9808999896
vt 0.2655000091 0.9808999896
vt 0.2655000091 0.9818999767
vt 0.2637000084 0.9818999767
vt 0.5647000074 0.9563000202
vt 0.5647000074 0.9552000165
vt 0.5056999922 0.9563000202
vt 0.5056999922 0.9552000165
vt 0.5647000074 0.959100008
vt 0.5647000074 0.9580000043
vt 0.5056999922 0.959100008
vt 0.5056999922 0.9580000043
vt 0.1298999935 0.9771000147
vt 0.1298999935 0.9782000184
vt 0.2373999953 0.9771000147
vt 0.2373999953 0.9782000184
vt 0.3711999953 0.9898999929
vt 0.3711999953 0.9887999892
vt 0.2637000084 0.9898999929
vt 0.2637000084 0.9887999892
vt 0.2469999939 0.8141999841
vt 0.2301999927 0.8177000284
vt 0.2422000021 0.8126000166
vt 0.1412999928 0.8612999916
vt 0.1268000007 0.8650000095
vt 0.136500001 0.8597999811
vt 0.2608999908 0.8177000284
vt 0.2617999911 0.8177000284
vt 0.260800004 0.8187000155
vt 0.2301999927 0.8187000155
vt 0.2292000055 0.8176000118
vt 0.2292000055 0.7929000258
vt 0.2301999927 0.7919999957
vt 0.2301999927 0.7929000258
vt 0.04030000046 0.8190000057
vt 0.04129999876 0.8190000057
vt 0.04129999876 0.8198999763
vt 0.0719999969 0.8198999763
vt 0.0719999969 0.8190000057
vt 0.07289999723 0.8190000057
vt 0.260800004 0.7929000258
vt 0.260800004 0.7919999957
vt 0.2617999911 0.7929000258
vt 0.04030000046 0.7942000031
vt 0.04129999876 0.793299973
vt 0.04129999876 0.7942000031
vt 0.07289999723 0.7942000031
vt 0.0719999969 0.7942000031
vt 0.0719999969 0.793299973
vt 0.2404000014 0.8090999722
vt 0.2536000013 0.8011000156
vt 0.2517000139 0.7975999713
vt 0.2469999939 0.7960000038
vt 0.2422000021 0.7975999713
vt 0.2404000014 0.8011000156
vt 0.2517000139 0.8126000166
vt 0.1347000003 0.8561999798
vt 0.1546999961 0.8648999929
vt 0.1268000007 0.840200007
vt 0.1545999944 0.840200007
vt 0.1412999928 0.8432000279
vt 0.136500001 0.8446999788
vt 0.1347000003 0.8482999802
vt 0.1477999985 0.8482999802
vt 0.1459999979 0.8446999788
vt 0.1459999979 0.8597999811
vt 0.4187000096 0.8105000257
vt 0.429399997 0.8141999841
vt 0.4140000045 0.8119999766
vt 0.1768999994 0.8575999737
vt 0.1853999943 0.8614000082
vt 0.1721999943 0.8592000008
vt 0.420599997 0.8069000244
vt 0.4092000127 0.7954000235
vt 0.407400012 0.7990000248
vt 0.4013999999 0.7919999957
vt 0.4140000045 0.793900013
vt 0.429399997 0.7919999957
vt 0.4187000096 0.7954000235
vt 0.420599997 0.7990000248
vt 0.4013999999 0.8141999841
vt 0.4092000127 0.8105000257
vt 0.1788000017 0.8540999889
vt 0.1601999998 0.8615000248
vt 0.1721999943 0.8410000205
vt 0.1603000015 0.8392999768
vt 0.1853999943 0.8392999768
vt 0.1768999994 0.842599988
vt 0.1788000017 0.8460999727
vt 0.1675000042 0.842599988
vt 0.1656000018 0.8460999727
vt 0.1675000042 0.8575999737
vt 0.2536000013 0.8090999722
vt 0.1477999985 0.8561999798
vt 0.407400012 0.8069000244
vt 0.1656000018 0.8540999889
vt 0.04030000046 0.8266999722
vt 0.07100000232 0.8266999722
vt 0.07100000232 0.8546000123
vt 0.04030000046 0.8546000123
vt 0.191200003 0.8585000038
vt 0.2189999968 0.8585000038
vt 0.2189999968 0.8833000064
vt 0.191200003 0.8833000064
vt 0.7274000049 0.1622000039
vt 0.7580999732 0.1622000039
vt 0.7580999732 0.1900999993
vt 0.7274000049 0.1900999993
vt 0.1545999944 0.8659999967
vt 0.1268000007 0.8659999967
vt 0.2189999968 0.8841999769
vt 0.191200003 0.8841999769
vt 0.1545999944 0.8392999768
vt 0.1268000007 0.8392999768
vt 0.2189999968 0.8575000167
vt 0.191200003 0.8575000167
vt 0.2953999937 0.7919999957
vt 0.2955000103 0.8169999719
vt 0.2673999965 0.8170999885
vt 0.2673000097 0.7919999957
vt 0.5020999908 0.8141000271
vt 0.502399981 0.7919999957
vt 0.5302000046 0.7919999957
vt 0.5303000212 0.8141000271
vt 0.5020999908 0.8694000244
vt 0.5022000074 0.8474000096
vt 0.52700001 0.847299993
vt 0.5271000266 0.8694999814
vt 0.2673999965 0.8478000164
vt 0.2673000097 0.8226000071
vt 0.2953000069 0.8227999806
vt 0.2951999903 0.8475999832
vt 0.5103999972 0.1915999949
vt 0.5088000298 0.1915999949
vt 0.5088000298 0.1887000054
vt 0.5103999972 0.1887000054
vt 0.8166000247 0.8313999772
vt 0.8151000142 0.8313999772
vt 0.8151000142 0.8284999728
vt 0.8166000247 0.8284999728
vt 0.513899982 0.1915999949
vt 0.513899982 0.1887000054
vt 0.8704000115 0.2876000106
vt 0.8740000129 0.2876000106
vt 0.8740000129 0.2904999852
vt 0.8704000115 0.2904999852
vt 0.52700001 0.1915999949
vt 0.5253999829 0.1915999949
vt 0.5253999829 0.1887000054
vt 0.52700001 0.1887000054
vt 0.8755000234 0.2876000106
vt 0.8755000234 0.2904999852
vt 0.8625000119 0.2876000106
vt 0.8625000119 0.2904999852
vt 0.5218999982 0.1915999949
vt 0.5218999982 0.1887000054
vt 0.8589000106 0.2876000106
vt 0.8589000106 0.2904999852
vt 0.8574000001 0.2876000106
vt 0.8574000001 0.2904999852
vt 0.820200026 0.8313999772
vt 0.820200026 0.8284999728
vt 0.8281999826 0.8313999772
vt 0.8281999826 0.8284999728
vt 0.8332999945 0.8313999772
vt 0.831700027 0.8313999772
vt 0.831700027 0.8284999728
vt 0.8332999945 0.8284999728
vt 0.719900012 0.7985000014
vt 0.7278000116 0.7985000014
vt 0.7278000116 0.8014000058
vt 0.719900012 0.8014000058
vt 0.731400013 0.7985000014
vt 0.731400013 0.8014000058
vt 0.7329000235 0.7985000014
vt 0.7329000235 0.8014000058
vt 0.7163000107 0.7985000014
vt 0.7163000107 0.8014000058
vt 0.7148000002 0.7985000014
vt 0.7148000002 0.8014000058
vt 0.5975999832 0.8621000051
vt 0.600300014 0.8629999757
vt 0.6072000265 0.8600999713
vt 0.621999979 0.82099998
vt 0.6248000264 0.8219000101
vt 0.630400002 0.8187999725
vt 0.7967000008 0.288199991
vt 0.7961999774 0.2876000106
vt 0.7961999774 0.288199991
vt 0.6143000126 0.8183000088
vt 0.6137999892 0.8187999725
vt 0.6143000126 0.8188999891
vt 0.6143000126 0.8331000209
vt 0.6137999892 0.8331000209
vt 0.6143000126 0.8337000012
vt 0.8755999804 0.5041000247
vt 0.8751000166 0.5036000013
vt 0.8751000166 0.5041000247
vt 0.8574000001 0.5036000013
vt 0.8568999767 0.5041000247
vt 0.8574000001 0.5041000247
vt 0.7967000008 0.3025000095
vt 0.7961999774 0.3025000095
vt 0.7961999774 0.3030000031
vt 0.8755999804 0.5184000134
vt 0.8751000166 0.5184000134
vt 0.8751000166 0.5189999938
vt 0.8568999767 0.5184000134
vt 0.8574000001 0.5189999938
vt 0.8574000001 0.5184000134
vt 0.6014000177 0.8651000261
vt 0.5896000266 0.8744000196
vt 0.5947999954 0.8716999888
vt 0.5938000083 0.8697000146
vt 0.6072000265 0.8744000196
vt 0.600300014 0.8716999888
vt 0.5975999832 0.872600019
vt 0.6014000177 0.8697000146
vt 0.58950001 0.8600999713
vt 0.5947999954 0.8629999757
vt 0.6258000135 0.8238999844
vt 0.630400002 0.8331000209
vt 0.621999979 0.8313999772
vt 0.6248000264 0.8305000067
vt 0.6258000135 0.8284999728
vt 0.6193000078 0.8305000067
vt 0.6182000041 0.8284999728
vt 0.6193000078 0.8219000101
vt 0.736100018 0.8105000257
vt 0.7389000058 0.8095999956
vt 0.7300000191 0.8083000183
vt 0.7131999731 0.8306000233
vt 0.7160000205 0.8296999931
vt 0.7084000111 0.8284000158
vt 0.7350999713 0.8125
vt 0.741599977 0.8191999793
vt 0.7461000085 0.8210999966
vt 0.7426999807 0.8170999885
vt 0.7389000058 0.8201000094
vt 0.736100018 0.8191999793
vt 0.7300000191 0.8210999966
vt 0.7350999713 0.8170999885
vt 0.7462000251 0.8083000183
vt 0.741599977 0.8105000257
vt 0.712199986 0.8325999975
vt 0.7228999734 0.8282999992
vt 0.7160000205 0.8400999904
vt 0.7082999945 0.8410999775
vt 0.7228000164 0.8410999775
vt 0.7131999731 0.8392000198
vt 0.712199986 0.837199986
vt 0.7186999917 0.8392000198
vt 0.7197999954 0.837199986
vt 0.7186999917 0.8306000233
vt 0.1648000032 0.8076000214
vt 0.1648000032 0.8237000108
vt 0.1825000048 0.8237000108
vt 0.1825000048 0.8076000214
vt 0.780099988 0.288199991
vt 0.780099988 0.3025000095
vt 0.5357999802 0.8450999856
vt 0.5357999802 0.861199975
vt 0.5534999967 0.861199975
vt 0.5534999967 0.8450999856
vt 0.1825000048 0.807099998
vt 0.1648000032 0.807099998
vt 0.5534999967 0.8446000218
vt 0.5357999802 0.8446000218
vt 0.630400002 0.8183000088
vt 0.780099988 0.2876000106
vt 0.630400002 0.8337000012
vt 0.780099988 0.3030000031
vt 0.5938000083 0.8651000261
vt 0.6182000041 0.8238999844
vt 0.5662999749 0.8769000173
vt 0.5825999975 0.8769000173
vt 0.5824999809 0.8623999953
vt 0.5662999749 0.8623999953
vt 0.6991000175 0.8658000231
vt 0.6829000115 0.8658000231
vt 0.6829000115 0.8786000013
vt 0.6988999844 0.8786000013
vt 0.7226999998 0.8467000127
vt 0.7082999945 0.8467000127
vt 0.7084000111 0.8594999909
vt 0.7226999998 0.8594999909
vt 0.7084000111 0.8227999806
vt 0.7243999839 0.8227000237
vt 0.7245000005 0.8083999753
vt 0.7082999945 0.8083000183
vt 0.7426999807 0.8125
vt 0.7197999954 0.8325999975
vt 0.8532999754 0.3059000075
vt 0.8532999754 0.3075000048
vt 0.8542000055 0.3075000048
vt 0.8542000055 0.3059000075
vt 0.871999979 0.8201000094
vt 0.871999979 0.8217999935
vt 0.8729000092 0.8217999935
vt 0.8729000092 0.8201000094
vt 0.8511999846 0.3059000075
vt 0.8511999846 0.3075000048
vt 0.8687000275 0.8385999799
vt 0.8687000275 0.8368999958
vt 0.866599977 0.8368999958
vt 0.866599977 0.8385999799
vt 0.8436999917 0.3059000075
vt 0.8436999917 0.3075000048
vt 0.8446000218 0.3075000048
vt 0.8446000218 0.3059000075
vt 0.8657000065 0.8368999958
vt 0.8657000065 0.8385999799
vt 0.8733000159 0.8385999799
vt 0.8733000159 0.8368999958
vt 0.8465999961 0.3075000048
vt 0.8465999961 0.3059000075
vt 0.8752999902 0.8385999799
vt 0.8752999902 0.8368999958
vt 0.8762000203 0.8385999799
vt 0.8762000203 0.8368999958
vt 0.8700000048 0.8201000094
vt 0.8700000048 0.8217999935
vt 0.8654000163 0.8201000094
vt 0.8654000163 0.8217999935
vt 0.8625000119 0.8201000094
vt 0.8625000119 0.8217999935
vt 0.8633999825 0.8217999935
vt 0.8633999825 0.8201000094
vt 0.8751000166 0.7069000006
vt 0.8751000166 0.7052000165
vt 0.8705000281 0.7052000165
vt 0.8705000281 0.7069000006
vt 0.8684999943 0.7052000165
vt 0.8684999943 0.7069000006
vt 0.8676000237 0.7052000165
vt 0.8676000237 0.7069000006
vt 0.8770999908 0.7069000006
vt 0.8770999908 0.7052000165
vt 0.878000021 0.7069000006
vt 0.878000021 0.7052000165
vt 0.6693000197 0.8104000092
vt 0.6596000195 0.8083000183
vt 0.6665999889 0.8112000227
vt 0.5746999979 0.8440999985
vt 0.5662999749 0.8420000076
vt 0.5720000267 0.8450000286
vt 0.58950001 0.8398000002
vt 0.5900999904 0.8396999836
vt 0.5900999904 0.8392000198
vt 0.5824000239 0.8414999843
vt 0.5824000239 0.8421000242
vt 0.5828999877 0.8420000076
vt 0.5824000239 0.8562999964
vt 0.5824000239 0.8568000197
vt 0.5828999877 0.8562999964
vt 0.58950001 0.7990000248
vt 0.5900999904 0.7990000248
vt 0.5900999904 0.7985000014
vt 0.6076999903 0.7985000014
vt 0.6076999903 0.7990000248
vt 0.6082999706 0.7990000248
vt 0.58950001 0.8539999723
vt 0.5900999904 0.8546000123
vt 0.5900999904 0.8539999723
vt 0.58950001 0.8133000135
vt 0.5900999904 0.8137999773
vt 0.5900999904 0.8133000135
vt 0.6082999706 0.8133000135
vt 0.6076999903 0.8133000135
vt 0.6076999903 0.8137999773
vt 0.6654999852 0.8133000135
vt 0.6772999763 0.8226000071
vt 0.6730999947 0.817900002
vt 0.6721000075 0.8198999763
vt 0.6596000195 0.8226000071
vt 0.6693000197 0.8208000064
vt 0.6665999889 0.8198999763
vt 0.6654999852 0.817900002
vt 0.6721000075 0.8112000227
vt 0.6773999929 0.8083000183
vt 0.570900023 0.8471000195
vt 0.5662999749 0.8562999964
vt 0.5746999979 0.8546000123
vt 0.5720000267 0.8536999822
vt 0.570900023 0.8517000079
vt 0.5784999728 0.8517000079
vt 0.5774000287 0.8536999822
vt 0.5774000287 0.8450000286
vt 0.8755000234 0.1817999929
vt 0.8816999793 0.1796000004
vt 0.8727999926 0.1808999926
vt 0.5893999934 0.2971000075
vt 0.5942000151 0.2949999869
vt 0.5867000222 0.2962000072
vt 0.8766000271 0.183799997
vt 0.8700000048 0.1905000061
vt 0.8690000176 0.1884000003
vt 0.8654999733 0.1923999935
vt 0.8727999926 0.1914000064
vt 0.8816000223 0.1923999935
vt 0.8755000234 0.1905000061
vt 0.8766000271 0.1884000003
vt 0.8654999733 0.1796000004
vt 0.8700000048 0.1817999929
vt 0.5904999971 0.2991999984
vt 0.5798000097 0.2949000001
vt 0.5867000222 0.3066999912
vt 0.5798000097 0.3077000082
vt 0.5942999721 0.3077000082
vt 0.5893999934 0.3057999909
vt 0.5904999971 0.3037999868
vt 0.5838999748 0.3057999909
vt 0.5828999877 0.3037999868
vt 0.5838999748 0.2971000075
vt 0.6730999947 0.8133000135
vt 0.5784999728 0.8471000195
vt 0.8690000176 0.183799997
vt 0.5828999877 0.2991999984
vt 0.1779000014 0.8676000237
vt 0.1603000015 0.8676000237
vt 0.1603000015 0.8835999966
vt 0.1779000014 0.8835999966
vt 0.6061000228 0.8539999723
vt 0.6061000228 0.8396999836
vt 0.7508999705 0.288199991
vt 0.7332000136 0.288199991
vt 0.7332000136 0.3041999936
vt 0.7508999705 0.3041999936
vt 0.1779000014 0.8671000004
vt 0.1601999998 0.8671000004
vt 0.7508999705 0.2876000106
vt 0.7332000136 0.2876000106
vt 0.5662999749 0.8414999843
vt 0.6061000228 0.8392000198
vt 0.5662999749 0.8568000197
vt 0.6061000228 0.8546000123
vt 0.6299999952 0.8734999895
vt 0.6299999952 0.8590999842
vt 0.6139000058 0.8590000272
vt 0.6137999892 0.8734999895
vt 0.7516999841 0.8083000183
vt 0.7518000007 0.82099998
vt 0.7677999735 0.82099998
vt 0.7678999901 0.8083000183
vt 0.7951999903 0.8083999753
vt 0.7951999903 0.8210999966
vt 0.809499979 0.8210999966
vt 0.8095999956 0.8083000183
vt 0.6988999844 0.8404999971
vt 0.699000001 0.8259999752
vt 0.6829000115 0.8260999918
vt 0.6829000115 0.8403999805
vt 0.8414000273 0.8478999734
vt 0.8422999978 0.8478999734
vt 0.8422999978 0.8463000059
vt 0.8414000273 0.8463000059
vt 0.8822000027 0.1092000008
vt 0.8830999732 0.1092000008
vt 0.8830999732 0.1076000035
vt 0.8822000027 0.1076000035
vt 0.8393999934 0.8478999734
vt 0.8393999934 0.8463000059
vt 0.8417000175 0.8284999728
vt 0.8396999836 0.8284999728
vt 0.8396999836 0.8302000165
vt 0.8417000175 0.8302000165
vt 0.831799984 0.8478999734
vt 0.8327000141 0.8478999734
vt 0.8327000141 0.8463000059
vt 0.831799984 0.8463000059
vt 0.8388000131 0.8284999728
vt 0.8388000131 0.8302000165
vt 0.8463000059 0.8284999728
vt 0.8463000059 0.8302000165
vt 0.834800005 0.8478999734
vt 0.834800005 0.8463000059
vt 0.8483999968 0.8284999728
vt 0.8483999968 0.8302000165
vt 0.8492000103 0.8284999728
vt 0.8492000103 0.8302000165
vt 0.8801000118 0.1092000008
vt 0.8801000118 0.1076000035
vt 0.8755000234 0.1092000008
vt 0.8755000234 0.1076000035
vt 0.8842999935 0.4654999971
vt 0.8816000223 0.4654999971
vt 0.8816000223 0.467200011
vt 0.8842999935 0.467200011
vt 0.8805000186 0.4654999971
vt 0.8805000186 0.467200011
vt 0.8274999857 0.3059000075
vt 0.8230000138 0.3059000075
vt 0.8230000138 0.3075000048
vt 0.8274999857 0.3075000048
vt 0.820900023 0.3059000075
vt 0.820900023 0.3075000048
vt 0.8199999928 0.3059000075
vt 0.8199999928 0.3075000048
vt 0.8295999765 0.3059000075
vt 0.8295999765 0.3075000048
vt 0.8305000067 0.3059000075
vt 0.8305000067 0.3075000048
vt 0.856400013 0.3734999895
vt 0.861199975 0.3720000088
vt 0.8731999993 0.3770999908
vt 0.3143999875 0.8436999917
vt 0.3192000091 0.8421999812
vt 0.3289000094 0.8474000096
vt 0.8424999714 0.3770000041
vt 0.842599988 0.3779999912
vt 0.8416000009 0.3770999908
vt 0.8731999993 0.3779999912
vt 0.8741999865 0.3770000041
vt 0.8741999865 0.3522999883
vt 0.8731999993 0.3522999883
vt 0.8731999993 0.3513000011
vt 0.1212000027 0.8661999702
vt 0.1203000024 0.8671000004
vt 0.1203000024 0.8661999702
vt 0.08959999681 0.8671000004
vt 0.08869999647 0.8661999702
vt 0.08959999681 0.8661999702
vt 0.842599988 0.3522999883
vt 0.8416000009 0.3522999883
vt 0.842599988 0.3513000011
vt 0.1212000027 0.8414000273
vt 0.1203000024 0.8414000273
vt 0.1203000024 0.8403999805
vt 0.08869999647 0.8414000273
vt 0.08959999681 0.8403999805
vt 0.08959999681 0.8414000273
vt 0.8629999757 0.3684000075
vt 0.8517000079 0.3569000065
vt 0.8497999907 0.3605000079
vt 0.861199975 0.3569000065
vt 0.856400013 0.355399996
vt 0.8629999757 0.3605000079
vt 0.8517000079 0.3720000088
vt 0.3210000098 0.8385999799
vt 0.300999999 0.847299993
vt 0.3289000094 0.8226000071
vt 0.3143999875 0.825600028
vt 0.3010999858 0.8226000071
vt 0.3192000091 0.8270999789
vt 0.3210000098 0.8306999803
vt 0.3097000122 0.8270999789
vt 0.3077999949 0.8306999803
vt 0.3097000122 0.8421999812
vt 0.4120000005 0.8382999897
vt 0.4167999923 0.8398000002
vt 0.4013999999 0.8420000076
vt 0.3765000105 0.8406999707
vt 0.3811999857 0.8421999812
vt 0.3680999875 0.8445000052
vt 0.4101999998 0.8346999884
vt 0.4214999974 0.8231999874
vt 0.429399997 0.8198000193
vt 0.4234000146 0.8267999887
vt 0.4167999923 0.8216000199
vt 0.4120000005 0.8231999874
vt 0.4013999999 0.8198000193
vt 0.4101999998 0.8267999887
vt 0.429399997 0.8420000076
vt 0.4214999974 0.8382999897
vt 0.3747000098 0.837100029
vt 0.3932000101 0.8446000218
vt 0.3811999857 0.824000001
vt 0.3680000007 0.8223999739
vt 0.3930999935 0.8223000169
vt 0.3765000105 0.825600028
vt 0.3747000098 0.8291000128
vt 0.3860000074 0.825600028
vt 0.3878000081 0.8291000128
vt 0.3860000074 0.8406999707
vt 0.8352000117 0.3513999879
vt 0.8352000117 0.3792999983
vt 0.8044999838 0.3792999983
vt 0.8044999838 0.3513999879
vt 0.3623000085 0.8529999852
vt 0.3623000085 0.8777999878
vt 0.3345000148 0.8777999878
vt 0.3345000148 0.8529999852
vt 0.7954999804 0.1489000022
vt 0.7954999804 0.1767999977
vt 0.7649000287 0.1767999977
vt 0.7649000287 0.1489000022
vt 0.8360999823 0.3513000011
vt 0.8360999823 0.3792999983
vt 0.8036000133 0.3792999983
vt 0.8036000133 0.3513999879
vt 0.763899982 0.1767999977
vt 0.763899982 0.1489000022
vt 0.7965000272 0.1489000022
vt 0.7965000272 0.1767999977
vt 0.8497999907 0.3684000075
vt 0.3077999949 0.8385999799
vt 0.2574000061 0.8799999952
vt 0.2292000055 0.8799999952
vt 0.2293000072 0.8549000025
vt 0.2574000061 0.8550000191
vt 0.4966000021 0.8693000078
vt 0.4684999883 0.8693000078
vt 0.4686000049 0.8471999764
vt 0.4963000119 0.8471999764
vt 0.5608000159 0.8141000271
vt 0.5357999802 0.8141999841
vt 0.5358999968 0.7919999957
vt 0.5606999993 0.7919999957
vt 0.2951999903 0.8784000278
vt 0.2673999965 0.8781999946
vt 0.2673000097 0.853399992
vt 0.2953000069 0.8532999754
vt 0.4234000146 0.8346999884
vt 0.3878000081 0.837100029
vt 0.8453000188 0.2975000143
vt 0.8453000188 0.3003999889
vt 0.8436999917 0.3003999889
vt 0.8436999917 0.2975000143
vt 0.2048999965 0.2915000021
vt 0.2062000036 0.2915000021
vt 0.2062000036 0.2922999859
vt 0.2048999965 0.2922999859
vt 0.8488000035 0.2975000143
vt 0.8488000035 0.3003999889
vt 0.8572000265 0.4070000052
vt 0.8572000265 0.4041000009
vt 0.8607000113 0.4041000009
vt 0.8607000113 0.4070000052
vt 0.861899972 0.2975000143
vt 0.861899972 0.3003999889
vt 0.8603000045 0.3003999889
vt 0.8603000045 0.2975000143
vt 0.8622999787 0.4041000009
vt 0.8622999787 0.4070000052
vt 0.8492000103 0.4070000052
vt 0.8492000103 0.4041000009
vt 0.8568000197 0.3003999889
vt 0.8568000197 0.2975000143
vt 0.845600009 0.4070000052
vt 0.845600009 0.4041000009
vt 0.8440999985 0.4070000052
vt 0.8440999985 0.4041000009
vt 0.2048999965 0.2897999883
vt 0.2062000036 0.2897999883
vt 0.2048999965 0.2860000134
vt 0.2062000036 0.2860000134
vt 0.2048999965 0.2834999859
vt 0.2062000036 0.2834999859
vt 0.2062000036 0.2842999995
vt 0.2048999965 0.2842999995
vt 0.8379999995 0.8112000227
vt 0.8379999995 0.8083000183
vt 0.8458999991 0.8083000183
vt 0.8458999991 0.8112000227
vt 0.8495000005 0.8083000183
vt 0.8495000005 0.8112000227
vt 0.851000011 0.8083000183
vt 0.851000011 0.8112000227
vt 0.8343999982 0.8112000227
vt 0.8343999982 0.8083000183
vt 0.8328999877 0.8112000227
vt 0.8328999877 0.8083000183
vt 0.8197000027 0.1711000055
vt 0.8029000163 0.1747000068
vt 0.8149999976 0.169599995
vt 0.3490000069 0.8436999917
vt 0.3345000148 0.8474000096
vt 0.3441999853 0.8421999812
vt 0.8337000012 0.1746000051
vt 0.8345000148 0.1747000068
vt 0.8335999846 0.1756000072
vt 0.8029000163 0.1756000072
vt 0.8019999862 0.1746000051
vt 0.8019999862 0.1499000043
vt 0.8029000163 0.1489000022
vt 0.8029000163 0.1499000043
vt 0.1268000007 0.8327999711
vt 0.127700001 0.8327999711
vt 0.127700001 0.8338000178
vt 0.1583999991 0.8338000178
vt 0.1583999991 0.8327999711
vt 0.1592999995 0.8327999711
vt 0.8335999846 0.1499000043
vt 0.8335999846 0.1489000022
vt 0.8345000148 0.1499000043
vt 0.1268000007 0.8080000281
vt 0.127700001 0.807099998
vt 0.127700001 0.8080000281
vt 0.1592999995 0.8080000281
vt 0.1583999991 0.8080000281
vt 0.1583999991 0.807099998
vt 0.8130999804 0.1659999937
vt 0.826300025 0.1580999941
vt 0.8245000243 0.1544999927
vt 0.8197000027 0.1529999971
vt 0.8149999976 0.1544999927
vt 0.8130999804 0.1580999941
vt 0.8245000243 0.169599995
vt 0.3424000144 0.8385999799
vt 0.3623999953 0.847299993
vt 0.3345000148 0.8226000071
vt 0.3623000085 0.8226000071
vt 0.3490000069 0.825600028
vt 0.3441999853 0.8270999789
vt 0.3424000144 0.8306999803
vt 0.3555999994 0.8306999803
vt 0.353700012 0.8270999789
vt 0.353700012 0.8421999812
vt 0.4187000096 0.8659999967
vt 0.429399997 0.8697999716
vt 0.4140000045 0.8676000237
vt 0.5188000202 0.8378000259
vt 0.5273000002 0.8416000009
vt 0.5141000152 0.8392999768
vt 0.420599997 0.8625000119
vt 0.4092000127 0.851000011
vt 0.407400012 0.8544999957
vt 0.4013999999 0.8475999832
vt 0.4140000045 0.8493999839
vt 0.429399997 0.8475000262
vt 0.4187000096 0.851000011
vt 0.420599997 0.8544999957
vt 0.4013999999 0.8697999716
vt 0.4092000127 0.8659999967
vt 0.5206999779 0.8342000246
vt 0.2924000025 0.8845999837
vt 0.2673000097 0.8845000267
vt 0.2793000042 0.8838999867
vt 0.3129000068 0.8838000298
vt 0.300999999 0.8833000064
vt 0.3260999918 0.883400023
vt 0.5188000202 0.8227999806
vt 0.5141000152 0.8213000298
vt 0.5274000168 0.8195999861
vt 0.5206999779 0.826300025
vt 0.5094000101 0.8227999806
vt 0.5074999928 0.826399982
vt 0.5022000074 0.8197000027
vt 0.5020999908 0.8417999744
vt 0.5094000101 0.8378000259
vt 0.826300025 0.1659999937
vt 0.3555999994 0.8385999799
vt 0.407400012 0.8625000119
vt 0.5074999928 0.8342999816
vt 0.6902999878 0.1623000056
vt 0.7210000157 0.1623000056
vt 0.7210000157 0.190200001
vt 0.6902999878 0.190200001
vt 0.3680000007 0.7919999957
vt 0.3957999945 0.7919999957
vt 0.3957999945 0.8167999983
vt 0.3680000007 0.8167999983
vt 0.1921000034 0.7919999957
vt 0.2228000015 0.7919999957
vt 0.2228000015 0.8198000193
vt 0.1921000034 0.8198000193
vt 0.6894000173 0.1622000039
vt 0.6894000173 0.190200001
vt 0.7218999863 0.190200001
vt 0.7218999863 0.1623000056
vt 0.2237000018 0.7919999957
vt 0.2237000018 0.8198000193
vt 0.191200003 0.8198000193
vt 0.191200003 0.7919999957
vt 0.8400999904 0.1740999967
vt 0.8399999738 0.1491000056
vt 0.8680999875 0.1489000022
vt 0.8682000041 0.1740999967
vt 0.4684999883 0.8417000175
vt 0.4688000083 0.8195999861
vt 0.4964999855 0.8195999861
vt 0.4966000021 0.8417000175
vt 0.4348999858 0.869599998
vt 0.4350000024 0.8475000262
vt 0.459800005 0.8475000262
vt 0.4598999918 0.8697000146
vt 0.3010999858 0.8170999885
vt 0.300999999 0.7919999957
vt 0.3289999962 0.7921000123
vt 0.3289000094 0.8169000149
vt 0.8216000199 0.3003999889
vt 0.8199999928 0.3003999889
vt 0.8199999928 0.2975000143
vt 0.8216000199 0.2975000143
vt 0.7400000095 0.8014000058
vt 0.738499999 0.8014000058
vt 0.738499999 0.7985000014
vt 0.7400000095 0.7985000014
vt 0.8251000047 0.3003999889
vt 0.8251000047 0.2975000143
vt 0.8518000245 0.8201000094
vt 0.8554000258 0.8201000094
vt 0.8554000258 0.8230000138
vt 0.8518000245 0.8230000138
vt 0.8381999731 0.3003999889
vt 0.8366000056 0.3003999889
vt 0.8366000056 0.2975000143
vt 0.8381999731 0.2975000143
vt 0.8568999767 0.8201000094
vt 0.8568999767 0.8230000138
vt 0.8439000249 0.8201000094
vt 0.8439000249 0.8230000138
vt 0.8331000209 0.3003999889
vt 0.8331000209 0.2975000143
vt 0.8403000236 0.8201000094
vt 0.8403000236 0.8230000138
vt 0.8388000131 0.8201000094
vt 0.8388000131 0.8230000138
vt 0.7436000109 0.8014000058
vt 0.7436000109 0.7985000014
vt 0.7515000105 0.8014000058
vt 0.7515000105 0.7985000014
vt 0.7566000223 0.8014000058
vt 0.7551000118 0.8014000058
vt 0.7551000118 0.7985000014
vt 0.7566000223 0.7985000014
vt 0.8018000126 0.4041000009
vt 0.8098000288 0.4041000009
vt 0.8098000288 0.4070000052
vt 0.8018000126 0.4070000052
vt 0.8133000135 0.4041000009
vt 0.8133000135 0.4070000052
vt 0.814899981 0.4041000009
vt 0.814899981 0.4070000052
vt 0.7983000278 0.4041000009
vt 0.7983000278 0.4070000052
vt 0.7967000008 0.4041000009
vt 0.7967000008 0.4070000052
vt 0.2060000002 0.8475000262
vt 0.2107000053 0.8460000157
vt 0.2228000015 0.8511000276
vt 0.05380000174 0.8812000155
vt 0.05849999934 0.8795999885
vt 0.06830000132 0.8848999739
vt 0.1920000017 0.851000011
vt 0.1921000034 0.8519999981
vt 0.191200003 0.8511000276
vt 0.2228000015 0.8519999981
vt 0.2237000018 0.851000011
vt 0.2237000018 0.826300025
vt 0.2228000015 0.826300025
vt 0.2228000015 0.8252999783
vt 0.03480000049 0.8525000215
vt 0.03390000015 0.853399992
vt 0.03390000015 0.8525000215
vt 0.003199999919 0.853399992
vt 0.002300000051 0.8525000215
vt 0.003199999919 0.8525000215
vt 0.1921000034 0.826300025
vt 0.191200003 0.826300025
vt 0.1921000034 0.8252999783
vt 0.03480000049 0.8277000189
vt 0.03390000015 0.8277000189
vt 0.03390000015 0.8266999722
vt 0.002300000051 0.8277000189
vt 0.003199999919 0.8266999722
vt 0.003199999919 0.8277000189
vt 0.2125999928 0.8424000144
vt 0.2011999935 0.8309000134
vt 0.1993999928 0.8345000148
vt 0.2107000053 0.8309000134
vt 0.2060000002 0.829400003
vt 0.2125999928 0.8345000148
vt 0.2011999935 0.8460000157
vt 0.0604000017 0.8761000037
vt 0.04030000046 0.8848000169
vt 0.06830000132 0.8600999713
vt 0.05380000174 0.8629999757
vt 0.04050000012 0.8600999713
vt 0.05849999934 0.8646000028
vt 0.0604000017 0.8680999875
vt 0.04899999872 0.8646000028
vt 0.04720000178 0.8680999875
vt 0.04899999872 0.8795999885
vt 0.445600003 0.8105000257
vt 0.4503000081 0.8119999766
vt 0.4348999858 0.8141999841
vt 0.4433999956 0.8378999829
vt 0.4481999874 0.83950001
vt 0.4350000024 0.8417999744
vt 0.4436999857 0.8069000244
vt 0.4550999999 0.7954000235
vt 0.4629000127 0.7919999957
vt 0.4569000006 0.7990000248
vt 0.4503000081 0.793900013
vt 0.445600003 0.7954000235
vt 0.4348999858 0.7919999957
vt 0.4436999857 0.7990000248
vt 0.4629999995 0.8141999841
vt 0.4550999999 0.8105000257
vt 0.4415999949 0.8343999982
vt 0.758400023 0.2450000048
vt 0.7451999784 0.2457000017
vt 0.7332000136 0.2451000065
vt 0.3463999927 0.8833000064
vt 0.3596000075 0.8837000132
vt 0.3345000148 0.8838000298
vt 0.4433999956 0.8230000138
vt 0.4348999858 0.8198000193
vt 0.4481999874 0.8213999867
vt 0.4415999949 0.8264999986
vt 0.4528999925 0.8230000138
vt 0.4600000083 0.8198000193
vt 0.4548000097 0.8264999986
vt 0.4600999951 0.8420000076
vt 0.4528999925 0.8379999995
vt 0.03390000015 0.7933999896
vt 0.03390000015 0.8212000132
vt 0.003199999919 0.8212000132
vt 0.003199999919 0.7933999896
vt 0.3287999928 0.8529999852
vt 0.3287999928 0.8777999878
vt 0.300999999 0.8777999878
vt 0.300999999 0.8529999852
vt 0.08959999681 0.8349000216
vt 0.08959999681 0.807099998
vt 0.1203000024 0.807099998
vt 0.1203000024 0.8349000216
vt 0.03480000049 0.793299973
vt 0.03480000049 0.8212000132
vt 0.002300000051 0.8212000132
vt 0.002300000051 0.7933999896
vt 0.1212000027 0.807099998
vt 0.1212000027 0.8349000216
vt 0.08869999647 0.8349000216
vt 0.08869999647 0.807099998
vt 0.1993999928 0.8424000144
vt 0.04720000178 0.8761000037
vt 0.2574000061 0.8493000269
vt 0.2292000055 0.8493000269
vt 0.2293000072 0.8241999745
vt 0.2574000061 0.8242999911
vt 0.4966000021 0.8141000271
vt 0.4684999883 0.8141000271
vt 0.4686000049 0.7919999957
vt 0.4963000119 0.7919999957
vt 0.3930000067 0.8722000122
vt 0.3680000007 0.8723000288
vt 0.3680999875 0.8500999808
vt 0.3928999901 0.8500999808
vt 0.3623999953 0.8170999885
vt 0.3346000016 0.8169000149
vt 0.3345000148 0.7921000123
vt 0.3625000119 0.7919999957
vt 0.4569000006 0.8069000244
vt 0.4548000097 0.8345000148
vt 0.5339999795 0.1887000054
vt 0.5339999795 0.1915999949
vt 0.5325000286 0.1915999949
vt 0.5325000286 0.1887000054
vt 0.8166000247 0.8201000094
vt 0.8166000247 0.8230000138
vt 0.8151000142 0.8230000138
vt 0.8151000142 0.8201000094
vt 0.5375999808 0.1887000054
vt 0.5375999808 0.1915999949
vt 0.869599998 0.8112000227
vt 0.869599998 0.8083000183
vt 0.8731999993 0.8083000183
vt 0.8731999993 0.8112000227
vt 0.5507000089 0.1887000054
vt 0.5507000089 0.1915999949
vt 0.5490999818 0.1915999949
vt 0.5490999818 0.1887000054
vt 0.8747000098 0.8083000183
vt 0.8747000098 0.8112000227
vt 0.8616999984 0.8112000227
vt 0.8616999984 0.8083000183
vt 0.545599997 0.1915999949
vt 0.545599997 0.1887000054
vt 0.858099997 0.8112000227
vt 0.858099997 0.8083000183
vt 0.8565000296 0.8112000227
vt 0.8565000296 0.8083000183
vt 0.820200026 0.8201000094
vt 0.820200026 0.8230000138
vt 0.8281999826 0.8201000094
vt 0.8281999826 0.8230000138
vt 0.8332999945 0.8201000094
vt 0.8332999945 0.8230000138
vt 0.831700027 0.8230000138
vt 0.831700027 0.8201000094
vt 0.8255000114 0.4070000052
vt 0.8255000114 0.4041000009
vt 0.8335000277 0.4041000009
vt 0.8335000277 0.4070000052
vt 0.8370000124 0.4041000009
vt 0.8370000124 0.4070000052
vt 0.8385999799 0.4041000009
vt 0.8385999799 0.4070000052
vt 0.8220000267 0.4070000052
vt 0.8220000267 0.4041000009
vt 0.8203999996 0.4070000052
vt 0.8203999996 0.4041000009
vt 0.5981000066 0.8213999867
vt 0.6007999778 0.8223000169
vt 0.6076999903 0.8194000125
vt 0.5745999813 0.8231999874
vt 0.5773000121 0.8241000175
vt 0.5828999877 0.8210999966
vt 0.1791999936 0.2703999877
vt 0.1794999987 0.2703999877
vt 0.1794999987 0.2700999975
vt 0.5669000149 0.8205999732
vt 0.5662999749 0.8210999966
vt 0.5667999983 0.8212000132
vt 0.5669000149 0.8353999853
vt 0.5662999749 0.8353999853
vt 0.5669000149 0.8359000087
vt 0.188500002 0.2700999975
vt 0.188500002 0.2703999877
vt 0.1888000071 0.2703999877
vt 0.5828999877 0.8205999732
vt 0.5835000277 0.8210999966
vt 0.8337000012 0.5036000013
vt 0.8331000209 0.5041000247
vt 0.8337000012 0.5041000247
vt 0.8331000209 0.5202000141
vt 0.8337000012 0.5206999779
vt 0.8337000012 0.5202000141
vt 0.5828999877 0.8353999853
vt 0.5828999877 0.8359000087
vt 0.5835000277 0.8353999853
vt 0.6018999815 0.8244000077
vt 0.5900999904 0.8337000012
vt 0.5953000188 0.8309999704
vt 0.5942999721 0.8288999796
vt 0.6076999903 0.8337000012
vt 0.6007999778 0.8309999704
vt 0.5981000066 0.8319000006
vt 0.6018999815 0.8288999796
vt 0.5899999738 0.8194000125
vt 0.5953000188 0.8223000169
vt 0.5784000158 0.8262000084
vt 0.5745999813 0.8337000012
vt 0.5773000121 0.8327999711
vt 0.5784000158 0.8307999969
vt 0.5717999935 0.8327999711
vt 0.5708000064 0.8307999969
vt 0.5717999935 0.8241000175
vt 0.6437000036 0.8615000248
vt 0.6463999748 0.8607000113
vt 0.6374999881 0.8593999743
vt 0.7348999977 0.8288999796
vt 0.7376000285 0.8280000091
vt 0.7300000191 0.8266999722
vt 0.6425999999 0.8636000156
vt 0.6492000222 0.8701999784
vt 0.6536999941 0.8722000122
vt 0.6502000093 0.8682000041
vt 0.6463999748 0.8711000085
vt 0.6437000036 0.8701999784
vt 0.6376000047 0.8722000122
vt 0.6425999999 0.8682000041
vt 0.6536999941 0.8593999743
vt 0.6492000222 0.8615000248
vt 0.733799994 0.8309999704
vt 0.7444999814 0.8266999722
vt 0.7376000285 0.8385000229
vt 0.7300000191 0.83950001
vt 0.7444999814 0.83950001
vt 0.7348999977 0.8375999928
vt 0.733799994 0.8355000019
vt 0.7404000163 0.8375999928
vt 0.7414000034 0.8355000019
vt 0.7404000163 0.8288999796
vt 0.1794999987 0.2802999914
vt 0.188500002 0.2802999914
vt 0.6315000057 0.8127999902
vt 0.6315000057 0.7985000014
vt 0.6137999892 0.7985000014
vt 0.6137999892 0.8127999902
vt 0.6988999844 0.8603000045
vt 0.6988999844 0.8460000157
vt 0.6829000115 0.8460000157
vt 0.6829000115 0.8603000045
vt 0.8513000011 0.5202000141
vt 0.8513000011 0.5041000247
vt 0.1791999936 0.2802999914
vt 0.8513000011 0.5036000013
vt 0.1888000071 0.2802999914
vt 0.58950001 0.8194000125
vt 0.58950001 0.8337000012
vt 0.6320000291 0.8127999902
vt 0.6320000291 0.7985000014
vt 0.8513000011 0.5206999779
vt 0.5942999721 0.8244000077
vt 0.5708000064 0.8262000084
vt 0.6596999764 0.842599988
vt 0.6758999825 0.842599988
vt 0.6758000255 0.8281000257
vt 0.6596000195 0.8281999826
vt 0.7896000147 0.8083000183
vt 0.7734000087 0.8083000183
vt 0.7735000253 0.82099998
vt 0.7894999981 0.82099998
vt 0.787800014 0.8266000152
vt 0.7734000087 0.8266000152
vt 0.7735000253 0.8393999934
vt 0.787800014 0.8393999934
vt 0.6376000047 0.8539000154
vt 0.6535999775 0.8536999822
vt 0.6536999941 0.8393999934
vt 0.6374999881 0.8393999934
vt 0.6502000093 0.8636000156
vt 0.7414000034 0.8309999704
vt 0.7396000028 0.8820999861
vt 0.7396000028 0.8838000298
vt 0.7404999733 0.8838000298
vt 0.7404999733 0.8820999861
vt 0.8766999841 0.6575000286
vt 0.8766999841 0.6592000127
vt 0.8776000142 0.6592000127
vt 0.8776000142 0.6575000286
vt 0.7375000119 0.8820999861
vt 0.7375000119 0.8838000298
vt 0.8259999752 0.1922000051
vt 0.8259999752 0.1905000061
vt 0.824000001 0.1905000061
vt 0.824000001 0.1922000051
vt 0.7300000191 0.8820999861
vt 0.7300000191 0.8838000298
vt 0.7308999896 0.8838000298
vt 0.7308999896 0.8820999861
vt 0.8230999708 0.1905000061
vt 0.8230999708 0.1922000051
vt 0.8306000233 0.1922000051
vt 0.8306000233 0.1905000061
vt 0.7329000235 0.8838000298
vt 0.7329000235 0.8820999861
vt 0.8327000141 0.1922000051
vt 0.8327000141 0.1905000061
vt 0.8335999846 0.1922000051
vt 0.8335999846 0.1905000061
vt 0.8747000098 0.6575000286
vt 0.8747000098 0.6592000127
vt 0.8701000214 0.6575000286
vt 0.8701000214 0.6592000127
vt 0.8671000004 0.6575000286
vt 0.8671000004 0.6592000127
vt 0.8679999709 0.6592000127
vt 0.8679999709 0.6575000286
vt 0.5738999844 0.8840000033
vt 0.5738999844 0.8823999763
vt 0.5692999959 0.8823999763
vt 0.5692999959 0.8840000033
vt 0.5672000051 0.8823999763
vt 0.5672000051 0.8840000033
vt 0.5662999749 0.8823999763
vt 0.5662999749 0.8840000033
vt 0.5759000182 0.8840000033
vt 0.5759000182 0.8823999763
vt 0.5767999887 0.8840000033
vt 0.5767999887 0.8823999763
vt 0.6234999895 0.8411999941
vt 0.6137999892 0.8392000198
vt 0.6208000183 0.8421000242
vt 0.5447000265 0.8694000244
vt 0.5363000035 0.867200017
vt 0.5419999957 0.8702999949
vt 0.6374999881 0.7990000248
vt 0.638100028 0.7990000248
vt 0.638100028 0.7985000014
vt 0.5523999929 0.8666999936
vt 0.5525000095 0.867299974
vt 0.5529000163 0.867200017
vt 0.5523999929 0.8815000057
vt 0.5523999929 0.8820999861
vt 0.5529000163 0.8815000057
vt 0.7563999891 0.288199991
vt 0.7569000125 0.288199991
vt 0.7569000125 0.2876000106
vt 0.5363000035 0.8666999936
vt 0.5357999802 0.867200017
vt 0.6374999881 0.8133000135
vt 0.638100028 0.8137999773
vt 0.638100028 0.8133000135
vt 0.7563999891 0.3025000095
vt 0.7569000125 0.3030000031
vt 0.7569000125 0.3025000095
vt 0.5363000035 0.8815000057
vt 0.5357999802 0.8815000057
vt 0.5363000035 0.8820999861
vt 0.6197000146 0.8442000151
vt 0.6315000057 0.8535000086
vt 0.627300024 0.8488000035
vt 0.6262000203 0.8507999778
vt 0.6137999892 0.8535000086
vt 0.6234999895 0.8517000079
vt 0.6208000183 0.8507999778
vt 0.6197000146 0.8488000035
vt 0.6262000203 0.8421000242
vt 0.6315000057 0.8392000198
vt 0.540899992 0.8723000288
vt 0.5447000265 0.8798000216
vt 0.5419999957 0.8788999915
vt 0.540899992 0.8769000173
vt 0.5485000014 0.8769000173
vt 0.5473999977 0.8788999915
vt 0.5473999977 0.8702999949
vt 0.6697000265 0.8702999949
vt 0.6758000255 0.8680999875
vt 0.6668999791 0.8694000244
vt 0.8787000179 0.2006999999
vt 0.88349998 0.1985000074
vt 0.8758999705 0.1997999996
vt 0.6707000136 0.8723999858
vt 0.6642000079 0.8790000081
vt 0.6631000042 0.8769000173
vt 0.6596999764 0.8809999824
vt 0.6668999791 0.8798999786
vt 0.6758000255 0.8809999824
vt 0.6697000265 0.8790000081
vt 0.6707000136 0.8769000173
vt 0.6596000195 0.8680999875
vt 0.6642000079 0.8702999949
vt 0.8797000051 0.202700004
vt 0.8690000176 0.1984000057
vt 0.8758999705 0.2101999968
vt 0.8690999746 0.2111999989
vt 0.8835999966 0.2111999989
vt 0.8787000179 0.2092999965
vt 0.8797000051 0.2073000073
vt 0.8731999993 0.2092999965
vt 0.8720999956 0.2073000073
vt 0.8731999993 0.2006999999
vt 0.627300024 0.8442000151
vt 0.5485000014 0.8723000288
vt 0.6631000042 0.8723999858
vt 0.8720999956 0.202700004
vt 0.8838000298 0.2229000032
vt 0.8661999702 0.2229000032
vt 0.8661999702 0.2389000058
vt 0.8838000298 0.2389000058
vt 0.774600029 0.3025000095
vt 0.774600029 0.288199991
vt 0.6541000009 0.8133000135
vt 0.6541000009 0.7990000248
vt 0.5839999914 0.7990000248
vt 0.5662999749 0.7990000248
vt 0.5662999749 0.8149999976
vt 0.5839999914 0.8149999976
vt 0.8838000298 0.222299993
vt 0.8661000133 0.222299993
vt 0.5839999914 0.7985000014
vt 0.5662999749 0.7985000014
vt 0.774600029 0.2876000106
vt 0.6541000009 0.7985000014
vt 0.774600029 0.3030000031
vt 0.6541000009 0.8137999773
vt 0.6538000107 0.8338999748
vt 0.6538000107 0.8194000125
vt 0.6376000047 0.8194000125
vt 0.6374999881 0.8338999748
vt 0.7516999841 0.8266000152
vt 0.7518000007 0.8392999768
vt 0.7677999735 0.8392999768
vt 0.7678999901 0.8266000152
vt 0.7516999841 0.844900012
vt 0.7516999841 0.8575999737
vt 0.7659999728 0.8575999737
vt 0.7660999894 0.8447999954
vt 0.6757000089 0.8626000285
vt 0.6758000255 0.8481000066
vt 0.6596000195 0.8482000232
vt 0.6596999764 0.8625000119
vt 0.877399981 0.4058000147
vt 0.8781999946 0.4058000147
vt 0.8781999946 0.4041000009
vt 0.877399981 0.4041000009
vt 0.7735000253 0.2466000021
vt 0.7743999958 0.2466000021
vt 0.7743999958 0.2450000048
vt 0.7735000253 0.2450000048
vt 0.8752999902 0.4058000147
vt 0.8752999902 0.4041000009
vt 0.8690999746 0.2443999946
vt 0.8669999838 0.2443999946
vt 0.8669999838 0.2460999936
vt 0.8690999746 0.2460999936
vt 0.8677999973 0.4058000147
vt 0.8687000275 0.4058000147
vt 0.8687000275 0.4041000009
vt 0.8677999973 0.4041000009
vt 0.8661000133 0.2443999946
vt 0.8661000133 0.2460999936
vt 0.8736000061 0.2443999946
vt 0.8736000061 0.2460999936
vt 0.8707000017 0.4058000147
vt 0.8707000017 0.4041000009
vt 0.8756999969 0.2443999946
vt 0.8756999969 0.2460999936
vt 0.8766000271 0.2443999946
vt 0.8766000271 0.2460999936
vt 0.7713999748 0.2466000021
vt 0.7713999748 0.2450000048
vt 0.7667999864 0.2466000021
vt 0.7667999864 0.2450000048
vt 0.763899982 0.2466000021
vt 0.7648000121 0.2466000021
vt 0.7648000121 0.2450000048
vt 0.763899982 0.2450000048
vt 0.852699995 0.8555999994
vt 0.8481000066 0.8555999994
vt 0.8481000066 0.8572999835
vt 0.852699995 0.8572999835
vt 0.8460999727 0.8555999994
vt 0.8460999727 0.8572999835
vt 0.8452000022 0.8555999994
vt 0.8452000022 0.8572999835
vt 0.8547000289 0.8555999994
vt 0.8547000289 0.8572999835
vt 0.8555999994 0.8555999994
vt 0.8555999994 0.8572999835
vt 0.131099999 0.7821999788
vt 0.1319999993 0.7821999788
vt 0.1319999993 0.7828000188
vt 0.1462000012 0.7821999788
vt 0.1472000033 0.7821999788
vt 0.1462000012 0.7828000188
vt 0.1928000003 0.3646000028
vt 0.1994999945 0.3646000028
vt 0.1994999945 0.3871000111
vt 0.1928000003 0.3871000111
vt 0.2036000043 0.6996999979
vt 0.2036000043 0.6883999705
vt 0.2437999994 0.6883999705
vt 0.2437999994 0.6996999979
vt 0.763899982 0.1159000024
vt 0.8608999848 0.1159000024
vt 0.8608999848 0.1282999963
vt 0.763899982 0.1282999963
vt 0.6751000285 0.1855999976
vt 0.5781000257 0.1855999976
vt 0.5781000257 0.1720000058
vt 0.6751000285 0.1720000058
vt 0.1928000003 0.2987999916
vt 0.1994999945 0.2987999916
vt 0.1994999945 0.3057000041
vt 0.1928000003 0.3057000041
vt 0.1994999945 0.4198000133
vt 0.1928000003 0.4198000133
vt 0.1928000003 0.4122000039
vt 0.1994999945 0.4122000039
vt 0.08869999647 0.6996999979
vt 0.08869999647 0.6883999705
vt 0.1023000032 0.6883999705
vt 0.1023000032 0.6996999979
vt 0.3052000105 0.6883999705
vt 0.3052000105 0.6996999979
vt 0.2928000093 0.6996999979
vt 0.2928000093 0.6883999705
vt 0.5662999749 0.7919999957
vt 0.5799999833 0.7919999957
vt 0.5799999833 0.7929000258
vt 0.5662999749 0.7929000258
vt 0.6650999784 0.7919999957
vt 0.6650999784 0.7929000258
vt 0.6248000264 0.7929000258
vt 0.6248000264 0.7919999957
vt 0.7705000043 0.7919999957
vt 0.7828999758 0.7919999957
vt 0.7828999758 0.7929000258
vt 0.7705000043 0.7929000258
vt 0.7990000248 0.7713000178
vt 0.7868999839 0.7709000111
vt 0.7868999839 0.7703999877
vt 0.7990000248 0.7703999877
vt 0.3052000105 0.7817999721
vt 0.2928000093 0.7817999721
vt 0.2928000093 0.7811999917
vt 0.3052000105 0.7811999917
vt 0.2036000043 0.7821999788
vt 0.2036000043 0.7811999917
vt 0.2437999994 0.7811999917
vt 0.2437999994 0.7821999788
vt 0.1023000032 0.7817999721
vt 0.08869999647 0.7817999721
vt 0.08869999647 0.7811999917
vt 0.1023000032 0.7811999917
vt 0.882799983 0.7817999721
vt 0.8708000183 0.7821999788
vt 0.8708000183 0.7811999917
vt 0.882799983 0.7811999917
vt 0.7814000249 0.7713000178
vt 0.7689999938 0.7713000178
vt 0.7689999938 0.7703999877
vt 0.7814000249 0.7703999877
vt 0.679700017 0.7713000178
vt 0.679700017 0.7703999877
vt 0.7200000286 0.7703999877
vt 0.7200000286 0.7713000178
vt 0.5784999728 0.7713000178
vt 0.564800024 0.7713000178
vt 0.564800024 0.7703999877
vt 0.5784999728 0.7703999877
vt 0.7996000051 0.7929000258
vt 0.7883999944 0.7925000191
vt 0.7883999944 0.7919999957
vt 0.7996000051 0.7919999957
vt 0.3427999914 0.7749999762
vt 0.356400013 0.7749999762
vt 0.356400013 0.7756000161
vt 0.3427999914 0.7756000161
vt 0.4415999949 0.774600029
vt 0.4415999949 0.7756000161
vt 0.4013000131 0.7756000161
vt 0.4013000131 0.774600029
vt 0.5468999743 0.7749999762
vt 0.5593000054 0.7749999762
vt 0.5593000054 0.7756000161
vt 0.5468999743 0.7756000161
vt 0.1988999993 0.2894000113
vt 0.1991000026 0.2957000136
vt 0.1985999942 0.2957000136
vt 0.1985999942 0.2894000113
vt 0.2389000058 0.003800000064
vt 0.4648000002 0.003800000064
vt 0.4648000002 0.09759999812
vt 0.2389000058 0.09759999812
vt 0.1994999945 0.3240999877
vt 0.1928000003 0.3240999877
vt 0.1928000003 0.3330999911
vt 0.1994999945 0.3330999911
vt 0.1994999945 0.3555999994
vt 0.1928000003 0.3555999994
vt 0.1928000003 0.3961000144
vt 0.1994999945 0.3961000144
vt 0.131099999 0.6883999705
vt 0.131099999 0.6996999979
vt 0.1472000033 0.6996999979
vt 0.1472000033 0.6883999705
vt 0.1875 0.6883999705
vt 0.1875 0.6996999979
vt 0.2599999905 0.6996999979
vt 0.2599999905 0.6883999705
vt 0.7376000285 0.7929000258
vt 0.7376000285 0.7919999957
vt 0.7214999795 0.7919999957
vt 0.7214999795 0.7929000258
vt 0.6812000275 0.7929000258
vt 0.6812000275 0.7919999957
vt 0.6086999774 0.7919999957
vt 0.6086999774 0.7929000258
vt 0.131099999 0.7811999917
vt 0.1472000033 0.7811999917
vt 0.1875 0.7811999917
vt 0.1875 0.7821999788
vt 0.2599999905 0.7821999788
vt 0.2599999905 0.7811999917
vt 0.6072000265 0.7703999877
vt 0.6072000265 0.7713000178
vt 0.6233000159 0.7713000178
vt 0.6233000159 0.7703999877
vt 0.6636000276 0.7703999877
vt 0.6636000276 0.7713000178
vt 0.736100018 0.7713000178
vt 0.736100018 0.7703999877
vt 0.5141000152 0.7756000161
vt 0.5141000152 0.774600029
vt 0.4979000092 0.774600029
vt 0.4979000092 0.7756000161
vt 0.4577000141 0.7756000161
vt 0.4577000141 0.774600029
vt 0.3851999938 0.774600029
vt 0.3851999938 0.7756000161
vt 0.2759000063 0.4147999883
vt 0.2114000022 0.4147999883
vt 0.2114000022 0.3957000077
vt 0.2759000063 0.3957000077
vt 0.2759000063 0.3849000037
vt 0.2114000022 0.3849000037
vt 0.2114000022 0.358099997
vt 0.2759000063 0.358099997
vt 0.2110999972 0.3125999868
vt 0.2755999863 0.3125999868
vt 0.2755999863 0.3343999982
vt 0.2110999972 0.3343999982
vt 0.1928000003 0.3325000107
vt 0.1928000003 0.3246000111
vt 0.1994999945 0.3246000111
vt 0.1994999945 0.3325000107
vt 0.1928000003 0.3641000092
vt 0.1928000003 0.356099993
vt 0.1994999945 0.356099993
vt 0.1994999945 0.3641000092
vt 0.1994999945 0.3876000047
vt 0.1994999945 0.3955999911
vt 0.1928000003 0.3955999911
vt 0.1928000003 0.3876000047
vt 0.1462000012 0.6996999979
vt 0.1319999993 0.6996999979
vt 0.1319999993 0.6883999705
vt 0.1462000012 0.6883999705
vt 0.2026000023 0.6996999979
vt 0.1884000003 0.6996999979
vt 0.1884000003 0.6883999705
vt 0.2026000023 0.6883999705
vt 0.2448000014 0.6883999705
vt 0.2590000033 0.6883999705
vt 0.2590000033 0.6996999979
vt 0.2448000014 0.6996999979
vt 0.7224000096 0.7919999957
vt 0.7365999818 0.7919999957
vt 0.7365999818 0.7929000258
vt 0.7224000096 0.7929000258
vt 0.6661000252 0.7919999957
vt 0.6802999973 0.7919999957
vt 0.6802999973 0.7929000258
vt 0.6661000252 0.7929000258
vt 0.6238999963 0.7929000258
vt 0.6097000241 0.7929000258
vt 0.6097000241 0.7919999957
vt 0.6238999963 0.7919999957
vt 0.1319999993 0.7811999917
vt 0.1462000012 0.7811999917
vt 0.2026000023 0.7825000286
vt 0.1884000003 0.7825000286
vt 0.1884000003 0.7811999917
vt 0.2026000023 0.7811999917
vt 0.2448000014 0.7811999917
vt 0.2590000033 0.7811999917
vt 0.2590000033 0.7825000286
vt 0.2448000014 0.7825000286
vt 0.6223999858 0.7713000178
vt 0.6082000136 0.7713000178
vt 0.6082000136 0.7703999877
vt 0.6223999858 0.7703999877
vt 0.6787999868 0.7713000178
vt 0.6646000147 0.7713000178
vt 0.6646000147 0.7703999877
vt 0.6787999868 0.7703999877
vt 0.7210000157 0.7703999877
vt 0.7351999879 0.7703999877
vt 0.7351999879 0.7713000178
vt 0.7210000157 0.7713000178
vt 0.4988999963 0.774600029
vt 0.513100028 0.774600029
vt 0.513100028 0.7756000161
vt 0.4988999963 0.7756000161
vt 0.4424999952 0.774600029
vt 0.4566999972 0.774600029
vt 0.4566999972 0.7756000161
vt 0.4424999952 0.7756000161
vt 0.4002999961 0.7756000161
vt 0.3860999942 0.7756000161
vt 0.3860999942 0.774600029
vt 0.4002999961 0.774600029
vt 0.2759000063 0.3871000111
vt 0.2759000063 0.3935000002
vt 0.2114000022 0.3935000002
vt 0.2114000022 0.3871000111
vt 0.2759000063 0.3495999873
vt 0.2759000063 0.3558999896
vt 0.2114000022 0.3558999896
vt 0.2114000022 0.3495999873
vt 0.2110999972 0.3429999948
vt 0.2110999972 0.3366000056
vt 0.2755999863 0.3366000056
vt 0.2755999863 0.3429999948
vt 0.2114000022 0.3855000138
vt 0.2759000063 0.3855000138
vt 0.388500005 0.7707999945
vt 0.3980000019 0.7707999945
vt 0.2759000063 0.3950999975
vt 0.2114000022 0.3950999975
vt 0.143900007 0.7860000134
vt 0.1342999935 0.7860000134
vt 0.2114000022 0.34799999
vt 0.2759000063 0.34799999
vt 0.4447999895 0.7707999945
vt 0.454400003 0.7707999945
vt 0.2759000063 0.3576000035
vt 0.2114000022 0.3576000035
vt 0.2002999932 0.7860000134
vt 0.1906999946 0.7860000134
vt 0.2755999863 0.344599992
vt 0.2110999972 0.344599992
vt 0.2567000091 0.7860000134
vt 0.2470999956 0.7860000134
vt 0.2110999972 0.3350000083
vt 0.2755999863 0.3350000083
vt 0.5012000203 0.7707999945
vt 0.510800004 0.7707999945
vt 0.2928000093 0.7827000022
vt 0.2599999905 0.7827000022
vt 0.5781000257 0.1911000013
vt 0.6751000285 0.1911000013
vt 0.6751000285 0.1920000017
vt 0.5781000257 0.1920000017
vt 0.5141000152 0.7742000222
vt 0.5468999743 0.7742000222
vt 0.510800004 0.7703999877
vt 0.513199985 0.7736999989
vt 0.5012000203 0.7703999877
vt 0.4988000095 0.7736999989
vt 0.4577000141 0.7742000222
vt 0.4979000092 0.7742000222
vt 0.454400003 0.7703999877
vt 0.4568000138 0.7736999989
vt 0.4447999895 0.7703999877
vt 0.4424000084 0.7736999989
vt 0.4013000131 0.7742000222
vt 0.4415999949 0.7742000222
vt 0.3980000019 0.7703999877
vt 0.4004999995 0.7736999989
vt 0.388500005 0.7703999877
vt 0.3860000074 0.7736999989
vt 0.356400013 0.7742000222
vt 0.3851999938 0.7742000222
vt 0.779399991 0.5274999738
vt 0.8762999773 0.5274999738
vt 0.8762999773 0.5284000039
vt 0.779399991 0.5284000039
vt 0.131099999 0.7827000022
vt 0.1023000032 0.7827000022
vt 0.1342999935 0.7864999771
vt 0.1318999976 0.7832000256
vt 0.143900007 0.7864999771
vt 0.1464000046 0.7832000256
vt 0.1875 0.7827000022
vt 0.1472000033 0.7827000022
vt 0.1906999946 0.7864999771
vt 0.1882999986 0.7832000256
vt 0.2002999932 0.7864999771
vt 0.202700004 0.7832000256
vt 0.2437999994 0.7827000022
vt 0.2036000043 0.7827000022
vt 0.2470999956 0.7864999771
vt 0.2446999997 0.7832000256
vt 0.2567000091 0.7864999771
vt 0.2590999901 0.7832000256
vt 0.2114000022 0.3474000096
vt 0.2759000063 0.3474000096
vt 0.2755999863 0.3452000022
vt 0.2110999972 0.3452000022
vt 0.3282999992 0.1591999978
vt 0.3282999992 0.2673000097
vt 0.3235999942 0.2673000097
vt 0.3235999942 0.1591999978
vt 0.4600000083 0.1591999978
vt 0.4600000083 0.2673000097
vt 0.4535000026 0.2673000097
vt 0.4535000026 0.1591999978
vt 0.4411999881 0.1591999978
vt 0.4411999881 0.2673000097
vt 0.4365999997 0.2673000097
vt 0.4365999997 0.1591999978
vt 0.4250999987 0.1591999978
vt 0.4250999987 0.2673000097
vt 0.4203999937 0.2673000097
vt 0.4203999937 0.1591999978
vt 0.4088999927 0.1591999978
vt 0.4088999927 0.2673000097
vt 0.4043000042 0.2673000097
vt 0.4043000042 0.1591999978
vt 0.3928000033 0.1591999978
vt 0.3928000033 0.2673000097
vt 0.3882000148 0.2673000097
vt 0.3882000148 0.1591999978
vt 0.3767000139 0.1591999978
vt 0.3767000139 0.2673000097
vt 0.3720000088 0.2673000097
vt 0.3720000088 0.1591999978
vt 0.3605000079 0.1591999978
vt 0.3605000079 0.2673000097
vt 0.3558999896 0.2673000097
vt 0.3558999896 0.1591999978
vt 0.3443999887 0.1591999978
vt 0.3443999887 0.2673000097
vt 0.3398000002 0.2673000097
vt 0.3398000002 0.1591999978
vt 0.1919 0.2673000097
vt 0.1919 0.1591999978
vt 0.1985000074 0.1591999978
vt 0.1985000074 0.2673000097
vt 0.2107000053 0.2673000097
vt 0.2107000053 0.1591999978
vt 0.2152999938 0.1591999978
vt 0.2152999938 0.2673000097
vt 0.2267999947 0.2673000097
vt 0.2267999947 0.1591999978
vt 0.2314999998 0.1591999978
vt 0.2314999998 0.2673000097
vt 0.2430000007 0.2673000097
vt 0.2430000007 0.1591999978
vt 0.2476000041 0.1591999978
vt 0.2476000041 0.2673000097
vt 0.2590999901 0.2673000097
vt 0.2590999901 0.1591999978
vt 0.2637000084 0.1591999978
vt 0.2637000084 0.2673000097
vt 0.2752000093 0.2673000097
vt 0.2752000093 0.1591999978
vt 0.2799000144 0.1591999978
vt 0.2799000144 0.2673000097
vt 0.2913999856 0.2673000097
vt 0.2913999856 0.1591999978
vt 0.2960000038 0.1591999978
vt 0.2960000038 0.2673000097
vt 0.3075000048 0.2673000097
vt 0.3075000048 0.1591999978
vt 0.3120999932 0.1591999978
vt 0.3120999932 0.2673000097
vt 0.4438000023 0.1591999978
vt 0.4501000047 0.1591999978
vt 0.4501000047 0.2673000097
vt 0.4438000023 0.2673000097
vt 0.4277000129 0.1591999978
vt 0.4339999855 0.1591999978
vt 0.4339999855 0.2673000097
vt 0.4277000129 0.2673000097
vt 0.4115999937 0.1591999978
vt 0.4178000093 0.1591999978
vt 0.4178000093 0.2673000097
vt 0.4115999937 0.2673000097
vt 0.3953999877 0.1591999978
vt 0.40169999 0.1591999978
vt 0.40169999 0.2673000097
vt 0.3953999877 0.2673000097
vt 0.3792999983 0.1591999978
vt 0.3856000006 0.1591999978
vt 0.3856000006 0.2673000097
vt 0.3792999983 0.2673000097
vt 0.3632000089 0.1591999978
vt 0.3693999946 0.1591999978
vt 0.3693999946 0.2673000097
vt 0.3632000089 0.2673000097
vt 0.3470000029 0.1591999978
vt 0.3533000052 0.1591999978
vt 0.3533000052 0.2673000097
vt 0.3470000029 0.2673000097
vt 0.3309000134 0.1591999978
vt 0.337199986 0.1591999978
vt 0.337199986 0.2673000097
vt 0.3309000134 0.2673000097
vt 0.208100006 0.2673000097
vt 0.2018000036 0.2673000097
vt 0.2018000036 0.1591999978
vt 0.208100006 0.1591999978
vt 0.2241999954 0.2673000097
vt 0.2179999948 0.2673000097
vt 0.2179999948 0.1591999978
vt 0.2241999954 0.1591999978
vt 0.2404000014 0.2673000097
vt 0.2340999991 0.2673000097
vt 0.2340999991 0.1591999978
vt 0.2404000014 0.1591999978
vt 0.2565000057 0.2673000097
vt 0.2502000034 0.2673000097
vt 0.2502000034 0.1591999978
vt 0.2565000057 0.1591999978
vt 0.2725999951 0.2673000097
vt 0.2664000094 0.2673000097
vt 0.2664000094 0.1591999978
vt 0.2725999951 0.1591999978
vt 0.2888000011 0.2673000097
vt 0.2824999988 0.2673000097
vt 0.2824999988 0.1591999978
vt 0.2888000011 0.1591999978
vt 0.3048999906 0.2673000097
vt 0.2985999882 0.2673000097
vt 0.2985999882 0.1591999978
vt 0.3048999906 0.1591999978
vt 0.3210000098 0.2673000097
vt 0.3147999942 0.2673000097
vt 0.3147999942 0.1591999978
vt 0.3210000098 0.1591999978
vt 0.3215000033 0.2673000097
vt 0.3215000033 0.1591999978
vt 0.3231999874 0.1591999978
vt 0.3231999874 0.2673000097
vt 0.3303999901 0.1591999978
vt 0.3303999901 0.2673000097
vt 0.328700006 0.2673000097
vt 0.328700006 0.1591999978
vt 0.4505999982 0.2673000097
vt 0.4505999982 0.1591999978
vt 0.4530000091 0.1591999978
vt 0.4530000091 0.2673000097
vt 0.4629000127 0.1591999978
vt 0.4629000127 0.2673000097
vt 0.4605000019 0.2673000097
vt 0.4605000019 0.1591999978
vt 0.4343999922 0.2673000097
vt 0.4343999922 0.1591999978
vt 0.4361000061 0.1591999978
vt 0.4361000061 0.2673000097
vt 0.4433999956 0.1591999978
vt 0.4433999956 0.2673000097
vt 0.4417000115 0.2673000097
vt 0.4417000115 0.1591999978
vt 0.4183000028 0.2673000097
vt 0.4183000028 0.1591999978
vt 0.4199999869 0.1591999978
vt 0.4199999869 0.2673000097
vt 0.4271999896 0.1591999978
vt 0.4271999896 0.2673000097
vt 0.4255000055 0.2673000097
vt 0.4255000055 0.1591999978
vt 0.4022000134 0.2673000097
vt 0.4022000134 0.1591999978
vt 0.4038000107 0.1591999978
vt 0.4038000107 0.2673000097
vt 0.4111000001 0.1591999978
vt 0.4111000001 0.2673000097
vt 0.4093999863 0.2673000097
vt 0.4093999863 0.1591999978
vt 0.3860000074 0.2673000097
vt 0.3860000074 0.1591999978
vt 0.3876999915 0.1591999978
vt 0.3876999915 0.2673000097
vt 0.3950000107 0.1591999978
vt 0.3950000107 0.2673000097
vt 0.3932999969 0.2673000097
vt 0.3932999969 0.1591999978
vt 0.3698999882 0.2673000097
vt 0.3698999882 0.1591999978
vt 0.3716000021 0.1591999978
vt 0.3716000021 0.2673000097
vt 0.3788000047 0.1591999978
vt 0.3788000047 0.2673000097
vt 0.3770999908 0.2673000097
vt 0.3770999908 0.1591999978
vt 0.3537999988 0.2673000097
vt 0.3537999988 0.1591999978
vt 0.355399996 0.1591999978
vt 0.355399996 0.2673000097
vt 0.3626999855 0.1591999978
vt 0.3626999855 0.2673000097
vt 0.3610000014 0.2673000097
vt 0.3610000014 0.1591999978
vt 0.3375999928 0.2673000097
vt 0.3375999928 0.1591999978
vt 0.3393000066 0.1591999978
vt 0.3393000066 0.2673000097
vt 0.3465999961 0.1591999978
vt 0.3465999961 0.2673000097
vt 0.344900012 0.2673000097
vt 0.344900012 0.1591999978
vt 0.1889999956 0.2673000097
vt 0.1889999956 0.1591999978
vt 0.1914000064 0.1591999978
vt 0.1914000064 0.2673000097
vt 0.2012999952 0.1591999978
vt 0.2012999952 0.2673000097
vt 0.199000001 0.2673000097
vt 0.199000001 0.1591999978
vt 0.2085999995 0.2673000097
vt 0.2085999995 0.1591999978
vt 0.2101999968 0.1591999978
vt 0.2101999968 0.2673000097
vt 0.2175000012 0.1591999978
vt 0.2175000012 0.2673000097
vt 0.2158000022 0.2673000097
vt 0.2158000022 0.1591999978
vt 0.2247000039 0.2673000097
vt 0.2247000039 0.1591999978
vt 0.2264000028 0.1591999978
vt 0.2264000028 0.2673000097
vt 0.2336000055 0.1591999978
vt 0.2336000055 0.2673000097
vt 0.2319000065 0.2673000097
vt 0.2319000065 0.1591999978
vt 0.2407999933 0.2673000097
vt 0.2407999933 0.1591999978
vt 0.2425000072 0.1591999978
vt 0.2425000072 0.2673000097
vt 0.2497999966 0.1591999978
vt 0.2497999966 0.2673000097
vt 0.2480999976 0.2673000097
vt 0.2480999976 0.1591999978
vt 0.2569999993 0.2673000097
vt 0.2569999993 0.1591999978
vt 0.2585999966 0.1591999978
vt 0.2585999966 0.2673000097
vt 0.265899986 0.1591999978
vt 0.265899986 0.2673000097
vt 0.264200002 0.2673000097
vt 0.264200002 0.1591999978
vt 0.2730999887 0.2673000097
vt 0.2730999887 0.1591999978
vt 0.2748000026 0.1591999978
vt 0.2748000026 0.2673000097
vt 0.2820000052 0.1591999978
vt 0.2820000052 0.2673000097
vt 0.2802999914 0.2673000097
vt 0.2802999914 0.1591999978
vt 0.2892000079 0.2673000097
vt 0.2892000079 0.1591999978
vt 0.290899992 0.1591999978
vt 0.290899992 0.2673000097
vt 0.2982000113 0.1591999978
vt 0.2982000113 0.2673000097
vt 0.2964999974 0.2673000097
vt 0.2964999974 0.1591999978
vt 0.3054000139 0.2673000097
vt 0.3054000139 0.1591999978
vt 0.3070000112 0.1591999978
vt 0.3070000112 0.2673000097
vt 0.3143000007 0.1591999978
vt 0.3143000007 0.2673000097
vt 0.3125999868 0.2673000097
vt 0.3125999868 0.1591999978
vt 0.1888000071 0.2673000097
vt 0.1888000071 0.1591999978
vt 0.4630999863 0.1591999978
vt 0.4630999863 0.2673000097
vt 0.0727000013 0.2754999995
vt 0.0727000013 0.4201999903
vt 0.06440000236 0.4201999903
vt 0.06440000236 0.2754999995
vt 0.1525000036 0.2754999995
vt 0.1525000036 0.4201999903
vt 0.1410000026 0.4201999903
vt 0.1410000026 0.2754999995
vt 0.1230000034 0.2754999995
vt 0.1230000034 0.4201999903
vt 0.1147999987 0.4201999903
vt 0.1147999987 0.2754999995
vt 0.0978000015 0.2754999995
vt 0.0978000015 0.4201999903
vt 0.08959999681 0.4201999903
vt 0.08959999681 0.2754999995
vt 0.009700000286 0.4201999903
vt 0.009700000286 0.2754999995
vt 0.02129999921 0.2754999995
vt 0.02129999921 0.4201999903
vt 0.03929999843 0.4201999903
vt 0.03929999843 0.2754999995
vt 0.0474999994 0.2754999995
vt 0.0474999994 0.4201999903
vt 0.1264999956 0.2754999995
vt 0.1363999993 0.2754999995
vt 0.1363999993 0.4201999903
vt 0.1264999956 0.4201999903
vt 0.1013000011 0.2754999995
vt 0.1112999991 0.2754999995
vt 0.1112999991 0.4201999903
vt 0.1013000011 0.4201999903
vt 0.07620000094 0.2754999995
vt 0.08609999716 0.2754999995
vt 0.08609999716 0.4201999903
vt 0.07620000094 0.4201999903
vt 0.03579999879 0.4201999903
vt 0.02580000088 0.4201999903
vt 0.02580000088 0.2754999995
vt 0.03579999879 0.2754999995
vt 0.06089999899 0.4201999903
vt 0.05099999905 0.4201999903
vt 0.05099999905 0.2754999995
vt 0.06089999899 0.2754999995
vt 0.0615000017 0.4201999903
vt 0.0615000017 0.2754999995
vt 0.06379999965 0.2754999995
vt 0.06379999965 0.4201999903
vt 0.07559999824 0.2754999995
vt 0.07559999824 0.4201999903
vt 0.07329999655 0.4201999903
vt 0.07329999655 0.2754999995
vt 0.1370999962 0.4201999903
vt 0.1370999962 0.2754999995
vt 0.1403000057 0.2754999995
vt 0.1403000057 0.4201999903
vt 0.1569000036 0.2754999995
vt 0.1569000036 0.4201999903
vt 0.1532000005 0.4201999903
vt 0.1532000005 0.2754999995
vt 0.1119000018 0.4201999903
vt 0.1119000018 0.2754999995
vt 0.1142000034 0.2754999995
vt 0.1142000034 0.4201999903
vt 0.1259000003 0.2754999995
vt 0.1259000003 0.4201999903
vt 0.1235999987 0.4201999903
vt 0.1235999987 0.2754999995
vt 0.08669999987 0.4201999903
vt 0.08669999987 0.2754999995
vt 0.08900000155 0.2754999995
vt 0.08900000155 0.4201999903
vt 0.1006999984 0.2754999995
vt 0.1006999984 0.4201999903
vt 0.09839999676 0.4201999903
vt 0.09839999676 0.2754999995
vt 0.02520000003 0.2754999995
vt 0.02520000003 0.4201999903
vt 0.02199999988 0.4201999903
vt 0.02199999988 0.2754999995
vt 0.004699999932 0.4201999903
vt 0.004699999932 0.2754999995
vt 0.008999999613 0.2754999995
vt 0.008999999613 0.4201999903
vt 0.0364000015 0.4201999903
vt 0.0364000015 0.2754999995
vt 0.03869999945 0.2754999995
vt 0.03869999945 0.4201999903
vt 0.05040000007 0.2754999995
vt 0.05040000007 0.4201999903
vt 0.04809999838 0.4201999903
vt 0.04809999838 0.2754999995
vt 0.1571999937 0.2754999995
vt 0.1571999937 0.4201999903
vt 0.004399999976 0.4201999903
vt 0.004399999976 0.2754999995
vt 0.1873999983 0.6707999706
vt 0.1873999983 0.6829000115
vt 0.1472000033 0.6829000115
vt 0.1472000033 0.6707999706
vt 0.4257000089 0.682099998
vt 0.4257000089 0.6707999706
vt 0.4659000039 0.6707999706
vt 0.4659000039 0.682099998
vt 0.4772999883 0.2949000001
vt 0.5741999745 0.2949000001
vt 0.5741999745 0.3073000014
vt 0.4772999883 0.3073000014
vt 0.8828999996 0.06190000102
vt 0.7860000134 0.06190000102
vt 0.7860000134 0.04830000177
vt 0.8828999996 0.04830000177
vt 0.3052000105 0.6707999706
vt 0.3052000105 0.6829000115
vt 0.2928000093 0.6829000115
vt 0.2928000093 0.6707999706
vt 0.08869999647 0.6829000115
vt 0.08869999647 0.6707999706
vt 0.1023000032 0.6707999706
vt 0.1023000032 0.6829000115
vt 0.3106999993 0.682099998
vt 0.3106999993 0.6707999706
vt 0.3244000077 0.6707999706
vt 0.3244000077 0.682099998
vt 0.5273000002 0.6707999706
vt 0.5273000002 0.682099998
vt 0.5148000121 0.682099998
vt 0.5148000121 0.6707999706
vt 0.6486999989 0.7811999917
vt 0.6622999907 0.7811999917
vt 0.6622999907 0.7821999788
vt 0.6486999989 0.7821999788
vt 0.7475000024 0.7811999917
vt 0.7475000024 0.7821999788
vt 0.7073000073 0.7821999788
vt 0.7073000073 0.7811999917
vt 0.8528000116 0.7811999917
vt 0.8651999831 0.7811999917
vt 0.8651999831 0.7821999788
vt 0.8528000116 0.7821999788
vt 0.4923999906 0.6211000085
vt 0.4803000093 0.6207000017
vt 0.4803000093 0.6201000214
vt 0.4923999906 0.6201000214
vt 0.8657000065 0.6890000105
vt 0.8532999754 0.6890000105
vt 0.8532999754 0.6883999705
vt 0.8657000065 0.6883999705
vt 0.7641000152 0.6894000173
vt 0.7641000152 0.6883999705
vt 0.8043000102 0.6883999705
vt 0.8043000102 0.6894000173
vt 0.662800014 0.6890000105
vt 0.6492000222 0.6890000105
vt 0.6492000222 0.6883999705
vt 0.662800014 0.6883999705
vt 0.8529999852 0.5491999984
vt 0.8409000039 0.5496000051
vt 0.8409000039 0.548600018
vt 0.8529999852 0.548600018
vt 0.4747999907 0.6211000085
vt 0.4623999894 0.6211000085
vt 0.4623999894 0.6201000214
vt 0.4747999907 0.6201000214
vt 0.3731999993 0.6211000085
vt 0.3731999993 0.6201000214
vt 0.4133999944 0.6201000214
vt 0.4133999944 0.6211000085
vt 0.2718999982 0.6211000085
vt 0.2581999898 0.6211000085
vt 0.2581999898 0.6201000214
vt 0.2718999982 0.6201000214
vt 0.6941000223 0.8851000071
vt 0.6829000115 0.8845999837
vt 0.6829000115 0.8841000199
vt 0.6941000223 0.8841000199
vt 0.5986999869 0.753099978
vt 0.6123999953 0.753099978
vt 0.6123999953 0.7536000013
vt 0.5986999869 0.7536000013
vt 0.6974999905 0.7526000142
vt 0.6974999905 0.7536000013
vt 0.6572999954 0.7536000013
vt 0.6572999954 0.7526000142
vt 0.8029000163 0.753099978
vt 0.8152999878 0.753099978
vt 0.8152999878 0.7536000013
vt 0.8029000163 0.7536000013
vt 0.8528000116 0.7990000248
vt 0.8414999843 0.799399972
vt 0.8414999843 0.7985000014
vt 0.8528000116 0.7985000014
vt 0.002400000114 0.004600000102
vt 0.2310000062 0.004600000102
vt 0.2310000062 0.09939999878
vt 0.002400000114 0.09939999878
vt 0.2924000025 0.6707999706
vt 0.2924000025 0.6829000115
vt 0.2599000037 0.6829000115
vt 0.2599000037 0.6707999706
vt 0.2437999994 0.6707999706
vt 0.2437999994 0.6829000115
vt 0.2036000043 0.6829000115
vt 0.2036000043 0.6707999706
vt 0.1027000025 0.6829000115
vt 0.1027000025 0.6707999706
vt 0.1312000006 0.6707999706
vt 0.1312000006 0.6829000115
vt 0.3246999979 0.682099998
vt 0.3246999979 0.6707999706
vt 0.3531999886 0.6707999706
vt 0.3531999886 0.682099998
vt 0.3693000078 0.682099998
vt 0.3693000078 0.6707999706
vt 0.4095000029 0.6707999706
vt 0.4095000029 0.682099998
vt 0.5144000053 0.6707999706
vt 0.5144000053 0.682099998
vt 0.4819000065 0.682099998
vt 0.4819000065 0.6707999706
vt 0.8524000049 0.7811999917
vt 0.8524000049 0.7821999788
vt 0.8198999763 0.7821999788
vt 0.8198999763 0.7811999917
vt 0.8037999868 0.7811999917
vt 0.8037999868 0.7821999788
vt 0.7635999918 0.7821999788
vt 0.7635999918 0.7811999917
vt 0.6626999974 0.7821999788
vt 0.6626999974 0.7811999917
vt 0.6912000179 0.7811999917
vt 0.6912000179 0.7821999788
vt 0.6632000208 0.6890000105
vt 0.6632000208 0.6883999705
vt 0.6916999817 0.6883999705
vt 0.6916999817 0.6894000173
vt 0.7077000141 0.6894000173
vt 0.7077000141 0.6883999705
vt 0.7479000092 0.6883999705
vt 0.7479000092 0.6894000173
vt 0.8529000282 0.6883999705
vt 0.8529000282 0.6890000105
vt 0.8203999996 0.6894000173
vt 0.8203999996 0.6883999705
vt 0.2721999884 0.6211000085
vt 0.2721999884 0.6201000214
vt 0.3007000089 0.6201000214
vt 0.3007000089 0.6211000085
vt 0.3167999983 0.6211000085
vt 0.3167999983 0.6201000214
vt 0.3569999933 0.6201000214
vt 0.3569999933 0.6211000085
vt 0.4618999958 0.6201000214
vt 0.4618999958 0.6211000085
vt 0.429399997 0.6211000085
vt 0.429399997 0.6201000214
vt 0.8025000095 0.753000021
vt 0.8025000095 0.7536000013
vt 0.7699999809 0.7536000013
vt 0.7699999809 0.7526999712
vt 0.7538999915 0.7526000142
vt 0.7538999915 0.7536000013
vt 0.7136999965 0.7536000013
vt 0.7136999965 0.7526000142
vt 0.6126999855 0.7536000013
vt 0.6126999855 0.753000021
vt 0.6413000226 0.7526999712
vt 0.6413000226 0.7536000013
vt 0.7010999918 0.3517000079
vt 0.7979999781 0.3517000079
vt 0.7979999781 0.3797999918
vt 0.7010999918 0.3797999918
vt 0.7860000134 0.002600000007
vt 0.8828999996 0.002600000007
vt 0.8828999996 0.0428000018
vt 0.7860000134 0.0428000018
vt 0.6978999972 0.2849000096
vt 0.601000011 0.2849000096
vt 0.601000011 0.2526000142
vt 0.6978999972 0.2526000142
vt 0.2442999929 0.6707999706
vt 0.2594999969 0.6707999706
vt 0.2594999969 0.6829000115
vt 0.2442999929 0.6829000115
vt 0.1879000068 0.6707999706
vt 0.2030999959 0.6707999706
vt 0.2030999959 0.6829000115
vt 0.1879000068 0.6829000115
vt 0.1466999948 0.6829000115
vt 0.1316000074 0.6829000115
vt 0.1316000074 0.6707999706
vt 0.1466999948 0.6707999706
vt 0.3688000143 0.682099998
vt 0.3535999954 0.682099998
vt 0.3535999954 0.6707999706
vt 0.3688000143 0.6707999706
vt 0.4250999987 0.682099998
vt 0.4099999964 0.682099998
vt 0.4099999964 0.6707999706
vt 0.4250999987 0.6707999706
vt 0.4663999975 0.6707999706
vt 0.4814999998 0.6707999706
vt 0.4814999998 0.682099998
vt 0.4663999975 0.682099998
vt 0.8043000102 0.7811999917
vt 0.8195000291 0.7811999917
vt 0.8195000291 0.7821999788
vt 0.8043000102 0.7821999788
vt 0.7480000257 0.7811999917
vt 0.763100028 0.7811999917
vt 0.763100028 0.7821999788
vt 0.7480000257 0.7821999788
vt 0.706700027 0.7821999788
vt 0.6916000247 0.7821999788
vt 0.6916000247 0.7811999917
vt 0.706700027 0.7811999917
vt 0.7071999907 0.6894000173
vt 0.6919999719 0.6894000173
vt 0.6919999719 0.6883999705
vt 0.7071999907 0.6883999705
vt 0.7635999918 0.6894000173
vt 0.7483999729 0.6894000173
vt 0.7483999729 0.6883999705
vt 0.7635999918 0.6883999705
vt 0.804799974 0.6883999705
vt 0.8199999928 0.6883999705
vt 0.8199999928 0.6894000173
vt 0.804799974 0.6894000173
vt 0.3163000047 0.6211000085
vt 0.3010999858 0.6211000085
vt 0.3010999858 0.6201000214
vt 0.3163000047 0.6201000214
vt 0.3725999892 0.6211000085
vt 0.3574999869 0.6211000085
vt 0.3574999869 0.6201000214
vt 0.3725999892 0.6201000214
vt 0.4138999879 0.6201000214
vt 0.4289999902 0.6201000214
vt 0.4289999902 0.6211000085
vt 0.4138999879 0.6211000085
vt 0.7544000149 0.7526000142
vt 0.7695000172 0.7526000142
vt 0.7695000172 0.7536000013
vt 0.7544000149 0.7536000013
vt 0.6980000138 0.7526000142
vt 0.7131999731 0.7526000142
vt 0.7131999731 0.7536000013
vt 0.6980000138 0.7536000013
vt 0.6567999721 0.7536000013
vt 0.6416000128 0.7536000013
vt 0.6416000128 0.7526000142
vt 0.6567999721 0.7526000142
vt 0.7034000158 0.282099992
vt 0.7034000158 0.2725000083
vt 0.8004000187 0.2725000083
vt 0.8004000187 0.282099992
vt 0.08869999647 0.8015999794
vt 0.08869999647 0.7919999957
vt 0.1855999976 0.7919999957
vt 0.1855999976 0.8015999794
vt 0.8608999848 0.1339000016
vt 0.8608999848 0.1433999985
vt 0.763899982 0.1433999985
vt 0.763899982 0.1339000016
vt 0.7651000023 0.7055000067
vt 0.8619999886 0.7055000067
vt 0.8619999886 0.7089999914
vt 0.7651000023 0.7089999914
vt 0.6444000006 0.7488999963
vt 0.6539999843 0.7488999963
vt 0.7651000023 0.7386999726
vt 0.8619999886 0.7386999726
vt 0.8619999886 0.742299974
vt 0.7651000023 0.742299974
vt 0.704400003 0.6931999922
vt 0.6948000193 0.6931999922
vt 0.7285000086 0.3384000063
vt 0.8253999949 0.3384000063
vt 0.8253999949 0.341899991
vt 0.7285000086 0.341899991
vt 0.7008000016 0.7488999963
vt 0.7103999853 0.7488999963
vt 0.7655000091 0.7171999812
vt 0.8625000119 0.7171999812
vt 0.8625000119 0.7207999825
vt 0.7655000091 0.7207999825
vt 0.760800004 0.6931999922
vt 0.7512000203 0.6931999922
vt 0.7655000091 0.7285000086
vt 0.8625000119 0.7285000086
vt 0.8625000119 0.7319999933
vt 0.7655000091 0.7319999933
vt 0.8172000051 0.6931999922
vt 0.8076000214 0.6931999922
vt 0.7646999955 0.6578000188
vt 0.8615999818 0.6578000188
vt 0.8615999818 0.6613000035
vt 0.7646999955 0.6613000035
vt 0.7572000027 0.7488999963
vt 0.7667000294 0.7488999963
vt 0.8529000282 0.689899981
vt 0.8205000162 0.689899981
vt 0.779399991 0.4963000119
vt 0.8762999773 0.4963000119
vt 0.8762999773 0.4972000122
vt 0.779399991 0.4972000122
vt 0.7700999975 0.7522000074
vt 0.8025000095 0.7522000074
vt 0.7667000294 0.7483999729
vt 0.7695000172 0.7518000007
vt 0.7572000027 0.7483999729
vt 0.7544000149 0.7518000007
vt 0.7136999965 0.7522000074
vt 0.7538999915 0.7522000074
vt 0.7103999853 0.7483999729
vt 0.7131999731 0.7518000007
vt 0.7008000016 0.7483999729
vt 0.6980000138 0.7519000173
vt 0.6572999954 0.7522000074
vt 0.6974999905 0.7522000074
vt 0.6539999843 0.7483999729
vt 0.6567999721 0.7519000173
vt 0.6444000006 0.7483999729
vt 0.6416000128 0.7519000173
vt 0.6126999855 0.7522000074
vt 0.6409000158 0.7522000074
vt 0.7860000134 0.06750000268
vt 0.8828999996 0.06750000268
vt 0.8828999996 0.06830000132
vt 0.7860000134 0.06830000132
vt 0.6912999749 0.689899981
vt 0.6632000208 0.689899981
vt 0.6948000193 0.693599999
vt 0.6919999719 0.6901000142
vt 0.704400003 0.693599999
vt 0.7071999907 0.6901000142
vt 0.7479000092 0.689899981
vt 0.7077000141 0.689899981
vt 0.7512000203 0.693599999
vt 0.7483999729 0.6901000142
vt 0.760800004 0.693599999
vt 0.7635999918 0.6901999712
vt 0.8043000102 0.689899981
vt 0.7641000152 0.689899981
vt 0.8076000214 0.693599999
vt 0.804799974 0.6901999712
vt 0.8172000051 0.693599999
vt 0.8199999928 0.6901999712
vt 0.7285000086 0.3380999863
vt 0.8253999949 0.3380999863
vt 0.7655000091 0.7282000184
vt 0.8625000119 0.7282000184
vt 0.6978999972 0.2854000032
vt 0.601000011 0.2854000032
vt 0.7646999955 0.6575000286
vt 0.8615999818 0.6575000286
vt 0.8532999754 0.689899981
vt 0.8029000163 0.7522000074
vt 0.7651000023 0.7052000165
vt 0.8619999886 0.7052000165
vt 0.7655000091 0.7170000076
vt 0.8625000119 0.7170000076
vt 0.7010999918 0.3513000011
vt 0.7979999781 0.3513000011
vt 0.7651000023 0.738499999
vt 0.8619999886 0.738499999
vt 0.6123999953 0.7522000074
vt 0.662800014 0.689899981
# mm_gid 0
g mmGroup0
usemtl 12281_container
f 1/1/1 2/2/2 3/3/3 
f 123/134/123 1/1/1 3/3/3 
f 102/172/102 123/173/123 3/174/3 
f 102/172/102 3/174/3 99/175/99 
f 99/110/99 81/92/81 102/113/102 
f 102/113/102 81/92/81 80/91/80 
f 102/113/102 80/91/80 103/114/103 
f 102/113/102 103/114/103 104/115/104 
f 102/113/102 104/115/104 105/116/105 
f 120/156/120 102/158/102 105/159/105 
f 89/245/89 120/156/120 105/159/105 
f 89/245/89 105/159/105 86/246/86 
f 86/97/86 88/99/88 89/100/89 
f 89/220/89 88/221/88 121/132/121 
f 89/220/89 121/132/121 120/131/120 
f 120/131/120 121/132/121 122/133/122 
f 120/131/120 122/133/122 123/134/123 
f 120/156/120 123/157/123 102/158/102 
f 122/133/122 139/198/139 123/134/123 
f 123/134/123 139/198/139 1/1/1 
f 122/133/122 138/197/138 139/198/139 
f 63/74/63 138/197/138 122/133/122 
f 31/168/31 63/169/63 122/170/122 
f 31/168/31 122/170/122 103/171/103 
f 103/114/103 32/36/32 31/35/31 
f 30/34/30 31/35/31 32/36/32 
f 30/34/30 32/36/32 33/37/33 
f 71/82/71 30/34/30 33/37/33 
f 71/82/71 33/37/33 72/83/72 
f 70/81/70 71/82/71 72/83/72 
f 70/81/70 72/83/72 73/84/73 
f 67/78/67 70/81/70 73/84/73 
f 67/78/67 73/84/73 68/79/68 
f 66/77/66 67/78/67 68/79/68 
f 66/77/66 68/79/68 69/80/69 
f 66/77/66 69/80/69 131/184/131 
f 66/77/66 131/184/131 132/185/132 
f 106/117/106 66/77/66 132/185/132 
f 106/117/106 132/185/132 135/188/135 
f 106/117/106 135/188/135 134/203/134 
f 106/117/106 134/203/134 93/228/93 
f 93/228/93 107/118/107 106/117/106 
f 106/117/106 107/118/107 67/78/67 
f 106/117/106 67/78/67 66/77/66 
f 130/180/130 67/182/67 107/183/107 
f 91/247/91 130/180/130 107/183/107 
f 91/247/91 107/183/107 92/248/92 
f 90/101/90 91/102/91 92/103/92 
f 90/101/90 92/103/92 93/104/93 
f 133/186/133 90/101/90 93/104/93 
f 133/186/133 93/104/93 134/187/134 
f 50/55/50 133/186/133 134/187/134 
f 50/55/50 134/187/134 51/56/51 
f 48/53/48 50/55/50 51/56/51 
f 48/201/48 51/202/51 53/61/53 
f 48/201/48 53/61/53 52/60/52 
f 48/231/48 52/58/52 22/57/22 
f 48/231/48 22/57/22 49/232/49 
f 48/53/48 49/54/49 50/55/50 
f 50/210/50 49/211/49 22/26/22 
f 50/210/50 22/26/22 127/177/127 
f 127/177/127 133/230/133 50/210/50 
f 127/177/127 129/179/129 133/230/133 
f 136/190/136 133/230/133 129/179/129 
f 129/179/129 113/124/113 136/190/136 
f 130/189/130 136/190/136 113/124/113 
f 130/189/130 113/124/113 112/123/112 
f 130/180/130 112/181/112 67/182/67 
f 67/160/67 112/161/112 117/162/117 
f 67/160/67 117/162/117 70/163/70 
f 117/235/117 109/139/109 70/236/70 
f 108/119/108 70/81/70 109/120/109 
f 97/212/97 108/119/108 109/120/109 
f 125/136/125 97/138/97 109/139/109 
f 117/235/117 125/136/125 109/139/109 
f 125/195/125 117/128/117 116/127/116 
f 125/195/125 116/127/116 137/196/137 
f 95/224/95 125/195/125 137/196/137 
f 95/249/95 137/191/137 108/194/108 
f 95/249/95 108/194/108 96/250/96 
f 94/105/94 95/106/95 96/107/96 
f 94/105/94 96/107/96 97/108/97 
f 125/136/125 94/137/94 97/138/97 
f 95/224/95 94/225/94 125/195/125 
f 97/212/97 96/213/96 108/119/108 
f 137/191/137 71/193/71 108/194/108 
f 108/119/108 71/82/71 70/81/70 
f 137/191/137 116/192/116 71/193/71 
f 71/164/71 116/165/116 62/166/62 
f 71/164/71 62/166/62 30/167/30 
f 62/237/62 55/143/55 30/238/30 
f 31/35/31 30/34/30 55/63/55 
f 31/35/31 55/63/55 56/64/56 
f 64/148/64 31/150/31 56/151/56 
f 47/241/47 64/148/64 56/151/56 
f 47/241/47 56/151/56 44/242/44 
f 44/49/44 46/51/46 47/52/47 
f 47/222/47 46/223/46 65/76/65 
f 47/222/47 65/76/65 64/75/64 
f 62/73/62 64/75/64 65/76/65 
f 62/237/62 65/140/65 55/143/55 
f 65/140/65 45/142/45 55/143/55 
f 45/214/45 56/64/56 55/63/55 
f 45/214/45 44/215/44 56/64/56 
f 44/49/44 45/50/45 46/51/46 
f 65/140/65 46/141/46 45/142/45 
f 62/73/62 63/74/63 64/75/64 
f 64/148/64 63/149/63 31/150/31 
f 62/73/62 141/200/141 63/74/63 
f 63/74/63 141/200/141 138/197/138 
f 62/73/62 140/199/140 141/200/141 
f 116/127/116 140/199/140 62/73/62 
f 116/127/116 115/126/115 140/199/140 
f 114/125/114 115/126/115 116/127/116 
f 114/125/114 116/127/116 117/128/117 
f 112/123/112 114/125/114 117/128/117 
f 112/123/112 111/122/111 114/125/114 
f 110/121/110 111/122/111 112/123/112 
f 110/121/110 112/123/112 113/124/113 
f 110/121/110 113/124/113 128/178/128 
f 110/121/110 128/178/128 126/176/126 
f 126/322/126 172/323/172 110/324/110 
f 172/870/172 464/872/464 110/873/110 
f 172/870/172 463/871/463 464/872/464 
f 288/874/288 463/871/463 172/870/172 
f 307/665/307 288/666/288 172/323/172 
f 307/665/307 172/323/172 171/321/171 
f 9/664/9 307/665/307 171/321/171 
f 9/664/9 171/321/171 170/320/170 
f 23/27/23 9/804/9 170/802/170 
f 17/17/17 23/27/23 170/802/170 
f 17/17/17 170/802/170 21/803/21 
f 18/23/18 17/24/17 21/25/21 
f 21/25/21 22/26/22 18/23/18 
f 16/16/16 18/18/18 22/57/22 
f 16/16/16 22/57/22 52/58/52 
f 16/59/16 52/60/52 53/61/53 
f 16/59/16 53/61/53 54/62/54 
f 54/278/54 163/279/163 16/280/16 
f 16/281/16 163/274/163 162/273/162 
f 16/281/16 162/273/162 43/282/43 
f 43/48/43 17/17/17 16/16/16 
f 16/16/16 17/17/17 18/18/18 
f 43/48/43 24/28/24 17/17/17 
f 23/27/23 17/17/17 24/28/24 
f 23/27/23 24/28/24 25/29/25 
f 23/27/23 25/29/25 203/378/203 
f 23/27/23 203/378/203 19/21/19 
f 23/27/23 19/21/19 9/804/9 
f 9/9/9 19/19/19 7/7/7 
f 7/7/7 8/8/8 9/9/9 
f 307/528/307 9/9/9 8/8/8 
f 307/528/307 8/8/8 304/525/304 
f 304/525/304 306/527/306 307/528/307 
f 288/470/288 307/528/307 306/527/306 
f 288/470/288 306/527/306 289/471/289 
f 288/470/288 289/471/289 290/472/290 
f 288/470/288 290/472/290 291/473/291 
f 290/472/290 292/474/292 291/473/291 
f 290/472/290 293/475/293 292/474/292 
f 292/474/292 293/475/293 294/476/294 
f 292/474/292 294/476/294 295/477/295 
f 294/476/294 319/549/319 295/477/295 
f 294/476/294 240/422/240 319/549/319 
f 240/422/240 318/548/318 319/549/319 
f 240/422/240 243/425/243 318/548/318 
f 243/425/243 317/547/317 318/548/318 
f 243/425/243 300/482/300 317/547/317 
f 300/482/300 316/546/316 317/547/317 
f 300/482/300 299/481/299 316/546/316 
f 299/481/299 10/10/10 316/546/316 
f 299/481/299 11/11/11 10/10/10 
f 10/10/10 11/11/11 12/12/12 
f 296/478/296 12/12/12 11/11/11 
f 296/478/296 11/11/11 297/479/297 
f 261/557/261 296/478/296 297/479/297 
f 261/557/261 297/479/297 262/558/262 
f 260/442/260 261/443/261 262/444/262 
f 260/442/260 262/444/262 263/445/263 
f 263/567/263 277/459/277 260/568/260 
f 260/568/260 277/459/277 235/414/235 
f 260/568/260 235/414/235 215/554/215 
f 261/443/261 260/442/260 215/390/215 
f 261/443/261 215/390/215 214/389/214 
f 296/478/296 261/557/261 214/555/214 
f 296/478/296 214/555/214 239/419/239 
f 12/12/12 296/478/296 239/419/239 
f 12/12/12 239/419/239 238/418/238 
f 12/676/12 238/672/238 349/671/349 
f 12/676/12 349/671/349 351/677/351 
f 353/679/353 351/677/351 349/671/349 
f 367/703/367 353/679/353 349/671/349 
f 367/703/367 349/671/349 365/698/365 
f 357/683/357 367/709/367 365/691/365 
f 364/690/364 357/683/357 365/691/365 
f 365/698/365 350/674/350 364/699/364 
f 322/711/322 364/690/364 350/715/350 
f 218/394/218 322/602/322 350/675/350 
f 349/671/349 218/673/218 350/674/350 
f 365/698/365 349/671/349 350/674/350 
f 349/671/349 238/672/238 218/673/218 
f 238/418/238 237/420/237 218/421/218 
f 218/394/218 237/416/237 15/417/15 
f 218/394/218 15/417/15 14/391/14 
f 14/391/14 217/393/217 218/394/218 
f 218/394/218 217/393/217 322/602/322 
f 320/600/320 322/602/322 217/393/217 
f 330/612/330 320/600/320 217/393/217 
f 330/612/330 217/393/217 216/392/216 
f 330/642/330 216/643/216 207/382/207 
f 330/642/330 207/382/207 206/381/206 
f 330/642/330 206/381/206 416/841/416 
f 330/642/330 416/841/416 419/842/419 
f 320/847/320 330/848/330 419/767/419 
f 320/847/320 419/767/419 424/774/424 
f 321/846/321 320/847/320 424/774/424 
f 321/846/321 424/774/424 427/777/427 
f 424/774/424 426/776/426 427/777/427 
f 424/774/424 425/775/425 426/776/426 
f 419/767/419 425/775/425 424/774/424 
f 419/767/419 418/766/418 425/775/425 
f 416/764/416 418/766/418 419/767/419 
f 416/764/416 417/765/417 418/766/418 
f 448/798/448 417/800/417 416/801/416 
f 206/381/206 448/859/448 416/841/416 
f 206/381/206 205/380/205 448/859/448 
f 205/380/205 443/856/443 448/859/448 
f 443/793/443 449/799/449 448/798/448 
f 448/798/448 449/799/449 417/800/417 
f 443/793/443 442/792/442 449/799/449 
f 440/790/440 442/792/442 443/793/443 
f 253/435/253 440/855/440 443/856/443 
f 205/380/205 253/435/253 443/856/443 
f 254/436/254 253/435/253 205/380/205 
f 254/436/254 205/380/205 204/379/204 
f 276/458/276 254/436/254 204/379/204 
f 276/458/276 204/379/204 236/415/236 
f 277/459/277 276/458/276 236/415/236 
f 277/459/277 236/415/236 235/414/235 
f 13/13/13 235/414/235 236/415/236 
f 13/644/13 236/645/236 323/646/323 
f 13/644/13 323/646/323 326/647/326 
f 207/656/207 13/657/13 326/658/326 
f 207/656/207 326/658/326 325/659/325 
f 204/652/204 207/653/207 325/654/325 
f 204/652/204 325/654/325 324/655/324 
f 236/648/236 204/649/204 324/650/324 
f 236/648/236 324/650/324 323/651/323 
f 323/603/323 324/604/324 325/605/325 
f 323/603/323 325/605/325 326/606/326 
f 204/379/204 206/381/206 207/382/207 
f 204/379/204 205/380/205 206/381/206 
f 216/643/216 13/13/13 207/382/207 
f 216/643/216 14/14/14 13/13/13 
f 13/13/13 14/14/14 15/15/15 
f 13/13/13 15/15/15 235/414/235 
f 15/15/15 215/554/215 235/414/235 
f 15/15/15 212/553/212 215/554/215 
f 212/387/212 214/389/214 215/390/215 
f 212/387/212 213/388/213 214/389/214 
f 239/419/239 214/555/214 213/556/213 
f 239/419/239 213/556/213 237/420/237 
f 238/418/238 239/419/239 237/420/237 
f 213/582/213 15/417/15 237/416/237 
f 213/582/213 212/583/212 15/417/15 
f 14/391/14 216/392/216 217/393/217 
f 276/458/276 277/459/277 278/460/278 
f 276/458/276 278/460/278 279/461/279 
f 276/458/276 279/461/279 255/437/255 
f 276/458/276 255/437/255 254/436/254 
f 252/434/252 254/436/254 255/437/255 
f 252/434/252 255/437/255 257/439/257 
f 252/434/252 257/439/257 256/438/256 
f 252/434/252 256/438/256 439/854/439 
f 252/434/252 439/854/439 440/855/440 
f 253/435/253 252/434/252 440/855/440 
f 252/434/252 253/435/253 254/436/254 
f 439/789/439 441/791/441 440/790/440 
f 440/790/440 441/791/441 442/792/442 
f 439/789/439 438/788/438 441/791/441 
f 436/786/436 438/788/438 439/789/439 
f 256/438/256 436/853/436 439/854/439 
f 256/438/256 259/441/259 436/853/436 
f 259/441/259 435/852/435 436/853/436 
f 435/785/435 437/787/437 436/786/436 
f 436/786/436 437/787/437 438/788/438 
f 435/785/435 434/784/434 437/787/437 
f 432/782/432 434/784/434 435/785/435 
f 302/484/302 432/851/432 435/852/435 
f 259/441/259 302/484/302 435/852/435 
f 259/441/259 210/385/210 302/484/302 
f 327/607/327 302/484/302 210/385/210 
f 327/607/327 210/385/210 209/384/209 
f 334/616/334 327/607/327 209/384/209 
f 334/616/334 209/384/209 250/432/250 
f 333/615/333 334/616/334 250/432/250 
f 333/615/333 250/432/250 249/431/249 
f 332/614/332 333/615/333 249/431/249 
f 332/614/332 249/431/249 246/428/246 
f 245/427/245 332/614/332 246/428/246 
f 244/426/244 245/427/245 246/428/246 
f 244/426/244 246/428/246 247/429/247 
f 284/466/284 244/426/244 247/429/247 
f 284/466/284 247/429/247 285/467/285 
f 269/577/269 284/466/284 285/467/285 
f 269/577/269 285/467/285 270/578/270 
f 268/450/268 269/451/269 270/452/270 
f 268/450/268 270/452/270 271/453/271 
f 271/575/271 314/539/314 268/576/268 
f 314/539/314 311/579/311 268/576/268 
f 311/535/311 269/451/269 268/450/268 
f 311/535/311 312/536/312 269/451/269 
f 284/466/284 269/577/269 312/552/312 
f 284/466/284 312/552/312 313/537/313 
f 284/466/284 313/537/313 309/533/309 
f 284/466/284 309/533/309 244/426/244 
f 244/426/244 309/533/309 310/534/310 
f 244/426/244 310/534/310 245/427/245 
f 331/613/331 245/427/245 310/534/310 
f 331/613/331 310/534/310 335/617/335 
f 331/613/331 335/617/335 423/844/423 
f 331/613/331 423/844/423 446/858/446 
f 332/614/332 331/613/331 446/858/446 
f 332/614/332 446/858/446 444/857/444 
f 333/615/333 332/614/332 444/857/444 
f 333/615/333 444/857/444 428/849/428 
f 334/616/334 333/615/333 428/849/428 
f 334/616/334 428/849/428 431/850/431 
f 327/607/327 334/616/334 431/850/431 
f 327/607/327 431/850/431 432/851/432 
f 302/484/302 327/607/327 432/851/432 
f 431/781/431 433/783/433 432/782/432 
f 432/782/432 433/783/433 434/784/434 
f 431/781/431 430/780/430 433/783/433 
f 428/778/428 430/780/430 431/781/431 
f 428/778/428 429/779/429 430/780/430 
f 444/794/444 429/779/429 428/778/428 
f 444/794/444 445/795/445 429/779/429 
f 446/796/446 445/795/445 444/794/444 
f 446/796/446 447/797/447 445/795/445 
f 423/771/423 447/797/447 446/796/446 
f 423/771/423 422/770/422 447/797/447 
f 420/768/420 422/770/422 423/771/423 
f 335/617/335 420/843/420 423/844/423 
f 335/617/335 328/609/328 420/843/420 
f 328/609/328 415/845/415 420/843/420 
f 415/772/415 421/769/421 420/768/420 
f 420/768/420 421/769/421 422/770/422 
f 415/772/415 414/773/414 421/769/421 
f 412/760/412 414/762/414 415/763/415 
f 219/395/219 412/839/412 415/840/415 
f 328/609/328 219/608/219 415/845/415 
f 219/608/219 328/609/328 329/610/329 
f 219/608/219 329/610/329 220/611/220 
f 219/395/219 220/396/220 203/378/203 
f 219/395/219 203/378/203 221/397/221 
f 219/395/219 221/397/221 412/839/412 
f 221/397/221 411/826/411 412/839/412 
f 411/759/411 413/761/413 412/760/412 
f 412/760/412 413/761/413 414/762/414 
f 411/759/411 410/758/410 413/761/413 
f 375/719/375 410/758/410 411/759/411 
f 173/325/173 375/806/375 411/826/411 
f 221/397/221 173/325/173 411/826/411 
f 221/397/221 25/29/25 173/325/173 
f 42/47/42 173/325/173 25/29/25 
f 42/47/42 25/29/25 24/28/24 
f 41/46/41 42/47/42 24/28/24 
f 41/46/41 24/28/24 43/48/43 
f 41/259/41 43/260/43 150/261/150 
f 41/259/41 150/261/150 151/262/151 
f 41/259/41 151/262/151 383/810/383 
f 41/259/41 383/810/383 372/811/372 
f 42/47/42 41/46/41 372/805/372 
f 42/47/42 372/805/372 375/806/375 
f 173/325/173 42/47/42 375/806/375 
f 372/716/372 374/718/374 375/719/375 
f 375/719/375 374/718/374 410/758/410 
f 372/716/372 373/717/373 374/718/374 
f 383/727/383 373/728/373 372/729/372 
f 383/727/383 382/726/382 373/728/373 
f 380/724/380 382/726/382 383/727/383 
f 151/262/151 380/809/380 383/810/383 
f 151/262/151 157/268/157 380/809/380 
f 157/268/157 407/824/407 380/809/380 
f 407/753/407 381/725/381 380/724/380 
f 380/724/380 381/725/381 382/726/382 
f 407/753/407 406/752/406 381/725/381 
f 405/751/405 406/752/406 407/753/407 
f 154/265/154 405/823/405 407/824/407 
f 157/268/157 154/265/154 407/824/407 
f 154/265/154 157/268/157 131/184/131 
f 154/265/154 131/184/131 69/80/69 
f 69/80/69 153/264/153 154/265/154 
f 154/265/154 153/264/153 405/823/405 
f 153/264/153 391/816/391 405/823/405 
f 391/737/391 404/750/404 405/751/405 
f 405/751/405 404/750/404 406/752/406 
f 391/737/391 390/736/390 404/750/404 
f 388/734/388 390/736/390 391/737/391 
f 155/266/155 388/815/388 391/816/391 
f 153/264/153 155/266/155 391/816/391 
f 153/264/153 73/84/73 155/266/155 
f 155/266/155 73/84/73 72/83/72 
f 155/266/155 72/83/72 156/267/156 
f 155/266/155 156/267/156 388/815/388 
f 156/267/156 395/818/395 388/815/388 
f 395/741/395 389/735/389 388/734/388 
f 388/734/388 389/735/389 390/736/390 
f 395/741/395 394/740/394 389/735/389 
f 392/738/392 394/740/394 395/741/395 
f 149/258/149 392/817/392 395/818/395 
f 156/267/156 149/258/149 395/818/395 
f 156/267/156 33/37/33 149/258/149 
f 149/258/149 33/37/33 32/36/32 
f 149/258/149 32/36/32 124/135/124 
f 149/258/149 124/135/124 392/817/392 
f 124/135/124 399/820/399 392/817/392 
f 399/745/399 393/739/393 392/738/392 
f 392/738/392 393/739/393 394/740/394 
f 399/745/399 398/744/398 393/739/393 
f 396/742/396 398/744/398 399/745/399 
f 79/90/79 396/819/396 399/820/399 
f 124/135/124 79/90/79 399/820/399 
f 79/90/79 124/135/124 32/36/32 
f 79/90/79 32/36/32 80/91/80 
f 78/89/78 79/90/79 80/91/80 
f 78/89/78 80/91/80 81/92/81 
f 74/85/74 78/89/78 81/92/81 
f 74/85/74 81/92/81 75/86/75 
f 74/85/74 75/86/75 76/87/76 
f 74/85/74 76/87/76 77/88/77 
f 74/85/74 77/88/77 400/821/400 
f 74/85/74 400/821/400 403/822/403 
f 78/89/78 74/85/74 403/822/403 
f 78/89/78 403/822/403 396/819/396 
f 79/90/79 78/89/78 396/819/396 
f 403/749/403 397/743/397 396/742/396 
f 396/742/396 397/743/397 398/744/398 
f 403/749/403 402/748/402 397/743/397 
f 400/746/400 402/748/402 403/749/403 
f 400/746/400 401/747/401 402/748/402 
f 409/757/409 401/747/401 400/746/400 
f 77/88/77 409/825/409 400/821/400 
f 77/88/77 29/33/29 409/825/409 
f 29/33/29 379/808/379 409/825/409 
f 379/754/379 408/756/408 409/757/409 
f 409/757/409 408/756/408 401/747/401 
f 379/754/379 378/755/378 408/756/408 
f 376/720/376 378/722/378 379/723/379 
f 28/32/28 376/807/376 379/808/379 
f 29/33/29 28/32/28 379/808/379 
f 26/30/26 28/32/28 29/33/29 
f 76/87/76 26/30/26 29/33/29 
f 76/87/76 29/33/29 77/88/77 
f 98/109/98 26/30/26 76/87/76 
f 98/109/98 76/87/76 75/86/75 
f 98/109/98 75/86/75 99/110/99 
f 98/109/98 99/110/99 100/111/100 
f 98/109/98 100/111/100 101/112/101 
f 101/112/101 57/65/57 98/109/98 
f 98/109/98 57/65/57 26/30/26 
f 57/299/57 148/301/148 26/302/26 
f 26/303/26 148/304/148 147/305/147 
f 26/303/26 147/305/147 27/306/27 
f 26/30/26 27/31/27 28/32/28 
f 152/293/152 28/32/28 27/31/27 
f 152/293/152 27/31/27 40/294/40 
f 152/263/152 40/45/40 39/44/39 
f 152/263/152 39/44/39 142/251/142 
f 152/263/152 142/251/142 387/813/387 
f 152/263/152 387/813/387 376/814/376 
f 28/32/28 152/293/152 376/807/376 
f 387/733/387 377/721/377 376/720/376 
f 376/720/376 377/721/377 378/722/378 
f 387/733/387 386/732/386 377/721/377 
f 384/730/384 386/732/386 387/733/387 
f 142/251/142 384/812/384 387/813/387 
f 142/251/142 144/253/144 384/812/384 
f 142/251/142 143/252/143 144/253/144 
f 144/253/144 143/252/143 184/372/184 
f 144/253/144 184/372/184 187/373/187 
f 184/340/184 186/342/186 187/343/187 
f 184/340/184 185/341/185 186/342/186 
f 186/342/186 185/341/185 198/368/198 
f 186/342/186 198/368/198 201/369/201 
f 186/342/186 201/369/201 455/836/455 
f 186/342/186 455/836/455 456/837/456 
f 201/357/201 454/833/454 455/834/455 
f 201/357/201 200/356/200 454/833/454 
f 200/371/200 453/832/453 454/835/454 
f 200/371/200 193/349/193 453/832/453 
f 193/349/193 452/831/452 453/832/453 
f 193/349/193 192/348/192 452/831/452 
f 192/348/192 451/838/451 452/831/452 
f 192/348/192 178/375/178 451/838/451 
f 178/827/178 450/829/450 451/830/451 
f 178/827/178 177/828/177 450/829/450 
f 177/828/177 457/861/457 450/829/450 
f 177/828/177 348/860/348 457/861/457 
f 348/714/348 459/863/459 457/869/457 
f 348/714/348 362/688/362 459/863/459 
f 362/688/362 458/862/458 459/863/459 
f 362/688/362 363/689/363 458/862/458 
f 363/689/363 461/866/461 458/862/458 
f 363/689/363 371/708/371 461/866/461 
f 371/697/371 460/864/460 461/865/461 
f 371/697/371 370/696/370 460/864/460 
f 370/704/370 462/867/462 460/868/460 
f 370/704/370 356/682/356 462/867/462 
f 356/682/356 370/704/370 368/705/368 
f 356/682/356 368/705/368 357/683/357 
f 354/680/354 356/682/356 357/683/357 
f 364/690/364 354/680/354 357/683/357 
f 322/711/322 354/680/354 364/690/364 
f 321/710/321 354/680/354 322/711/322 
f 320/600/320 321/601/321 322/602/322 
f 321/710/321 355/681/355 354/680/354 
f 354/680/354 355/681/355 356/682/356 
f 357/683/357 368/705/368 367/709/367 
f 366/692/366 367/693/367 368/694/368 
f 366/692/366 368/694/368 369/695/369 
f 360/686/360 366/706/366 369/707/369 
f 360/686/360 369/707/369 361/687/361 
f 358/684/358 360/686/360 361/687/361 
f 362/688/362 358/684/358 361/687/361 
f 362/688/362 361/687/361 363/689/363 
f 361/687/361 371/708/371 363/689/363 
f 361/687/361 369/707/369 371/708/371 
f 369/695/369 370/696/370 371/697/371 
f 369/695/369 368/694/368 370/696/370 
f 344/713/344 358/684/358 362/688/362 
f 344/713/344 362/688/362 348/714/348 
f 177/329/177 344/663/344 348/670/348 
f 177/329/177 168/317/168 344/663/344 
f 343/662/343 344/663/344 168/317/168 
f 343/662/343 168/317/168 165/316/165 
f 164/311/164 343/661/343 165/312/165 
f 164/311/164 165/312/165 166/313/166 
f 164/311/164 166/313/166 167/314/167 
f 164/311/164 167/314/167 174/326/174 
f 164/311/164 174/326/174 202/377/202 
f 164/311/164 202/377/202 345/667/345 
f 164/311/164 345/667/345 342/660/342 
f 164/311/164 342/660/342 343/661/343 
f 343/661/343 342/660/342 360/700/360 
f 343/661/343 360/700/360 359/701/359 
f 343/712/343 359/685/359 358/684/358 
f 343/712/343 358/684/358 344/713/344 
f 358/684/358 359/685/359 360/686/360 
f 360/700/360 342/660/342 347/669/347 
f 360/700/360 347/669/347 366/702/366 
f 366/702/366 347/669/347 353/679/353 
f 366/702/366 353/679/353 367/703/367 
f 346/668/346 353/679/353 347/669/347 
f 345/667/345 346/668/346 347/669/347 
f 345/667/345 347/669/347 342/660/342 
f 346/668/346 352/678/352 353/679/353 
f 353/679/353 352/678/352 351/677/351 
f 174/326/174 167/314/167 175/327/175 
f 174/326/174 175/327/175 176/328/176 
f 176/328/176 175/327/175 182/338/182 
f 176/328/176 182/338/182 183/339/183 
f 182/338/182 181/337/181 183/339/183 
f 182/338/182 179/331/179 181/337/181 
f 2/336/2 181/337/181 179/331/179 
f 2/336/2 179/331/179 60/334/60 
f 2/2/2 60/69/60 61/72/61 
f 2/2/2 61/72/61 118/129/118 
f 118/129/118 3/3/3 2/2/2 
f 118/129/118 119/130/119 3/3/3 
f 3/243/3 119/152/119 100/155/100 
f 3/243/3 100/155/100 99/244/99 
f 119/152/119 83/154/83 100/155/100 
f 83/94/83 101/218/101 100/219/100 
f 83/94/83 82/93/82 101/218/101 
f 82/93/82 58/205/58 101/218/101 
f 101/112/101 58/66/58 57/65/57 
f 4/4/4 57/65/57 58/66/58 
f 4/4/4 58/66/58 5/5/5 
f 4/4/4 5/5/5 6/6/6 
f 40/294/40 4/4/4 6/6/6 
f 6/42/6 39/44/39 40/45/40 
f 6/42/6 38/43/38 39/44/39 
f 38/43/38 143/252/143 39/44/39 
f 142/251/142 39/44/39 143/252/143 
f 38/43/38 180/335/180 143/252/143 
f 143/252/143 180/335/180 194/376/194 
f 143/252/143 194/376/194 184/372/184 
f 194/350/194 185/341/185 184/340/184 
f 194/350/194 195/351/195 185/341/185 
f 185/341/185 195/351/195 199/364/199 
f 185/341/185 199/364/199 198/368/198 
f 196/352/196 198/354/198 199/355/199 
f 196/352/196 199/355/199 182/362/182 
f 196/352/196 182/362/182 175/363/175 
f 190/346/190 196/366/196 175/367/175 
f 190/346/190 175/367/175 167/361/167 
f 166/360/166 190/346/190 167/361/167 
f 166/360/166 191/347/191 190/346/190 
f 188/344/188 190/346/190 191/347/191 
f 166/360/166 188/344/188 191/347/191 
f 166/360/166 169/374/169 188/344/188 
f 169/374/169 192/348/192 188/344/188 
f 192/348/192 189/345/189 188/344/188 
f 188/344/188 189/345/189 190/346/190 
f 190/346/190 189/345/189 197/370/197 
f 190/346/190 197/370/197 196/366/196 
f 196/352/196 197/353/197 198/354/198 
f 197/353/197 201/357/201 198/354/198 
f 197/353/197 200/356/200 201/357/201 
f 189/345/189 200/371/200 197/370/197 
f 189/345/189 193/349/193 200/371/200 
f 192/348/192 193/349/193 189/345/189 
f 169/374/169 178/375/178 192/348/192 
f 177/329/177 178/330/178 169/318/169 
f 177/329/177 169/318/169 168/317/168 
f 166/315/166 168/317/168 169/318/169 
f 166/315/166 165/316/165 168/317/168 
f 199/364/199 179/359/179 182/365/182 
f 199/364/199 195/351/195 179/359/179 
f 195/351/195 180/358/180 179/359/179 
f 179/331/179 180/332/180 38/333/38 
f 179/331/179 38/333/38 60/334/60 
f 60/69/60 38/70/38 59/71/59 
f 60/69/60 59/71/59 61/72/61 
f 61/206/61 59/207/59 37/41/37 
f 61/206/61 37/41/37 36/40/36 
f 118/209/118 61/206/61 36/40/36 
f 118/209/118 36/40/36 85/96/85 
f 85/96/85 119/208/119 118/209/118 
f 85/96/85 84/95/84 119/208/119 
f 119/152/119 84/153/84 83/154/83 
f 82/93/82 83/94/83 84/95/84 
f 82/93/82 84/95/84 85/96/85 
f 85/96/85 35/39/35 82/93/82 
f 82/93/82 35/39/35 58/205/58 
f 5/204/5 58/205/58 35/39/35 
f 5/204/5 35/39/35 34/38/34 
f 37/233/37 5/67/5 34/234/34 
f 34/38/34 36/40/36 37/41/37 
f 34/38/34 35/39/35 36/40/36 
f 85/96/85 36/40/36 35/39/35 
f 37/233/37 59/68/59 5/67/5 
f 38/43/38 5/67/5 59/68/59 
f 38/43/38 6/42/6 5/67/5 
f 195/351/195 194/350/194 180/358/180 
f 40/294/40 27/31/27 4/4/4 
f 27/307/27 146/309/146 4/310/4 
f 4/295/4 146/296/146 145/297/145 
f 4/295/4 145/297/145 57/298/57 
f 57/299/57 145/300/145 148/301/148 
f 145/254/145 147/256/147 148/257/148 
f 145/254/145 146/255/146 147/256/147 
f 27/307/27 147/308/147 146/309/146 
f 384/730/384 385/731/385 386/732/386 
f 99/110/99 75/86/75 81/92/81 
f 103/114/103 80/91/80 32/36/32 
f 156/267/156 72/83/72 33/37/33 
f 153/264/153 68/79/68 73/84/73 
f 69/80/69 68/79/68 153/264/153 
f 151/262/151 131/184/131 157/268/157 
f 151/262/151 150/261/150 131/184/131 
f 150/286/150 160/287/160 131/288/131 
f 131/289/131 160/290/160 159/291/159 
f 131/289/131 159/291/159 132/292/132 
f 132/275/132 159/276/159 158/277/158 
f 132/275/132 158/277/158 54/278/54 
f 135/188/135 132/185/132 54/62/54 
f 135/188/135 54/62/54 53/61/53 
f 53/61/53 134/203/134 135/188/135 
f 53/61/53 51/202/51 134/203/134 
f 54/278/54 158/277/158 163/279/163 
f 158/269/158 162/273/162 163/274/163 
f 158/269/158 161/272/161 162/273/162 
f 43/283/43 162/284/162 161/285/161 
f 43/283/43 161/285/161 150/286/150 
f 150/286/150 161/285/161 160/287/160 
f 158/269/158 160/271/160 161/272/161 
f 158/269/158 159/270/159 160/271/160 
f 221/397/221 203/378/203 25/29/25 
f 203/378/203 220/396/220 20/22/20 
f 203/378/203 20/22/20 19/21/19 
f 7/20/7 19/21/19 20/22/20 
f 8/406/8 7/20/7 20/22/20 
f 8/406/8 20/22/20 230/407/230 
f 226/580/226 8/406/8 230/407/230 
f 226/550/226 230/411/230 232/410/232 
f 226/550/226 232/410/232 227/551/227 
f 226/402/226 227/403/227 228/404/228 
f 226/402/226 228/404/228 229/405/229 
f 226/580/226 229/581/229 8/406/8 
f 228/559/228 8/8/8 229/560/229 
f 228/559/228 304/525/304 8/8/8 
f 304/525/304 228/559/228 311/579/311 
f 304/525/304 311/579/311 305/526/305 
f 304/525/304 305/526/305 306/527/306 
f 305/526/305 289/471/289 306/527/306 
f 305/526/305 314/539/314 289/471/289 
f 308/538/308 289/471/289 314/539/314 
f 271/575/271 308/538/308 314/539/314 
f 271/596/271 285/530/285 308/529/308 
f 308/529/308 285/530/285 247/531/247 
f 308/529/308 247/531/247 290/532/290 
f 308/538/308 290/472/290 289/471/289 
f 247/509/247 293/511/293 290/512/290 
f 247/509/247 248/510/248 293/511/293 
f 293/584/293 248/585/248 287/486/287 
f 293/584/293 287/486/287 303/485/303 
f 303/544/303 294/476/294 293/475/293 
f 303/544/303 315/545/315 294/476/294 
f 315/540/315 251/542/251 294/543/294 
f 251/513/251 240/515/240 294/516/294 
f 251/513/251 208/514/208 240/515/240 
f 240/586/240 208/587/208 234/490/234 
f 240/586/240 234/490/234 241/489/241 
f 240/422/240 241/423/241 242/424/242 
f 240/422/240 242/424/242 243/425/243 
f 242/497/242 211/499/211 243/500/243 
f 211/517/211 300/519/300 243/520/243 
f 211/517/211 283/518/283 300/519/300 
f 300/588/300 283/589/283 282/494/282 
f 300/588/300 282/494/282 301/493/301 
f 298/480/298 300/482/300 301/483/301 
f 265/569/265 298/480/298 301/483/301 
f 265/569/265 301/483/301 266/570/266 
f 264/446/264 265/447/265 266/448/266 
f 264/446/264 266/448/266 267/449/267 
f 267/565/267 281/463/281 264/566/264 
f 265/594/265 264/595/264 281/506/281 
f 265/594/265 281/506/281 298/505/298 
f 298/505/298 281/506/281 280/507/280 
f 298/505/298 280/507/280 299/508/299 
f 298/480/298 299/481/299 300/482/300 
f 280/521/280 11/523/11 299/524/299 
f 280/521/280 279/522/279 11/523/11 
f 11/592/11 279/593/279 278/502/278 
f 11/592/11 278/502/278 297/501/297 
f 297/501/297 278/502/278 263/503/263 
f 297/501/297 263/503/263 262/504/262 
f 263/567/263 278/460/278 277/459/277 
f 279/461/279 280/462/280 257/439/257 
f 279/461/279 257/439/257 255/437/255 
f 280/462/280 258/440/258 257/439/257 
f 256/438/256 257/439/257 258/440/258 
f 256/438/256 258/440/258 259/441/259 
f 259/441/259 258/440/258 210/385/210 
f 283/465/283 210/385/210 258/440/258 
f 280/462/280 283/465/283 258/440/258 
f 280/462/280 282/464/282 283/465/283 
f 280/462/280 281/463/281 282/464/282 
f 267/565/267 282/464/282 281/463/281 
f 301/493/301 282/494/282 267/495/267 
f 301/493/301 267/495/267 266/496/266 
f 283/465/283 211/386/211 210/385/210 
f 208/383/208 210/385/210 211/386/211 
f 211/386/211 234/413/234 208/383/208 
f 211/386/211 233/412/233 234/413/234 
f 225/563/225 234/413/234 233/412/233 
f 225/563/225 233/412/233 222/564/222 
f 222/398/222 224/400/224 225/401/225 
f 241/489/241 225/491/225 224/492/224 
f 223/571/223 241/423/241 224/572/224 
f 222/398/222 223/399/223 224/400/224 
f 223/590/223 222/591/222 233/498/233 
f 223/590/223 233/498/233 242/497/242 
f 223/571/223 242/424/242 241/423/241 
f 242/497/242 233/498/233 211/499/211 
f 241/489/241 234/490/234 225/491/225 
f 208/383/208 209/384/209 210/385/210 
f 251/433/251 209/384/209 208/383/208 
f 251/433/251 250/432/250 209/384/209 
f 248/430/248 250/432/250 251/433/251 
f 286/468/286 248/430/248 251/433/251 
f 315/540/315 286/541/286 251/542/251 
f 275/598/275 286/541/286 315/540/315 
f 275/573/275 315/545/315 303/544/303 
f 275/573/275 303/544/303 272/574/272 
f 272/454/272 274/456/274 275/457/275 
f 275/598/275 274/599/274 286/541/286 
f 273/561/273 286/468/286 274/562/274 
f 272/454/272 273/455/273 274/456/274 
f 303/485/303 273/487/273 272/488/272 
f 303/485/303 287/486/287 273/487/273 
f 273/561/273 287/469/287 286/468/286 
f 286/468/286 287/469/287 248/430/248 
f 248/430/248 249/431/249 250/432/250 
f 247/429/247 249/431/249 248/430/248 
f 247/429/247 246/428/246 249/431/249 
f 271/596/271 270/597/270 285/530/285 
f 314/539/314 305/526/305 311/579/311 
f 228/404/228 312/536/312 311/535/311 
f 228/404/228 227/403/227 312/536/312 
f 232/410/232 312/552/312 227/551/227 
f 232/410/232 313/537/313 312/552/312 
f 313/537/313 232/410/232 231/409/231 
f 313/537/313 231/409/231 309/533/309 
f 309/624/309 231/625/231 336/626/336 
f 309/624/309 336/626/336 339/627/339 
f 310/638/310 309/639/309 339/640/339 
f 310/638/310 339/640/339 338/641/338 
f 329/633/329 310/636/310 338/637/338 
f 329/633/329 338/637/338 337/634/337 
f 220/632/220 329/633/329 337/634/337 
f 220/632/220 337/634/337 341/635/341 
f 20/630/20 220/631/220 341/623/341 
f 20/630/20 341/623/341 340/622/340 
f 231/625/231 20/628/20 340/629/340 
f 231/625/231 340/629/340 336/626/336 
f 336/618/336 340/622/340 341/623/341 
f 336/618/336 341/623/341 337/619/337 
f 336/618/336 337/619/337 338/620/338 
f 336/618/336 338/620/338 339/621/339 
f 20/408/20 231/409/231 232/410/232 
f 20/408/20 232/410/232 230/411/230 
f 328/609/328 310/534/310 329/610/329 
f 328/609/328 335/617/335 310/534/310 
f 245/427/245 331/613/331 332/614/332 
f 21/25/21 127/177/127 22/26/22 
f 21/25/21 126/176/126 127/177/127 
f 127/177/127 126/176/126 128/178/128 
f 127/177/127 128/178/128 129/179/129 
f 129/179/129 128/178/128 113/124/113 
f 21/319/21 171/321/171 126/322/126 
f 126/322/126 171/321/171 172/323/172 
f 21/319/21 170/320/170 171/321/171 
f 288/874/288 465/875/465 463/871/463 
f 91/226/91 136/190/136 130/189/130 
f 91/226/91 90/227/90 136/190/136 
f 136/190/136 90/227/90 133/230/133 
f 93/228/93 92/229/92 107/118/107 
f 122/239/122 104/147/104 103/240/103 
f 122/239/122 121/144/121 104/147/104 
f 121/144/121 87/146/87 104/147/104 
f 87/216/87 105/116/105 104/115/104 
f 87/216/87 86/217/86 105/116/105 
f 86/97/86 87/98/87 88/99/88 
f 121/144/121 88/145/88 87/146/87 
# mm_gid 2
g mmGroup2
usemtl 12281_container
f 466/876/466 467/877/467 468/878/468 
f 466/876/466 468/878/468 469/879/469 
f 470/880/470 471/881/471 472/882/472 
f 470/880/470 472/882/472 473/883/473 
f 474/884/474 475/885/475 476/886/476 
f 474/884/474 476/886/476 477/887/477 
f 478/888/478 479/889/479 480/890/480 
f 478/888/478 480/890/480 481/891/481 
f 482/892/482 483/893/483 484/894/484 
f 482/892/482 484/894/484 485/895/485 
f 486/896/486 487/897/487 488/898/488 
f 486/896/486 488/898/488 489/899/489 
f 490/900/490 491/901/491 492/902/492 
f 490/900/490 492/902/492 493/903/493 
f 494/904/494 495/905/495 496/906/496 
f 494/904/494 496/906/496 497/907/497 
f 498/908/498 499/909/499 500/910/500 
f 498/908/498 500/910/500 501/911/501 
f 502/912/502 503/913/503 504/914/504 
f 502/912/502 504/914/504 505/915/505 
f 506/916/506 507/917/507 508/918/508 
f 506/916/506 508/918/508 509/919/509 
f 510/920/510 511/921/511 512/922/512 
f 510/920/510 512/922/512 513/923/513 
f 514/924/514 515/925/515 516/926/516 
f 514/924/514 516/926/516 517/927/517 
f 518/928/518 519/929/519 520/930/520 
f 518/928/518 520/930/520 521/931/521 
f 522/932/522 523/933/523 524/934/524 
f 522/932/522 524/934/524 525/935/525 
f 526/936/526 527/937/527 528/938/528 
f 526/936/526 528/938/528 529/939/529 
f 530/940/530 531/941/531 532/942/532 
f 530/940/530 532/942/532 533/943/533 
f 534/944/534 535/945/535 536/946/536 
f 534/944/534 536/946/536 537/947/537 
f 538/948/538 539/949/539 540/950/540 
f 538/948/538 540/950/540 541/951/541 
f 542/952/542 543/953/543 544/954/544 
f 542/952/542 544/954/544 545/955/545 
f 546/956/546 547/957/547 548/958/548 
f 546/956/546 548/958/548 549/959/549 
f 550/960/550 551/961/551 552/962/552 
f 550/960/550 552/962/552 553/963/553 
f 554/964/554 555/965/555 556/966/556 
f 554/964/554 556/966/556 557/967/557 
f 558/968/558 559/969/559 560/970/560 
f 558/968/558 560/970/560 561/971/561 
f 562/972/562 563/973/563 564/974/564 
f 562/972/562 564/974/564 565/975/565 
f 566/976/566 567/977/567 568/978/568 
f 566/976/566 568/978/568 569/979/569 
f 570/980/570 571/981/571 572/982/572 
f 570/980/570 572/982/572 573/983/573 
f 574/984/574 575/985/575 576/986/576 
f 574/984/574 576/986/576 577/987/577 
f 578/988/578 579/989/579 580/990/580 
f 578/988/578 580/990/580 581/991/581 
f 582/992/582 583/993/583 584/994/584 
f 582/992/582 584/994/584 585/995/585 
f 586/996/586 587/997/587 588/998/588 
f 586/996/586 588/998/588 589/999/589 
f 590/1000/590 591/1001/591 592/1002/592 
f 590/1000/590 592/1002/592 593/1003/593 
f 594/1004/594 595/1005/595 596/1006/596 
f 594/1004/594 596/1006/596 597/1007/597 
f 598/1008/598 599/1009/599 600/1010/600 
f 598/1008/598 600/1010/600 601/1011/601 
f 602/1012/602 603/1013/603 604/1014/604 
f 602/1012/602 604/1014/604 605/1015/605 
f 606/1016/606 607/1017/607 608/1018/608 
f 606/1016/606 608/1018/608 609/1019/609 
f 610/1020/610 611/1021/611 612/1022/612 
f 610/1020/610 612/1022/612 613/1023/613 
f 614/1024/614 615/1025/615 616/1026/616 
f 614/1024/614 616/1026/616 617/1027/617 
f 618/1028/618 619/1029/619 620/1030/620 
f 618/1028/618 620/1030/620 621/1031/621 
f 622/1032/622 623/1033/623 624/1034/624 
f 622/1032/622 624/1034/624 625/1035/625 
f 626/1036/626 627/1037/627 628/1038/628 
f 626/1036/626 628/1038/628 629/1039/629 
f 630/1040/630 631/1041/631 632/1042/632 
f 630/1040/630 632/1042/632 633/1043/633 
f 634/1044/634 635/1045/635 636/1046/636 
f 634/1044/634 636/1046/636 637/1047/637 
f 638/1048/638 639/1049/639 640/1050/640 
f 638/1048/638 640/1050/640 641/1051/641 
f 642/1052/642 643/1053/643 644/1054/644 
f 642/1052/642 644/1054/644 645/1055/645 
f 646/1056/646 647/1057/647 648/1058/648 
f 646/1056/646 648/1058/648 649/1059/649 
f 650/1060/650 651/1061/651 652/1062/652 
f 650/1060/650 652/1062/652 653/1063/653 
f 654/1064/654 655/1065/655 656/1066/656 
f 654/1064/654 656/1066/656 657/1067/657 
f 658/1068/658 659/1069/659 660/1070/660 
f 658/1068/658 660/1070/660 661/1071/661 
f 662/1072/662 663/1073/663 664/1074/664 
f 662/1072/662 664/1074/664 665/1075/665 
f 666/1076/666 667/1077/667 668/1078/668 
f 666/1076/666 668/1078/668 669/1079/669 
f 670/1080/670 671/1081/671 672/1082/672 
f 670/1080/670 672/1082/672 673/1083/673 
f 674/1084/674 675/1085/675 676/1086/676 
f 674/1084/674 676/1086/676 677/1087/677 
f 678/1088/678 679/1089/679 680/1090/680 
f 678/1088/678 680/1090/680 681/1091/681 
f 682/1092/682 683/1093/683 684/1094/684 
f 682/1092/682 684/1094/684 685/1095/685 
f 686/1096/686 687/1097/687 688/1098/688 
f 686/1096/686 688/1098/688 689/1099/689 
f 690/1100/690 691/1101/691 692/1102/692 
f 690/1100/690 692/1102/692 693/1103/693 
f 694/1104/694 695/1105/695 696/1106/696 
f 694/1104/694 696/1106/696 697/1107/697 
f 698/1108/698 699/1109/699 700/1110/700 
f 698/1108/698 700/1110/700 701/1111/701 
f 702/1112/702 703/1113/703 704/1114/704 
f 702/1112/702 704/1114/704 705/1115/705 
f 706/1116/706 707/1117/707 708/1118/708 
f 706/1116/706 708/1118/708 709/1119/709 
f 710/1120/710 711/1121/711 712/1122/712 
f 710/1120/710 712/1122/712 713/1123/713 
f 714/1124/714 715/1125/715 716/1126/716 
f 714/1124/714 716/1126/716 717/1127/717 
f 718/1128/718 719/1129/719 720/1130/720 
f 718/1128/718 720/1130/720 721/1131/721 
f 722/1132/722 723/1133/723 724/1134/724 
f 722/1132/722 724/1134/724 725/1135/725 
f 726/1136/726 727/1137/727 728/1138/728 
f 726/1136/726 728/1138/728 729/1139/729 
f 730/1140/730 731/1141/731 732/1142/732 
f 730/1140/730 732/1142/732 733/1143/733 
f 670/1080/670 734/1144/734 735/1145/735 
f 670/1080/670 735/1145/735 671/1081/671 
f 606/1016/606 736/1146/736 737/1147/737 
f 606/1016/606 737/1147/737 607/1017/607 
f 614/1024/614 534/944/534 537/947/537 
f 614/1024/614 537/947/537 615/1025/615 
f 622/1032/622 538/1148/538 541/1149/541 
f 622/1032/622 541/1149/541 623/1033/623 
f 630/1040/630 542/952/542 545/955/545 
f 630/1040/630 545/955/545 631/1041/631 
f 638/1048/638 546/956/546 549/959/549 
f 638/1048/638 549/959/549 639/1049/639 
f 646/1056/646 550/960/550 553/963/553 
f 646/1056/646 553/963/553 647/1057/647 
f 654/1064/654 554/964/554 557/967/557 
f 654/1064/654 557/967/557 655/1065/655 
f 662/1072/662 558/968/558 561/971/561 
f 662/1072/662 561/971/561 663/1073/663 
f 598/1008/598 562/972/562 565/975/565 
f 598/1008/598 565/975/565 599/1009/599 
f 682/1092/682 566/976/566 569/979/569 
f 682/1092/682 569/979/569 683/1093/683 
f 690/1100/690 570/980/570 573/983/573 
f 690/1100/690 573/983/573 691/1101/691 
f 698/1108/698 574/984/574 577/987/577 
f 698/1108/698 577/987/577 699/1109/699 
f 706/1116/706 578/988/578 581/991/581 
f 706/1116/706 581/991/581 707/1117/707 
f 714/1124/714 582/992/582 585/995/585 
f 714/1124/714 585/995/585 715/1125/715 
f 722/1132/722 586/996/586 589/999/589 
f 722/1132/722 589/999/589 723/1133/723 
f 730/1140/730 590/1000/590 593/1003/593 
f 730/1140/730 593/1003/593 731/1141/731 
f 602/1012/602 594/1004/594 597/1007/597 
f 602/1012/602 597/1007/597 603/1013/603 
f 610/1020/610 536/946/536 535/945/535 
f 610/1020/610 535/945/535 611/1021/611 
f 618/1028/618 540/950/540 539/949/539 
f 618/1028/618 539/949/539 619/1029/619 
f 626/1036/626 544/954/544 543/953/543 
f 626/1036/626 543/953/543 627/1037/627 
f 634/1044/634 548/958/548 547/957/547 
f 634/1044/634 547/957/547 635/1045/635 
f 642/1052/642 552/1150/552 551/1151/551 
f 642/1052/642 551/1151/551 643/1053/643 
f 650/1060/650 556/966/556 555/965/555 
f 650/1060/650 555/965/555 651/1061/651 
f 658/1068/658 560/970/560 559/969/559 
f 658/1068/658 559/969/559 659/1069/659 
f 666/1076/666 564/974/564 563/973/563 
f 666/1076/666 563/973/563 667/1077/667 
f 674/1084/674 568/978/568 567/977/567 
f 674/1084/674 567/977/567 675/1085/675 
f 678/1088/678 572/982/572 571/981/571 
f 678/1088/678 571/981/571 679/1089/679 
f 686/1096/686 576/986/576 575/985/575 
f 686/1096/686 575/985/575 687/1097/687 
f 694/1104/694 580/990/580 579/989/579 
f 694/1104/694 579/989/579 695/1105/695 
f 702/1112/702 584/994/584 583/993/583 
f 702/1112/702 583/993/583 703/1113/703 
f 710/1120/710 588/998/588 587/997/587 
f 710/1120/710 587/997/587 711/1121/711 
f 718/1128/718 592/1002/592 591/1001/591 
f 718/1128/718 591/1001/591 719/1129/719 
f 726/1136/726 596/1006/596 595/1005/595 
f 726/1136/726 595/1005/595 727/1137/727 
f 466/876/466 601/1011/601 600/1010/600 
f 466/876/466 600/1010/600 467/877/467 
f 468/878/468 605/1015/605 604/1014/604 
f 468/878/468 604/1014/604 469/879/469 
f 470/880/470 609/1019/609 608/1018/608 
f 470/880/470 608/1018/608 471/881/471 
f 472/882/472 613/1023/613 612/1022/612 
f 472/882/472 612/1022/612 473/883/473 
f 474/884/474 617/1027/617 616/1026/616 
f 474/884/474 616/1026/616 475/885/475 
f 476/886/476 621/1031/621 620/1030/620 
f 476/886/476 620/1030/620 477/887/477 
f 478/1152/478 625/1035/625 624/1034/624 
f 478/1152/478 624/1034/624 479/1153/479 
f 480/890/480 629/1039/629 628/1038/628 
f 480/890/480 628/1038/628 481/891/481 
f 482/892/482 633/1043/633 632/1042/632 
f 482/892/482 632/1042/632 483/893/483 
f 484/894/484 637/1047/637 636/1046/636 
f 484/894/484 636/1046/636 485/895/485 
f 486/896/486 641/1051/641 640/1050/640 
f 486/896/486 640/1050/640 487/897/487 
f 488/1154/488 645/1055/645 644/1054/644 
f 488/1154/488 644/1054/644 489/1155/489 
f 490/900/490 649/1059/649 648/1058/648 
f 490/900/490 648/1058/648 491/901/491 
f 492/902/492 653/1063/653 652/1062/652 
f 492/902/492 652/1062/652 493/903/493 
f 494/904/494 657/1067/657 656/1066/656 
f 494/904/494 656/1066/656 495/905/495 
f 496/906/496 661/1071/661 660/1070/660 
f 496/906/496 660/1070/660 497/907/497 
f 498/908/498 665/1075/665 664/1074/664 
f 498/908/498 664/1074/664 499/909/499 
f 500/910/500 669/1079/669 668/1078/668 
f 500/910/500 668/1078/668 501/911/501 
f 502/912/502 673/1083/673 672/1082/672 
f 502/912/502 672/1082/672 503/913/503 
f 504/914/504 677/1087/677 676/1086/676 
f 504/914/504 676/1086/676 505/915/505 
f 508/918/508 681/1091/681 680/1090/680 
f 508/918/508 680/1090/680 509/919/509 
f 506/916/506 685/1095/685 684/1094/684 
f 506/916/506 684/1094/684 507/917/507 
f 512/922/512 689/1099/689 688/1098/688 
f 512/922/512 688/1098/688 513/923/513 
f 510/920/510 693/1103/693 692/1102/692 
f 510/920/510 692/1102/692 511/921/511 
f 516/926/516 697/1107/697 696/1106/696 
f 516/926/516 696/1106/696 517/927/517 
f 514/924/514 701/1111/701 700/1110/700 
f 514/924/514 700/1110/700 515/925/515 
f 520/930/520 705/1115/705 704/1114/704 
f 520/930/520 704/1114/704 521/931/521 
f 518/928/518 709/1119/709 708/1118/708 
f 518/928/518 708/1118/708 519/929/519 
f 524/934/524 713/1123/713 712/1122/712 
f 524/934/524 712/1122/712 525/935/525 
f 522/932/522 717/1127/717 716/1126/716 
f 522/932/522 716/1126/716 523/933/523 
f 528/938/528 721/1131/721 720/1130/720 
f 528/938/528 720/1130/720 529/939/529 
f 526/936/526 725/1135/725 724/1134/724 
f 526/936/526 724/1134/724 527/937/527 
f 532/942/532 729/1139/729 728/1138/728 
f 532/942/532 728/1138/728 533/943/533 
f 530/940/530 733/1143/733 732/1142/732 
f 530/940/530 732/1142/732 531/941/531 
# mm_gid 4
g mmGroup4
usemtl 12281_container
f 738/1156/738 739/1157/739 740/1158/740 
f 738/1156/738 740/1158/740 741/1159/741 
f 740/1158/740 876/1294/876 741/1159/741 
f 740/1158/740 877/1295/877 876/1294/876 
f 874/1292/874 876/1294/876 877/1295/877 
f 874/1292/874 875/1293/875 876/1294/876 
f 874/1292/874 869/1287/869 875/1293/875 
f 874/1292/874 866/1284/866 869/1287/869 
f 866/1284/866 868/1286/868 869/1287/869 
f 866/1284/866 867/1285/867 868/1286/868 
f 998/1416/998 868/1286/868 867/1285/867 
f 998/1416/998 867/1285/867 999/1417/999 
f 998/1416/998 999/1417/999 1000/1418/1000 
f 998/1416/998 1000/1418/1000 1001/1419/1001 
f 804/1222/804 1001/1419/1001 1000/1418/1000 
f 804/1222/804 1000/1418/1000 805/1223/805 
f 802/1220/802 804/1222/804 805/1223/805 
f 802/1220/802 803/1221/803 804/1222/804 
f 802/1220/802 1004/1422/1004 803/1221/803 
f 802/1220/802 1005/1423/1005 1004/1422/1004 
f 1002/1420/1002 1004/1422/1004 1005/1423/1005 
f 1002/1420/1002 1003/1421/1003 1004/1422/1004 
f 1002/1420/1002 865/1283/865 1003/1421/1003 
f 1002/1420/1002 862/1280/862 865/1283/865 
f 862/1280/862 864/1282/864 865/1283/865 
f 862/1280/862 863/1281/863 864/1282/864 
f 990/1408/990 864/1282/864 863/1281/863 
f 990/1408/990 863/1281/863 991/1409/991 
f 990/1408/990 991/1409/991 992/1410/992 
f 990/1408/990 992/1410/992 993/1411/993 
f 800/1218/800 993/1411/993 992/1410/992 
f 800/1218/800 992/1410/992 801/1219/801 
f 798/1216/798 800/1218/800 801/1219/801 
f 798/1216/798 799/1217/799 800/1218/800 
f 798/1216/798 996/1414/996 799/1217/799 
f 798/1216/798 997/1415/997 996/1414/996 
f 994/1412/994 996/1414/996 997/1415/997 
f 994/1412/994 995/1413/995 996/1414/996 
f 994/1412/994 861/1279/861 995/1413/995 
f 994/1412/994 858/1276/858 861/1279/861 
f 858/1276/858 860/1278/860 861/1279/861 
f 858/1276/858 859/1277/859 860/1278/860 
f 982/1400/982 860/1278/860 859/1277/859 
f 982/1400/982 859/1277/859 983/1401/983 
f 982/1400/982 983/1401/983 984/1402/984 
f 982/1400/982 984/1402/984 985/1403/985 
f 796/1214/796 985/1403/985 984/1402/984 
f 796/1214/796 984/1402/984 797/1215/797 
f 794/1212/794 796/1214/796 797/1215/797 
f 794/1212/794 795/1213/795 796/1214/796 
f 794/1212/794 988/1406/988 795/1213/795 
f 794/1212/794 989/1407/989 988/1406/988 
f 986/1404/986 988/1406/988 989/1407/989 
f 986/1404/986 987/1405/987 988/1406/988 
f 986/1404/986 857/1275/857 987/1405/987 
f 986/1404/986 854/1272/854 857/1275/857 
f 854/1272/854 856/1274/856 857/1275/857 
f 854/1272/854 855/1273/855 856/1274/856 
f 974/1392/974 856/1274/856 855/1273/855 
f 974/1392/974 855/1273/855 975/1393/975 
f 974/1392/974 975/1393/975 976/1394/976 
f 974/1392/974 976/1394/976 977/1395/977 
f 792/1210/792 977/1395/977 976/1394/976 
f 792/1210/792 976/1394/976 793/1211/793 
f 790/1208/790 792/1210/792 793/1211/793 
f 790/1208/790 791/1209/791 792/1210/792 
f 790/1208/790 980/1398/980 791/1209/791 
f 790/1208/790 981/1399/981 980/1398/980 
f 978/1396/978 980/1398/980 981/1399/981 
f 978/1396/978 979/1397/979 980/1398/980 
f 978/1396/978 853/1271/853 979/1397/979 
f 978/1396/978 850/1268/850 853/1271/853 
f 850/1268/850 852/1270/852 853/1271/853 
f 850/1268/850 851/1269/851 852/1270/852 
f 966/1384/966 852/1270/852 851/1269/851 
f 966/1384/966 851/1269/851 967/1385/967 
f 966/1384/966 967/1385/967 968/1386/968 
f 966/1384/966 968/1386/968 969/1387/969 
f 788/1206/788 969/1387/969 968/1386/968 
f 788/1206/788 968/1386/968 789/1207/789 
f 786/1204/786 788/1206/788 789/1207/789 
f 786/1204/786 787/1205/787 788/1206/788 
f 786/1204/786 972/1390/972 787/1205/787 
f 786/1204/786 973/1391/973 972/1390/972 
f 970/1388/970 972/1390/972 973/1391/973 
f 970/1388/970 971/1389/971 972/1390/972 
f 970/1388/970 849/1267/849 971/1389/971 
f 970/1388/970 846/1264/846 849/1267/849 
f 846/1264/846 848/1266/848 849/1267/849 
f 846/1264/846 847/1265/847 848/1266/848 
f 958/1376/958 848/1266/848 847/1265/847 
f 958/1376/958 847/1265/847 959/1377/959 
f 958/1376/958 959/1377/959 960/1378/960 
f 958/1376/958 960/1378/960 961/1379/961 
f 784/1202/784 961/1379/961 960/1378/960 
f 784/1202/784 960/1378/960 785/1203/785 
f 782/1200/782 784/1202/784 785/1203/785 
f 782/1200/782 783/1201/783 784/1202/784 
f 782/1200/782 964/1382/964 783/1201/783 
f 782/1200/782 965/1383/965 964/1382/964 
f 962/1380/962 964/1382/964 965/1383/965 
f 962/1380/962 963/1381/963 964/1382/964 
f 962/1380/962 845/1263/845 963/1381/963 
f 962/1380/962 842/1260/842 845/1263/845 
f 842/1260/842 844/1262/844 845/1263/845 
f 842/1260/842 843/1261/843 844/1262/844 
f 950/1368/950 844/1262/844 843/1261/843 
f 950/1368/950 843/1261/843 951/1369/951 
f 950/1368/950 951/1369/951 952/1370/952 
f 950/1368/950 952/1370/952 953/1371/953 
f 780/1198/780 953/1371/953 952/1370/952 
f 780/1198/780 952/1370/952 781/1199/781 
f 778/1196/778 780/1198/780 781/1199/781 
f 778/1196/778 779/1197/779 780/1198/780 
f 778/1196/778 956/1374/956 779/1197/779 
f 778/1196/778 957/1375/957 956/1374/956 
f 954/1372/954 956/1374/956 957/1375/957 
f 954/1372/954 955/1373/955 956/1374/956 
f 954/1372/954 841/1259/841 955/1373/955 
f 954/1372/954 838/1256/838 841/1259/841 
f 838/1256/838 840/1258/840 841/1259/841 
f 838/1256/838 839/1257/839 840/1258/840 
f 946/1364/946 840/1258/840 839/1257/839 
f 946/1364/946 839/1257/839 947/1365/947 
f 946/1364/946 947/1365/947 948/1366/948 
f 946/1364/946 948/1366/948 949/1367/949 
f 776/1194/776 949/1367/949 948/1366/948 
f 776/1194/776 948/1366/948 777/1195/777 
f 774/1192/774 776/1194/776 777/1195/777 
f 774/1192/774 775/1193/775 776/1194/776 
f 774/1192/774 944/1362/944 775/1193/775 
f 774/1192/774 945/1363/945 944/1362/944 
f 942/1360/942 944/1362/944 945/1363/945 
f 942/1360/942 943/1361/943 944/1362/944 
f 942/1360/942 1007/1425/1007 943/1361/943 
f 942/1360/942 1006/1424/1006 1007/1425/1007 
f 738/1156/738 872/1290/872 739/1157/739 
f 738/1156/738 873/1291/873 872/1290/872 
f 870/1288/870 872/1290/872 873/1291/873 
f 870/1288/870 871/1289/871 872/1290/872 
f 870/1288/870 837/1255/837 871/1289/871 
f 870/1288/870 834/1252/834 837/1255/837 
f 834/1252/834 836/1254/836 837/1255/837 
f 834/1252/834 835/1253/835 836/1254/836 
f 938/1356/938 836/1254/836 835/1253/835 
f 938/1356/938 835/1253/835 939/1357/939 
f 938/1356/938 939/1357/939 940/1358/940 
f 938/1356/938 940/1358/940 941/1359/941 
f 772/1190/772 941/1359/941 940/1358/940 
f 772/1190/772 940/1358/940 773/1191/773 
f 770/1188/770 772/1190/772 773/1191/773 
f 770/1188/770 771/1189/771 772/1190/772 
f 770/1188/770 936/1354/936 771/1189/771 
f 770/1188/770 937/1355/937 936/1354/936 
f 934/1352/934 936/1354/936 937/1355/937 
f 934/1352/934 935/1353/935 936/1354/936 
f 934/1352/934 833/1251/833 935/1353/935 
f 934/1352/934 830/1248/830 833/1251/833 
f 830/1248/830 832/1250/832 833/1251/833 
f 830/1248/830 831/1249/831 832/1250/832 
f 930/1348/930 832/1250/832 831/1249/831 
f 930/1348/930 831/1249/831 931/1349/931 
f 930/1348/930 931/1349/931 932/1350/932 
f 930/1348/930 932/1350/932 933/1351/933 
f 768/1186/768 933/1351/933 932/1350/932 
f 768/1186/768 932/1350/932 769/1187/769 
f 766/1184/766 768/1186/768 769/1187/769 
f 766/1184/766 767/1185/767 768/1186/768 
f 766/1184/766 928/1346/928 767/1185/767 
f 766/1184/766 929/1347/929 928/1346/928 
f 926/1344/926 928/1346/928 929/1347/929 
f 926/1344/926 927/1345/927 928/1346/928 
f 926/1344/926 829/1247/829 927/1345/927 
f 926/1344/926 826/1244/826 829/1247/829 
f 826/1244/826 828/1246/828 829/1247/829 
f 826/1244/826 827/1245/827 828/1246/828 
f 922/1340/922 828/1246/828 827/1245/827 
f 922/1340/922 827/1245/827 923/1341/923 
f 922/1340/922 923/1341/923 924/1342/924 
f 922/1340/922 924/1342/924 925/1343/925 
f 764/1182/764 925/1343/925 924/1342/924 
f 764/1182/764 924/1342/924 765/1183/765 
f 762/1180/762 764/1182/764 765/1183/765 
f 762/1180/762 763/1181/763 764/1182/764 
f 762/1180/762 920/1338/920 763/1181/763 
f 762/1180/762 921/1339/921 920/1338/920 
f 918/1336/918 920/1338/920 921/1339/921 
f 918/1336/918 919/1337/919 920/1338/920 
f 918/1336/918 825/1243/825 919/1337/919 
f 918/1336/918 822/1240/822 825/1243/825 
f 822/1240/822 824/1242/824 825/1243/825 
f 822/1240/822 823/1241/823 824/1242/824 
f 914/1332/914 824/1242/824 823/1241/823 
f 914/1332/914 823/1241/823 915/1333/915 
f 914/1332/914 915/1333/915 916/1334/916 
f 914/1332/914 916/1334/916 917/1335/917 
f 760/1178/760 917/1335/917 916/1334/916 
f 760/1178/760 916/1334/916 761/1179/761 
f 758/1176/758 760/1178/760 761/1179/761 
f 758/1176/758 759/1177/759 760/1178/760 
f 758/1176/758 912/1330/912 759/1177/759 
f 758/1176/758 913/1331/913 912/1330/912 
f 910/1328/910 912/1330/912 913/1331/913 
f 910/1328/910 911/1329/911 912/1330/912 
f 910/1328/910 821/1239/821 911/1329/911 
f 910/1328/910 818/1236/818 821/1239/821 
f 818/1236/818 820/1238/820 821/1239/821 
f 818/1236/818 819/1237/819 820/1238/820 
f 906/1324/906 820/1238/820 819/1237/819 
f 906/1324/906 819/1237/819 907/1325/907 
f 906/1324/906 907/1325/907 908/1326/908 
f 906/1324/906 908/1326/908 909/1327/909 
f 756/1174/756 909/1327/909 908/1326/908 
f 756/1174/756 908/1326/908 757/1175/757 
f 754/1172/754 756/1174/756 757/1175/757 
f 754/1172/754 755/1173/755 756/1174/756 
f 754/1172/754 904/1322/904 755/1173/755 
f 754/1172/754 905/1323/905 904/1322/904 
f 902/1320/902 904/1322/904 905/1323/905 
f 902/1320/902 903/1321/903 904/1322/904 
f 902/1320/902 817/1235/817 903/1321/903 
f 902/1320/902 814/1232/814 817/1235/817 
f 814/1232/814 816/1234/816 817/1235/817 
f 814/1232/814 815/1233/815 816/1234/816 
f 898/1316/898 816/1234/816 815/1233/815 
f 898/1316/898 815/1233/815 899/1317/899 
f 898/1316/898 899/1317/899 900/1318/900 
f 898/1316/898 900/1318/900 901/1319/901 
f 752/1170/752 901/1319/901 900/1318/900 
f 752/1170/752 900/1318/900 753/1171/753 
f 750/1168/750 752/1170/752 753/1171/753 
f 750/1168/750 751/1169/751 752/1170/752 
f 750/1168/750 896/1314/896 751/1169/751 
f 750/1168/750 897/1315/897 896/1314/896 
f 894/1312/894 896/1314/896 897/1315/897 
f 894/1312/894 895/1313/895 896/1314/896 
f 894/1312/894 813/1231/813 895/1313/895 
f 894/1312/894 810/1228/810 813/1231/813 
f 810/1228/810 812/1230/812 813/1231/813 
f 810/1228/810 811/1229/811 812/1230/812 
f 890/1308/890 812/1230/812 811/1229/811 
f 890/1308/890 811/1229/811 891/1309/891 
f 890/1308/890 891/1309/891 892/1310/892 
f 890/1308/890 892/1310/892 893/1311/893 
f 748/1166/748 893/1311/893 892/1310/892 
f 748/1166/748 892/1310/892 749/1167/749 
f 746/1164/746 748/1166/748 749/1167/749 
f 746/1164/746 747/1165/747 748/1166/748 
f 746/1164/746 888/1306/888 747/1165/747 
f 746/1164/746 889/1307/889 888/1306/888 
f 886/1304/886 888/1306/888 889/1307/889 
f 886/1304/886 887/1305/887 888/1306/888 
f 886/1304/886 809/1227/809 887/1305/887 
f 886/1304/886 806/1224/806 809/1227/809 
f 806/1224/806 808/1226/808 809/1227/809 
f 806/1224/806 807/1225/807 808/1226/808 
f 882/1300/882 808/1226/808 807/1225/807 
f 882/1300/882 807/1225/807 883/1301/883 
f 882/1300/882 883/1301/883 884/1302/884 
f 882/1300/882 884/1302/884 885/1303/885 
f 744/1162/744 885/1303/885 884/1302/884 
f 744/1162/744 884/1302/884 745/1163/745 
f 742/1160/742 744/1162/744 745/1163/745 
f 742/1160/742 743/1161/743 744/1162/744 
f 742/1160/742 880/1298/880 743/1161/743 
f 742/1160/742 881/1299/881 880/1298/880 
f 878/1296/878 880/1298/880 881/1299/881 
f 878/1296/878 879/1297/879 880/1298/880 
f 878/1296/878 1009/1427/1009 879/1297/879 
f 878/1296/878 1008/1426/1008 1009/1427/1009 
# mm_gid 6
g mmGroup6
usemtl 12281_container
f 1010/1428/1010 1011/1429/1011 1012/1430/1012 
f 1010/1428/1010 1012/1430/1012 1013/1431/1013 
f 1012/1430/1012 1144/1562/1144 1013/1431/1013 
f 1012/1430/1012 1145/1563/1145 1144/1562/1144 
f 1142/1560/1142 1144/1562/1144 1145/1563/1145 
f 1142/1560/1142 1143/1561/1143 1144/1562/1144 
f 1142/1560/1142 1141/1559/1141 1143/1561/1143 
f 1142/1560/1142 1138/1556/1138 1141/1559/1141 
f 1138/1556/1138 1140/1558/1140 1141/1559/1141 
f 1138/1556/1138 1139/1557/1139 1140/1558/1140 
f 1274/1692/1274 1140/1558/1140 1139/1557/1139 
f 1274/1692/1274 1139/1557/1139 1275/1693/1275 
f 1274/1692/1274 1275/1693/1275 1276/1694/1276 
f 1274/1692/1274 1276/1694/1276 1277/1695/1277 
f 1076/1494/1076 1277/1695/1277 1276/1694/1276 
f 1076/1494/1076 1276/1694/1276 1077/1495/1077 
f 1074/1492/1074 1076/1494/1076 1077/1495/1077 
f 1074/1492/1074 1075/1493/1075 1076/1494/1076 
f 1074/1492/1074 1272/1690/1272 1075/1493/1075 
f 1074/1492/1074 1273/1691/1273 1272/1690/1272 
f 1270/1688/1270 1272/1690/1272 1273/1691/1273 
f 1270/1688/1270 1271/1689/1271 1272/1690/1272 
f 1270/1688/1270 1137/1555/1137 1271/1689/1271 
f 1270/1688/1270 1134/1552/1134 1137/1555/1137 
f 1134/1552/1134 1136/1554/1136 1137/1555/1137 
f 1134/1552/1134 1135/1553/1135 1136/1554/1136 
f 1266/1684/1266 1136/1554/1136 1135/1553/1135 
f 1266/1684/1266 1135/1553/1135 1267/1685/1267 
f 1266/1684/1266 1267/1685/1267 1268/1686/1268 
f 1266/1684/1266 1268/1686/1268 1269/1687/1269 
f 1072/1490/1072 1269/1687/1269 1268/1686/1268 
f 1072/1490/1072 1268/1686/1268 1073/1491/1073 
f 1070/1488/1070 1072/1490/1072 1073/1491/1073 
f 1070/1488/1070 1071/1489/1071 1072/1490/1072 
f 1070/1488/1070 1264/1682/1264 1071/1489/1071 
f 1070/1488/1070 1265/1683/1265 1264/1682/1264 
f 1262/1680/1262 1264/1682/1264 1265/1683/1265 
f 1262/1680/1262 1263/1681/1263 1264/1682/1264 
f 1262/1680/1262 1133/1551/1133 1263/1681/1263 
f 1262/1680/1262 1130/1548/1130 1133/1551/1133 
f 1130/1548/1130 1132/1550/1132 1133/1551/1133 
f 1130/1548/1130 1131/1549/1131 1132/1550/1132 
f 1258/1676/1258 1132/1550/1132 1131/1549/1131 
f 1258/1676/1258 1131/1549/1131 1259/1677/1259 
f 1258/1676/1258 1259/1677/1259 1260/1678/1260 
f 1258/1676/1258 1260/1678/1260 1261/1679/1261 
f 1068/1486/1068 1261/1679/1261 1260/1678/1260 
f 1068/1486/1068 1260/1678/1260 1069/1487/1069 
f 1066/1484/1066 1068/1486/1068 1069/1487/1069 
f 1066/1484/1066 1067/1485/1067 1068/1486/1068 
f 1066/1484/1066 1256/1674/1256 1067/1485/1067 
f 1066/1484/1066 1257/1675/1257 1256/1674/1256 
f 1254/1672/1254 1256/1674/1256 1257/1675/1257 
f 1254/1672/1254 1255/1673/1255 1256/1674/1256 
f 1254/1672/1254 1129/1547/1129 1255/1673/1255 
f 1254/1672/1254 1126/1544/1126 1129/1547/1129 
f 1126/1544/1126 1128/1546/1128 1129/1547/1129 
f 1126/1544/1126 1127/1545/1127 1128/1546/1128 
f 1250/1668/1250 1128/1546/1128 1127/1545/1127 
f 1250/1668/1250 1127/1545/1127 1251/1669/1251 
f 1250/1668/1250 1251/1669/1251 1252/1670/1252 
f 1250/1668/1250 1252/1670/1252 1253/1671/1253 
f 1064/1482/1064 1253/1671/1253 1252/1670/1252 
f 1064/1482/1064 1252/1670/1252 1065/1483/1065 
f 1062/1480/1062 1064/1482/1064 1065/1483/1065 
f 1062/1480/1062 1063/1481/1063 1064/1482/1064 
f 1062/1480/1062 1248/1666/1248 1063/1481/1063 
f 1062/1480/1062 1249/1667/1249 1248/1666/1248 
f 1246/1664/1246 1248/1666/1248 1249/1667/1249 
f 1246/1664/1246 1247/1665/1247 1248/1666/1248 
f 1246/1664/1246 1125/1543/1125 1247/1665/1247 
f 1246/1664/1246 1122/1540/1122 1125/1543/1125 
f 1122/1540/1122 1124/1542/1124 1125/1543/1125 
f 1122/1540/1122 1123/1541/1123 1124/1542/1124 
f 1242/1660/1242 1124/1542/1124 1123/1541/1123 
f 1242/1660/1242 1123/1541/1123 1243/1661/1243 
f 1242/1660/1242 1243/1661/1243 1244/1662/1244 
f 1242/1660/1242 1244/1662/1244 1245/1663/1245 
f 1060/1478/1060 1245/1663/1245 1244/1662/1244 
f 1060/1478/1060 1244/1662/1244 1061/1479/1061 
f 1058/1476/1058 1060/1478/1060 1061/1479/1061 
f 1058/1476/1058 1059/1477/1059 1060/1478/1060 
f 1058/1476/1058 1240/1658/1240 1059/1477/1059 
f 1058/1476/1058 1241/1659/1241 1240/1658/1240 
f 1238/1656/1238 1240/1658/1240 1241/1659/1241 
f 1238/1656/1238 1239/1657/1239 1240/1658/1240 
f 1238/1656/1238 1121/1539/1121 1239/1657/1239 
f 1238/1656/1238 1118/1536/1118 1121/1539/1121 
f 1118/1536/1118 1120/1538/1120 1121/1539/1121 
f 1118/1536/1118 1119/1537/1119 1120/1538/1120 
f 1234/1652/1234 1120/1538/1120 1119/1537/1119 
f 1234/1652/1234 1119/1537/1119 1235/1653/1235 
f 1234/1652/1234 1235/1653/1235 1236/1654/1236 
f 1234/1652/1234 1236/1654/1236 1237/1655/1237 
f 1056/1474/1056 1237/1655/1237 1236/1654/1236 
f 1056/1474/1056 1236/1654/1236 1057/1475/1057 
f 1054/1472/1054 1056/1474/1056 1057/1475/1057 
f 1054/1472/1054 1055/1473/1055 1056/1474/1056 
f 1054/1472/1054 1232/1650/1232 1055/1473/1055 
f 1054/1472/1054 1233/1651/1233 1232/1650/1232 
f 1230/1648/1230 1232/1650/1232 1233/1651/1233 
f 1230/1648/1230 1231/1649/1231 1232/1650/1232 
f 1230/1648/1230 1117/1535/1117 1231/1649/1231 
f 1230/1648/1230 1114/1532/1114 1117/1535/1117 
f 1114/1532/1114 1116/1534/1116 1117/1535/1117 
f 1114/1532/1114 1115/1533/1115 1116/1534/1116 
f 1226/1644/1226 1116/1534/1116 1115/1533/1115 
f 1226/1644/1226 1115/1533/1115 1227/1645/1227 
f 1226/1644/1226 1227/1645/1227 1228/1646/1228 
f 1226/1644/1226 1228/1646/1228 1229/1647/1229 
f 1052/1470/1052 1229/1647/1229 1228/1646/1228 
f 1052/1470/1052 1228/1646/1228 1053/1471/1053 
f 1050/1468/1050 1052/1470/1052 1053/1471/1053 
f 1050/1468/1050 1051/1469/1051 1052/1470/1052 
f 1050/1468/1050 1224/1642/1224 1051/1469/1051 
f 1050/1468/1050 1225/1643/1225 1224/1642/1224 
f 1222/1640/1222 1224/1642/1224 1225/1643/1225 
f 1222/1640/1222 1223/1641/1223 1224/1642/1224 
f 1222/1640/1222 1113/1531/1113 1223/1641/1223 
f 1222/1640/1222 1110/1528/1110 1113/1531/1113 
f 1110/1528/1110 1112/1530/1112 1113/1531/1113 
f 1110/1528/1110 1111/1529/1111 1112/1530/1112 
f 1218/1636/1218 1112/1530/1112 1111/1529/1111 
f 1218/1636/1218 1111/1529/1111 1219/1637/1219 
f 1218/1636/1218 1219/1637/1219 1220/1638/1220 
f 1218/1636/1218 1220/1638/1220 1221/1639/1221 
f 1048/1466/1048 1221/1639/1221 1220/1638/1220 
f 1048/1466/1048 1220/1638/1220 1049/1467/1049 
f 1046/1464/1046 1048/1466/1048 1049/1467/1049 
f 1046/1464/1046 1047/1465/1047 1048/1466/1048 
f 1046/1464/1046 1216/1634/1216 1047/1465/1047 
f 1046/1464/1046 1217/1635/1217 1216/1634/1216 
f 1214/1632/1214 1216/1634/1216 1217/1635/1217 
f 1214/1632/1214 1215/1633/1215 1216/1634/1216 
f 1214/1632/1214 1279/1697/1279 1215/1633/1215 
f 1214/1632/1214 1278/1696/1278 1279/1697/1279 
f 1010/1428/1010 1148/1566/1148 1011/1429/1011 
f 1010/1428/1010 1149/1567/1149 1148/1566/1148 
f 1146/1564/1146 1148/1566/1148 1149/1567/1149 
f 1146/1564/1146 1147/1565/1147 1148/1566/1148 
f 1146/1564/1146 1109/1527/1109 1147/1565/1147 
f 1146/1564/1146 1106/1524/1106 1109/1527/1109 
f 1106/1524/1106 1108/1526/1108 1109/1527/1109 
f 1106/1524/1106 1107/1525/1107 1108/1526/1108 
f 1206/1624/1206 1108/1526/1108 1107/1525/1107 
f 1206/1624/1206 1107/1525/1107 1207/1625/1207 
f 1206/1624/1206 1207/1625/1207 1208/1626/1208 
f 1206/1624/1206 1208/1626/1208 1209/1627/1209 
f 1044/1462/1044 1209/1627/1209 1208/1626/1208 
f 1044/1462/1044 1208/1626/1208 1045/1463/1045 
f 1042/1460/1042 1044/1462/1044 1045/1463/1045 
f 1042/1460/1042 1043/1461/1043 1044/1462/1044 
f 1042/1460/1042 1212/1630/1212 1043/1461/1043 
f 1042/1460/1042 1213/1631/1213 1212/1630/1212 
f 1210/1628/1210 1212/1630/1212 1213/1631/1213 
f 1210/1628/1210 1211/1629/1211 1212/1630/1212 
f 1210/1628/1210 1105/1523/1105 1211/1629/1211 
f 1210/1628/1210 1102/1520/1102 1105/1523/1105 
f 1102/1520/1102 1104/1522/1104 1105/1523/1105 
f 1102/1520/1102 1103/1521/1103 1104/1522/1104 
f 1198/1616/1198 1104/1522/1104 1103/1521/1103 
f 1198/1616/1198 1103/1521/1103 1199/1617/1199 
f 1198/1616/1198 1199/1617/1199 1200/1618/1200 
f 1198/1616/1198 1200/1618/1200 1201/1619/1201 
f 1040/1458/1040 1201/1619/1201 1200/1618/1200 
f 1040/1458/1040 1200/1618/1200 1041/1459/1041 
f 1038/1456/1038 1040/1458/1040 1041/1459/1041 
f 1038/1456/1038 1039/1457/1039 1040/1458/1040 
f 1038/1456/1038 1204/1622/1204 1039/1457/1039 
f 1038/1456/1038 1205/1623/1205 1204/1622/1204 
f 1202/1620/1202 1204/1622/1204 1205/1623/1205 
f 1202/1620/1202 1203/1621/1203 1204/1622/1204 
f 1202/1620/1202 1101/1519/1101 1203/1621/1203 
f 1202/1620/1202 1098/1516/1098 1101/1519/1101 
f 1098/1516/1098 1100/1518/1100 1101/1519/1101 
f 1098/1516/1098 1099/1517/1099 1100/1518/1100 
f 1190/1608/1190 1100/1518/1100 1099/1517/1099 
f 1190/1608/1190 1099/1517/1099 1191/1609/1191 
f 1190/1608/1190 1191/1609/1191 1192/1610/1192 
f 1190/1608/1190 1192/1610/1192 1193/1611/1193 
f 1036/1454/1036 1193/1611/1193 1192/1610/1192 
f 1036/1454/1036 1192/1610/1192 1037/1455/1037 
f 1034/1452/1034 1036/1454/1036 1037/1455/1037 
f 1034/1452/1034 1035/1453/1035 1036/1454/1036 
f 1034/1452/1034 1196/1614/1196 1035/1453/1035 
f 1034/1452/1034 1197/1615/1197 1196/1614/1196 
f 1194/1612/1194 1196/1614/1196 1197/1615/1197 
f 1194/1612/1194 1195/1613/1195 1196/1614/1196 
f 1194/1612/1194 1097/1515/1097 1195/1613/1195 
f 1194/1612/1194 1094/1512/1094 1097/1515/1097 
f 1094/1512/1094 1096/1514/1096 1097/1515/1097 
f 1094/1512/1094 1095/1513/1095 1096/1514/1096 
f 1182/1600/1182 1096/1514/1096 1095/1513/1095 
f 1182/1600/1182 1095/1513/1095 1183/1601/1183 
f 1182/1600/1182 1183/1601/1183 1184/1602/1184 
f 1182/1600/1182 1184/1602/1184 1185/1603/1185 
f 1032/1450/1032 1185/1603/1185 1184/1602/1184 
f 1032/1450/1032 1184/1602/1184 1033/1451/1033 
f 1030/1448/1030 1032/1450/1032 1033/1451/1033 
f 1030/1448/1030 1031/1449/1031 1032/1450/1032 
f 1030/1448/1030 1188/1606/1188 1031/1449/1031 
f 1030/1448/1030 1189/1607/1189 1188/1606/1188 
f 1186/1604/1186 1188/1606/1188 1189/1607/1189 
f 1186/1604/1186 1187/1605/1187 1188/1606/1188 
f 1186/1604/1186 1093/1511/1093 1187/1605/1187 
f 1186/1604/1186 1090/1508/1090 1093/1511/1093 
f 1090/1508/1090 1092/1510/1092 1093/1511/1093 
f 1090/1508/1090 1091/1509/1091 1092/1510/1092 
f 1174/1592/1174 1092/1510/1092 1091/1509/1091 
f 1174/1592/1174 1091/1509/1091 1175/1593/1175 
f 1174/1592/1174 1175/1593/1175 1176/1594/1176 
f 1174/1592/1174 1176/1594/1176 1177/1595/1177 
f 1028/1446/1028 1177/1595/1177 1176/1594/1176 
f 1028/1446/1028 1176/1594/1176 1029/1447/1029 
f 1026/1444/1026 1028/1446/1028 1029/1447/1029 
f 1026/1444/1026 1027/1445/1027 1028/1446/1028 
f 1026/1444/1026 1180/1598/1180 1027/1445/1027 
f 1026/1444/1026 1181/1599/1181 1180/1598/1180 
f 1178/1596/1178 1180/1598/1180 1181/1599/1181 
f 1178/1596/1178 1179/1597/1179 1180/1598/1180 
f 1178/1596/1178 1089/1507/1089 1179/1597/1179 
f 1178/1596/1178 1086/1504/1086 1089/1507/1089 
f 1086/1504/1086 1088/1506/1088 1089/1507/1089 
f 1086/1504/1086 1087/1505/1087 1088/1506/1088 
f 1166/1584/1166 1088/1506/1088 1087/1505/1087 
f 1166/1584/1166 1087/1505/1087 1167/1585/1167 
f 1166/1584/1166 1167/1585/1167 1168/1586/1168 
f 1166/1584/1166 1168/1586/1168 1169/1587/1169 
f 1024/1442/1024 1169/1587/1169 1168/1586/1168 
f 1024/1442/1024 1168/1586/1168 1025/1443/1025 
f 1022/1440/1022 1024/1442/1024 1025/1443/1025 
f 1022/1440/1022 1023/1441/1023 1024/1442/1024 
f 1022/1440/1022 1172/1590/1172 1023/1441/1023 
f 1022/1440/1022 1173/1591/1173 1172/1590/1172 
f 1170/1588/1170 1172/1590/1172 1173/1591/1173 
f 1170/1588/1170 1171/1589/1171 1172/1590/1172 
f 1170/1588/1170 1085/1503/1085 1171/1589/1171 
f 1170/1588/1170 1082/1500/1082 1085/1503/1085 
f 1082/1500/1082 1084/1502/1084 1085/1503/1085 
f 1082/1500/1082 1083/1501/1083 1084/1502/1084 
f 1158/1576/1158 1084/1502/1084 1083/1501/1083 
f 1158/1576/1158 1083/1501/1083 1159/1577/1159 
f 1158/1576/1158 1159/1577/1159 1160/1578/1160 
f 1158/1576/1158 1160/1578/1160 1161/1579/1161 
f 1020/1438/1020 1161/1579/1161 1160/1578/1160 
f 1020/1438/1020 1160/1578/1160 1021/1439/1021 
f 1018/1436/1018 1020/1438/1020 1021/1439/1021 
f 1018/1436/1018 1019/1437/1019 1020/1438/1020 
f 1018/1436/1018 1164/1582/1164 1019/1437/1019 
f 1018/1436/1018 1165/1583/1165 1164/1582/1164 
f 1162/1580/1162 1164/1582/1164 1165/1583/1165 
f 1162/1580/1162 1163/1581/1163 1164/1582/1164 
f 1162/1580/1162 1081/1499/1081 1163/1581/1163 
f 1162/1580/1162 1078/1496/1078 1081/1499/1081 
f 1078/1496/1078 1080/1498/1080 1081/1499/1081 
f 1078/1496/1078 1079/1497/1079 1080/1498/1080 
f 1150/1568/1150 1080/1498/1080 1079/1497/1079 
f 1150/1568/1150 1079/1497/1079 1151/1569/1151 
f 1150/1568/1150 1151/1569/1151 1152/1570/1152 
f 1150/1568/1150 1152/1570/1152 1153/1571/1153 
f 1016/1434/1016 1153/1571/1153 1152/1570/1152 
f 1016/1434/1016 1152/1570/1152 1017/1435/1017 
f 1014/1432/1014 1016/1434/1016 1017/1435/1017 
f 1014/1432/1014 1015/1433/1015 1016/1434/1016 
f 1014/1432/1014 1156/1574/1156 1015/1433/1015 
f 1014/1432/1014 1157/1575/1157 1156/1574/1156 
f 1154/1572/1154 1156/1574/1156 1157/1575/1157 
f 1154/1572/1154 1155/1573/1155 1156/1574/1156 
f 1154/1572/1154 1281/1699/1281 1155/1573/1155 
f 1154/1572/1154 1280/1698/1280 1281/1699/1281 
# mm_gid 8
g mmGroup8
usemtl 12281_container
f 1282/1700/1282 1283/1701/1283 1284/1702/1284 
f 1284/1702/1284 1290/1710/1290 1282/1700/1282 
f 1282/1700/1282 1290/1710/1290 1291/1711/1291 
f 1282/1700/1282 1291/1711/1291 1287/1705/1287 
f 1287/1706/1287 1289/1708/1289 1282/1709/1282 
f 1315/1740/1315 1282/1742/1282 1289/1743/1289 
f 1316/1750/1316 1315/1740/1315 1289/1743/1289 
f 1316/1750/1316 1289/1743/1289 1309/1751/1309 
f 1318/1754/1318 1316/1750/1316 1309/1751/1309 
f 1318/1754/1318 1309/1751/1309 1308/1755/1308 
f 1312/1806/1312 1318/1754/1318 1308/1755/1308 
f 1312/1806/1312 1308/1755/1308 1295/1807/1295 
f 1313/1748/1313 1312/1749/1312 1295/1715/1295 
f 1313/1748/1313 1295/1715/1295 1294/1714/1294 
f 1294/1814/1294 1332/1778/1332 1313/1815/1313 
f 1313/1815/1313 1332/1778/1332 1346/1792/1346 
f 1313/1815/1313 1346/1792/1346 1307/1824/1307 
f 1312/1734/1312 1313/1735/1313 1307/1729/1307 
f 1312/1734/1312 1307/1729/1307 1306/1728/1306 
f 1306/1822/1306 1318/1754/1318 1312/1806/1312 
f 1306/1822/1306 1316/1750/1316 1318/1754/1318 
f 1300/1811/1300 1316/1750/1316 1306/1822/1306 
f 1306/1728/1306 1301/1722/1301 1300/1721/1300 
f 1284/1720/1284 1300/1721/1300 1301/1722/1301 
f 1284/1720/1284 1301/1722/1301 1302/1723/1302 
f 1284/1702/1284 1302/1744/1302 1290/1710/1290 
f 1302/1819/1302 1348/1798/1348 1290/1830/1290 
f 1290/1828/1290 1348/1795/1348 1329/1794/1329 
f 1290/1828/1290 1329/1794/1329 1291/1829/1291 
f 1291/1812/1291 1329/1775/1329 1328/1774/1328 
f 1291/1812/1291 1328/1774/1328 1303/1813/1303 
f 1291/1711/1291 1303/1745/1303 1285/1703/1285 
f 1291/1711/1291 1285/1703/1285 1287/1705/1287 
f 1285/1703/1285 1286/1704/1286 1287/1705/1287 
f 1286/1736/1286 1288/1738/1288 1287/1739/1287 
f 1287/1706/1287 1288/1707/1288 1289/1708/1289 
f 1288/1707/1288 1320/1835/1320 1289/1708/1289 
f 1289/1743/1289 1320/1838/1320 1325/1839/1325 
f 1289/1743/1289 1325/1839/1325 1309/1751/1309 
f 1309/1731/1309 1325/1836/1325 1324/1837/1324 
f 1309/1731/1309 1324/1837/1324 1310/1732/1310 
f 1308/1730/1308 1309/1731/1309 1310/1732/1310 
f 1308/1730/1308 1310/1732/1310 1311/1733/1311 
f 1295/1825/1295 1308/1730/1308 1311/1733/1311 
f 1295/1825/1295 1311/1733/1311 1292/1826/1292 
f 1292/1712/1292 1294/1714/1294 1295/1715/1295 
f 1292/1712/1292 1293/1713/1293 1294/1714/1294 
f 1293/1831/1293 1333/1800/1333 1294/1832/1294 
f 1294/1814/1294 1333/1779/1333 1332/1778/1332 
f 1332/1778/1332 1333/1779/1333 1334/1780/1334 
f 1332/1778/1332 1334/1780/1334 1335/1781/1335 
f 1346/1792/1346 1332/1778/1332 1335/1781/1335 
f 1346/1792/1346 1335/1781/1335 1347/1793/1347 
f 1341/1787/1341 1346/1792/1346 1347/1793/1347 
f 1341/1787/1341 1347/1793/1347 1342/1788/1342 
f 1340/1786/1340 1341/1787/1341 1342/1788/1342 
f 1340/1786/1340 1342/1788/1342 1343/1789/1343 
f 1348/1798/1348 1340/1786/1340 1343/1789/1343 
f 1348/1798/1348 1343/1789/1343 1349/1799/1349 
f 1329/1794/1329 1348/1795/1348 1349/1796/1349 
f 1329/1794/1329 1349/1796/1349 1330/1797/1330 
f 1328/1774/1328 1329/1775/1329 1330/1776/1330 
f 1328/1774/1328 1330/1776/1330 1331/1777/1331 
f 1344/1790/1344 1328/1774/1328 1331/1777/1331 
f 1344/1790/1344 1331/1777/1331 1345/1791/1345 
f 1337/1783/1337 1344/1790/1344 1345/1791/1345 
f 1337/1783/1337 1345/1791/1345 1338/1784/1338 
f 1336/1782/1336 1337/1783/1337 1338/1784/1338 
f 1336/1782/1336 1338/1784/1338 1339/1785/1339 
f 1350/1804/1350 1336/1782/1336 1339/1785/1339 
f 1350/1804/1350 1339/1785/1339 1351/1805/1351 
f 1333/1800/1333 1350/1801/1350 1351/1802/1351 
f 1333/1800/1333 1351/1802/1351 1334/1803/1334 
f 1293/1831/1293 1350/1801/1350 1333/1800/1333 
f 1299/1817/1299 1350/1804/1350 1293/1833/1293 
f 1296/1746/1296 1299/1747/1299 1293/1713/1293 
f 1296/1746/1296 1293/1713/1293 1292/1712/1292 
f 1292/1827/1292 1319/1756/1319 1296/1808/1296 
f 1296/1808/1296 1319/1756/1319 1317/1752/1317 
f 1296/1808/1296 1317/1752/1317 1297/1809/1297 
f 1296/1716/1296 1297/1717/1297 1298/1718/1298 
f 1296/1716/1296 1298/1718/1298 1299/1719/1299 
f 1298/1816/1298 1336/1782/1336 1299/1817/1299 
f 1299/1817/1299 1336/1782/1336 1350/1804/1350 
f 1298/1816/1298 1337/1783/1337 1336/1782/1336 
f 1304/1823/1304 1337/1783/1337 1298/1816/1298 
f 1305/1727/1305 1304/1726/1304 1298/1718/1298 
f 1305/1727/1305 1298/1718/1298 1297/1717/1297 
f 1297/1809/1297 1314/1737/1314 1305/1820/1305 
f 1305/1820/1305 1314/1737/1314 1286/1736/1286 
f 1305/1820/1305 1286/1736/1286 1285/1821/1285 
f 1285/1724/1285 1304/1726/1304 1305/1727/1305 
f 1285/1724/1285 1303/1725/1303 1304/1726/1304 
f 1303/1813/1303 1344/1790/1344 1304/1823/1304 
f 1304/1823/1304 1344/1790/1344 1337/1783/1337 
f 1303/1813/1303 1328/1774/1328 1344/1790/1344 
f 1286/1736/1286 1314/1737/1314 1288/1738/1288 
f 1314/1737/1314 1310/1753/1310 1288/1738/1288 
f 1310/1753/1310 1321/1841/1321 1288/1738/1288 
f 1288/1707/1288 1321/1834/1321 1320/1835/1320 
f 1320/1758/1320 1321/1759/1321 1322/1760/1322 
f 1320/1758/1320 1322/1760/1322 1323/1761/1323 
f 1325/1766/1325 1320/1767/1320 1323/1768/1323 
f 1325/1766/1325 1323/1768/1323 1326/1769/1326 
f 1324/1762/1324 1325/1763/1325 1326/1764/1326 
f 1324/1762/1324 1326/1764/1326 1327/1765/1327 
f 1321/1770/1321 1324/1771/1324 1327/1772/1327 
f 1321/1770/1321 1327/1772/1327 1322/1773/1322 
f 1310/1753/1310 1324/1840/1324 1321/1841/1321 
f 1314/1737/1314 1317/1752/1317 1310/1753/1310 
f 1317/1752/1317 1311/1757/1311 1310/1753/1310 
f 1317/1752/1317 1319/1756/1319 1311/1757/1311 
f 1292/1827/1292 1311/1757/1311 1319/1756/1319 
f 1297/1809/1297 1317/1752/1317 1314/1737/1314 
f 1302/1819/1302 1340/1786/1340 1348/1798/1348 
f 1301/1818/1301 1340/1786/1340 1302/1819/1302 
f 1301/1818/1301 1341/1787/1341 1340/1786/1340 
f 1307/1824/1307 1341/1787/1341 1301/1818/1301 
f 1306/1728/1306 1307/1729/1307 1301/1722/1301 
f 1307/1824/1307 1346/1792/1346 1341/1787/1341 
f 1284/1810/1284 1315/1740/1315 1300/1811/1300 
f 1300/1811/1300 1315/1740/1315 1316/1750/1316 
f 1284/1810/1284 1283/1741/1283 1315/1740/1315 
f 1315/1740/1315 1283/1741/1283 1282/1742/1282 
# mm_gid 10
g mmGroup10
usemtl 12281_container
f 1352/1842/1352 1353/1843/1353 1354/1844/1354 
f 1352/1842/1352 1354/1844/1354 1355/1845/1355 
f 1355/1926/1355 1401/1928/1401 1352/1929/1352 
f 1352/1842/1352 1401/1930/1401 1402/1931/1402 
f 1352/1842/1352 1402/1931/1402 1369/1871/1369 
f 1359/1854/1359 1352/1857/1352 1369/1896/1369 
f 1359/1854/1359 1369/1896/1369 1378/1895/1378 
f 1356/1846/1356 1359/1849/1359 1378/1880/1378 
f 1356/1846/1356 1378/1880/1378 1377/1879/1377 
f 1366/1868/1366 1356/1867/1356 1377/1924/1377 
f 1366/1868/1366 1377/1924/1377 1399/1923/1399 
f 1398/1922/1398 1399/1923/1399 1377/1924/1377 
f 1398/1922/1398 1377/1924/1377 1376/1925/1376 
f 1376/1878/1376 1377/1879/1377 1378/1880/1378 
f 1376/1878/1376 1378/1880/1378 1379/1881/1379 
f 1379/1894/1379 1378/1895/1378 1369/1896/1369 
f 1379/1894/1379 1369/1896/1369 1368/1897/1368 
f 1368/1870/1368 1369/1871/1369 1370/1872/1370 
f 1368/1870/1368 1370/1872/1370 1371/1873/1371 
f 1371/1906/1371 1370/1907/1370 1389/1908/1389 
f 1371/1906/1371 1389/1908/1389 1388/1909/1388 
f 1388/1890/1388 1389/1891/1389 1390/1892/1390 
f 1388/1890/1388 1390/1892/1390 1391/1893/1391 
f 1391/1910/1391 1390/1911/1390 1392/1912/1392 
f 1391/1910/1391 1392/1912/1392 1393/1913/1393 
f 1392/1970/1392 1417/1972/1417 1393/1973/1393 
f 1392/1970/1392 1416/1971/1416 1417/1972/1417 
f 1365/1977/1365 1416/1971/1416 1392/1970/1392 
f 1361/1862/1361 1365/1865/1365 1392/1912/1392 
f 1361/1862/1361 1392/1912/1392 1390/1911/1390 
f 1362/1852/1362 1361/1851/1361 1390/1892/1390 
f 1362/1852/1362 1390/1892/1390 1389/1891/1389 
f 1355/1860/1355 1362/1859/1362 1389/1908/1389 
f 1355/1860/1355 1389/1908/1389 1370/1907/1370 
f 1370/1907/1370 1400/1937/1400 1355/1860/1355 
f 1355/1926/1355 1400/1927/1400 1401/1928/1401 
f 1400/1927/1400 1409/1951/1409 1401/1928/1401 
f 1401/1952/1401 1409/1953/1409 1410/1954/1410 
f 1401/1952/1401 1410/1954/1410 1402/1955/1402 
f 1402/1933/1402 1410/1956/1410 1411/1957/1411 
f 1402/1933/1402 1411/1957/1411 1403/1934/1403 
f 1369/1932/1369 1402/1933/1402 1403/1934/1403 
f 1369/1932/1369 1403/1934/1403 1370/1935/1370 
f 1370/1907/1370 1403/1936/1403 1400/1937/1400 
f 1403/1936/1403 1408/1959/1408 1400/1937/1400 
f 1400/1927/1400 1408/1950/1408 1409/1951/1409 
f 1410/1982/1410 1409/1983/1409 1408/1984/1408 
f 1410/1982/1410 1408/1984/1408 1411/1985/1411 
f 1403/1936/1403 1411/1958/1411 1408/1959/1408 
f 1363/1858/1363 1362/1859/1362 1355/1860/1355 
f 1363/1858/1363 1355/1860/1355 1354/1861/1354 
f 1363/1858/1363 1354/1861/1354 1373/1904/1373 
f 1363/1858/1363 1373/1904/1373 1386/1903/1386 
f 1360/1850/1360 1363/1853/1363 1386/1888/1386 
f 1360/1850/1360 1386/1888/1386 1385/1887/1385 
f 1364/1864/1364 1360/1863/1360 1385/1916/1385 
f 1364/1864/1364 1385/1916/1385 1395/1915/1395 
f 1395/1981/1395 1418/1975/1418 1364/1974/1364 
f 1364/1974/1364 1418/1975/1418 1419/1976/1419 
f 1364/1974/1364 1419/1976/1419 1365/1977/1365 
f 1361/1862/1361 1364/1864/1364 1365/1865/1365 
f 1361/1862/1361 1360/1863/1360 1364/1864/1364 
f 1360/1850/1360 1361/1851/1361 1362/1852/1362 
f 1360/1850/1360 1362/1852/1362 1363/1853/1363 
f 1365/1977/1365 1419/1976/1419 1416/1971/1416 
f 1395/1981/1395 1421/1980/1421 1418/1975/1418 
f 1394/1978/1394 1421/1980/1421 1395/1981/1395 
f 1394/1914/1394 1395/1915/1395 1385/1916/1385 
f 1394/1914/1394 1385/1916/1385 1384/1917/1384 
f 1384/1886/1384 1385/1887/1385 1386/1888/1386 
f 1384/1886/1384 1386/1888/1386 1387/1889/1387 
f 1387/1902/1387 1386/1903/1386 1373/1904/1373 
f 1387/1902/1387 1373/1904/1373 1372/1905/1372 
f 1372/1874/1372 1373/1875/1373 1374/1876/1374 
f 1372/1874/1372 1374/1876/1374 1375/1877/1375 
f 1375/1898/1375 1374/1899/1374 1381/1900/1381 
f 1375/1898/1375 1381/1900/1381 1380/1901/1380 
f 1380/1882/1380 1381/1883/1381 1382/1884/1382 
f 1380/1882/1380 1382/1884/1382 1383/1885/1383 
f 1383/1918/1383 1382/1919/1382 1396/1920/1396 
f 1383/1918/1383 1396/1920/1396 1397/1921/1397 
f 1357/1866/1357 1396/1920/1396 1382/1919/1382 
f 1358/1848/1358 1357/1847/1357 1382/1884/1382 
f 1358/1848/1358 1382/1884/1382 1381/1883/1381 
f 1353/1856/1353 1358/1855/1358 1381/1900/1381 
f 1353/1856/1353 1381/1900/1381 1374/1899/1374 
f 1374/1876/1374 1404/1949/1404 1353/1843/1353 
f 1353/1938/1353 1404/1939/1404 1405/1940/1405 
f 1353/1938/1353 1405/1940/1405 1354/1941/1354 
f 1354/1861/1354 1405/1942/1405 1406/1943/1406 
f 1354/1861/1354 1406/1943/1406 1373/1904/1373 
f 1373/1944/1373 1406/1945/1406 1407/1946/1407 
f 1373/1944/1373 1407/1946/1407 1374/1947/1374 
f 1374/1876/1374 1407/1948/1407 1404/1949/1404 
f 1407/1966/1407 1412/1968/1412 1404/1969/1404 
f 1404/1939/1404 1412/1960/1412 1413/1961/1413 
f 1404/1939/1404 1413/1961/1413 1405/1940/1405 
f 1405/1942/1405 1413/1962/1413 1414/1963/1414 
f 1405/1942/1405 1414/1963/1414 1406/1943/1406 
f 1406/1945/1406 1414/1964/1414 1415/1965/1415 
f 1406/1945/1406 1415/1965/1415 1407/1946/1407 
f 1407/1966/1407 1415/1967/1415 1412/1968/1412 
f 1414/1986/1414 1412/1988/1412 1415/1989/1415 
f 1414/1986/1414 1413/1987/1413 1412/1988/1412 
f 1359/1854/1359 1358/1855/1358 1353/1856/1353 
f 1359/1854/1359 1353/1856/1353 1352/1857/1352 
f 1356/1846/1356 1358/1848/1358 1359/1849/1359 
f 1356/1846/1356 1357/1847/1357 1358/1848/1358 
f 1357/1866/1357 1356/1867/1356 1366/1868/1366 
f 1357/1866/1357 1366/1868/1366 1367/1869/1367 
f 1357/1866/1357 1367/1869/1367 1396/1920/1396 
f 1394/1978/1394 1420/1979/1420 1421/1980/1421 
# mm_gid 12
g mmGroup12
usemtl 12281_container
f 1422/1990/1422 1423/1991/1423 1424/1992/1424 
f 1422/1990/1422 1424/1992/1424 1425/1993/1425 
f 1427/2002/1427 1422/2003/1422 1425/2004/1425 
f 1427/2002/1427 1425/2004/1425 1428/2005/1428 
f 1426/1994/1426 1427/1995/1427 1428/1996/1428 
f 1426/1994/1426 1428/1996/1428 1429/1997/1429 
f 1429/2014/1429 1437/2016/1437 1426/2017/1426 
f 1437/2016/1437 1449/2072/1449 1426/2017/1426 
f 1426/1994/1426 1449/2029/1449 1448/2028/1448 
f 1426/1994/1426 1448/2028/1448 1427/1995/1427 
f 1427/2002/1427 1448/2045/1448 1441/2044/1441 
f 1427/2002/1427 1441/2044/1441 1422/2003/1422 
f 1422/1990/1422 1441/2021/1441 1472/2078/1472 
f 1422/1990/1422 1472/2078/1472 1470/2079/1470 
f 1423/2074/1423 1422/2075/1422 1470/2076/1470 
f 1423/2074/1423 1470/2076/1470 1471/2077/1471 
f 1440/2057/1440 1423/2008/1423 1471/2084/1471 
f 1440/2057/1440 1471/2084/1471 1473/2085/1473 
f 1441/2080/1441 1440/2081/1440 1473/2082/1473 
f 1441/2080/1441 1473/2082/1473 1472/2083/1472 
f 1472/2083/1472 1473/2082/1473 1481/2104/1481 
f 1472/2083/1472 1481/2104/1481 1480/2105/1480 
f 1470/2100/1470 1472/2101/1472 1480/2102/1480 
f 1470/2100/1470 1480/2102/1480 1478/2103/1478 
f 1471/2077/1471 1470/2076/1470 1478/2098/1478 
f 1471/2077/1471 1478/2098/1478 1479/2099/1479 
f 1473/2085/1473 1471/2084/1471 1479/2106/1479 
f 1473/2085/1473 1479/2106/1479 1481/2107/1481 
f 1480/2130/1480 1481/2131/1481 1479/2132/1479 
f 1480/2130/1480 1479/2132/1479 1478/2133/1478 
f 1438/2018/1438 1440/2020/1440 1441/2021/1441 
f 1447/2042/1447 1438/2043/1438 1441/2044/1441 
f 1447/2042/1447 1441/2044/1441 1448/2045/1448 
f 1446/2026/1446 1447/2027/1447 1448/2028/1448 
f 1446/2026/1446 1448/2028/1448 1449/2029/1449 
f 1468/2070/1468 1446/2071/1446 1449/2072/1449 
f 1468/2070/1468 1449/2072/1449 1469/2073/1469 
f 1437/2016/1437 1469/2073/1469 1449/2072/1449 
f 1438/2018/1438 1439/2019/1439 1440/2020/1440 
f 1439/2054/1439 1461/2056/1461 1440/2057/1440 
f 1423/2008/1423 1440/2057/1440 1461/2056/1461 
f 1423/2008/1423 1461/2056/1461 1432/2009/1432 
f 1431/2006/1431 1423/2008/1423 1432/2009/1432 
f 1430/1998/1430 1431/1999/1431 1432/2000/1432 
f 1430/1998/1430 1432/2000/1432 1433/2001/1433 
f 1433/2010/1433 1435/2012/1435 1430/2013/1430 
f 1435/2012/1435 1457/2064/1457 1430/2013/1430 
f 1430/1998/1430 1457/2037/1457 1456/2036/1456 
f 1430/1998/1430 1456/2036/1456 1431/1999/1431 
f 1431/2006/1431 1456/2053/1456 1445/2052/1445 
f 1431/2006/1431 1445/2052/1445 1424/2007/1424 
f 1431/2006/1431 1424/2007/1424 1423/2008/1423 
f 1424/2007/1424 1445/2052/1445 1476/2090/1476 
f 1424/2007/1424 1476/2090/1476 1474/2091/1474 
f 1425/2086/1425 1424/2087/1424 1474/2088/1474 
f 1425/2086/1425 1474/2088/1474 1475/2089/1475 
f 1444/2024/1444 1425/1993/1425 1475/2096/1475 
f 1444/2024/1444 1475/2096/1475 1477/2097/1477 
f 1445/2092/1445 1444/2093/1444 1477/2094/1477 
f 1445/2092/1445 1477/2094/1477 1476/2095/1476 
f 1476/2095/1476 1477/2094/1477 1485/2112/1485 
f 1476/2095/1476 1485/2112/1485 1484/2113/1484 
f 1474/2091/1474 1476/2090/1476 1484/2110/1484 
f 1474/2091/1474 1484/2110/1484 1482/2111/1482 
f 1475/2089/1475 1474/2088/1474 1482/2108/1482 
f 1475/2089/1475 1482/2108/1482 1483/2109/1483 
f 1477/2114/1477 1475/2115/1475 1483/2116/1483 
f 1477/2114/1477 1483/2116/1483 1485/2117/1485 
f 1484/2134/1484 1485/2135/1485 1483/2136/1483 
f 1484/2134/1484 1483/2136/1483 1482/2137/1482 
f 1442/2022/1442 1444/2024/1444 1445/2025/1445 
f 1455/2050/1455 1442/2051/1442 1445/2052/1445 
f 1455/2050/1455 1445/2052/1445 1456/2053/1456 
f 1454/2034/1454 1455/2035/1455 1456/2036/1456 
f 1454/2034/1454 1456/2036/1456 1457/2037/1457 
f 1464/2062/1464 1454/2063/1454 1457/2064/1457 
f 1464/2062/1464 1457/2064/1457 1465/2065/1465 
f 1464/2126/1464 1465/2127/1465 1490/2128/1490 
f 1464/2126/1464 1490/2128/1490 1491/2129/1491 
f 1465/2127/1465 1489/2125/1489 1490/2128/1490 
f 1465/2127/1465 1435/2122/1435 1489/2125/1489 
f 1435/2122/1435 1488/2124/1488 1489/2125/1489 
f 1435/2122/1435 1434/2123/1434 1488/2124/1488 
f 1434/2123/1434 1487/2121/1487 1488/2124/1488 
f 1434/2123/1434 1463/2118/1463 1487/2121/1487 
f 1463/2118/1463 1486/2120/1486 1487/2121/1487 
f 1463/2118/1463 1462/2119/1462 1486/2120/1486 
f 1459/2058/1459 1462/2059/1462 1463/2060/1463 
f 1459/2058/1459 1463/2060/1463 1460/2061/1460 
f 1458/2038/1458 1459/2039/1459 1460/2040/1460 
f 1458/2038/1458 1460/2040/1460 1461/2041/1461 
f 1439/2054/1439 1458/2055/1458 1461/2056/1461 
f 1432/2000/1432 1461/2041/1461 1460/2040/1460 
f 1432/2000/1432 1460/2040/1460 1433/2001/1433 
f 1433/2010/1433 1460/2061/1460 1463/2060/1463 
f 1433/2010/1433 1463/2060/1463 1434/2011/1434 
f 1433/2010/1433 1434/2011/1434 1435/2012/1435 
f 1435/2012/1435 1465/2065/1465 1457/2064/1457 
f 1442/2022/1442 1443/2023/1443 1444/2024/1444 
f 1443/2046/1443 1453/2048/1453 1444/2049/1444 
f 1425/2004/1425 1444/2049/1444 1453/2048/1453 
f 1425/2004/1425 1453/2048/1453 1428/2005/1428 
f 1428/1996/1428 1453/2033/1453 1452/2032/1452 
f 1428/1996/1428 1452/2032/1452 1429/1997/1429 
f 1429/2014/1429 1452/2069/1452 1467/2068/1467 
f 1429/2014/1429 1467/2068/1467 1436/2015/1436 
f 1429/2014/1429 1436/2015/1436 1437/2016/1437 
f 1451/2066/1451 1467/2068/1467 1452/2069/1452 
f 1450/2030/1450 1451/2031/1451 1452/2032/1452 
f 1450/2030/1450 1452/2032/1452 1453/2033/1453 
f 1443/2046/1443 1450/2047/1450 1453/2048/1453 
f 1451/2066/1451 1466/2067/1466 1467/2068/1467 
# mm_gid 14
g mmGroup14
usemtl 12281_container
f 1492/2138/1492 1493/2139/1493 1494/2140/1494 
f 1492/2138/1492 1494/2140/1494 1495/2141/1495 
f 1494/2150/1494 1500/2152/1500 1495/2153/1495 
f 1494/2150/1494 1501/2151/1501 1500/2152/1500 
f 1499/2146/1499 1500/2148/1500 1501/2149/1501 
f 1499/2146/1499 1498/2147/1498 1500/2148/1500 
f 1496/2142/1496 1498/2144/1498 1499/2145/1499 
f 1496/2142/1496 1497/2143/1497 1498/2144/1498 
f 1496/2154/1496 1492/2138/1492 1497/2155/1497 
f 1496/2154/1496 1493/2139/1493 1492/2138/1492 
# mm_gid 16
g mmGroup16
usemtl 12281_container
f 1502/2156/1502 1503/2157/1503 1504/2158/1504 
f 1502/2156/1502 1504/2158/1504 1505/2159/1505 
f 1510/2168/1510 1505/2169/1505 1504/2170/1504 
f 1510/2168/1510 1504/2170/1504 1511/2171/1511 
f 1509/2164/1509 1510/2166/1510 1511/2167/1511 
f 1509/2164/1509 1508/2165/1508 1510/2166/1510 
f 1506/2160/1506 1508/2162/1508 1509/2163/1509 
f 1506/2160/1506 1507/2161/1507 1508/2162/1508 
f 1506/2172/1506 1502/2156/1502 1507/2173/1507 
f 1506/2172/1506 1503/2157/1503 1502/2156/1502 
# mm_gid 19
g mmGroup19
usemtl 12281_container
f 1512/2174/1512 1513/2175/1513 1514/2176/1514 
f 1512/2174/1512 1514/2176/1514 1515/2177/1515 
f 1547/2238/1547 1512/2240/1512 1515/2241/1515 
f 1562/2310/1562 1547/2238/1547 1515/2241/1515 
f 1562/2310/1562 1515/2241/1515 1528/2311/1528 
f 1554/2255/1554 1562/2304/1562 1528/2305/1528 
f 1554/2255/1554 1528/2305/1528 1520/2256/1520 
f 1555/2254/1555 1554/2255/1554 1520/2256/1520 
f 1555/2254/1555 1520/2256/1520 1523/2257/1523 
f 1573/2302/1573 1555/2254/1555 1523/2257/1523 
f 1573/2302/1573 1523/2257/1523 1541/2303/1541 
f 1550/2247/1550 1573/2316/1573 1541/2317/1541 
f 1550/2247/1550 1541/2317/1541 1516/2248/1516 
f 1551/2246/1551 1550/2247/1550 1516/2248/1516 
f 1551/2246/1551 1516/2248/1516 1519/2249/1519 
f 1570/2314/1570 1551/2246/1551 1519/2249/1519 
f 1570/2314/1570 1519/2249/1519 1536/2315/1536 
f 1558/2263/1558 1570/2308/1570 1536/2309/1536 
f 1558/2263/1558 1536/2309/1536 1524/2264/1524 
f 1559/2262/1559 1558/2263/1558 1524/2264/1524 
f 1559/2262/1559 1524/2264/1524 1527/2265/1527 
f 1565/2306/1565 1559/2262/1559 1527/2265/1527 
f 1565/2306/1565 1527/2265/1527 1533/2307/1533 
f 1546/2239/1546 1565/2312/1565 1533/2313/1533 
f 1546/2239/1546 1533/2313/1533 1512/2240/1512 
f 1547/2238/1547 1546/2239/1546 1512/2240/1512 
f 1544/2206/1544 1546/2208/1546 1547/2209/1547 
f 1561/2223/1561 1544/2206/1544 1547/2209/1547 
f 1561/2223/1561 1547/2209/1547 1562/2224/1562 
f 1560/2222/1560 1561/2223/1561 1562/2224/1562 
f 1560/2222/1560 1562/2224/1562 1563/2225/1563 
f 1560/2270/1560 1563/2271/1563 1531/2272/1531 
f 1560/2270/1560 1531/2272/1531 1530/2273/1530 
f 1561/2274/1561 1560/2275/1560 1530/2276/1530 
f 1561/2274/1561 1530/2276/1530 1529/2277/1529 
f 1544/2243/1544 1561/2274/1561 1529/2277/1529 
f 1544/2243/1544 1529/2277/1529 1514/2244/1514 
f 1545/2242/1545 1544/2243/1544 1514/2244/1514 
f 1545/2242/1545 1514/2244/1514 1513/2245/1513 
f 1566/2283/1566 1545/2242/1545 1513/2245/1513 
f 1566/2283/1566 1513/2245/1513 1532/2284/1532 
f 1567/2282/1567 1566/2283/1566 1532/2284/1532 
f 1567/2282/1567 1532/2284/1532 1535/2285/1535 
f 1564/2278/1564 1567/2279/1567 1535/2280/1535 
f 1564/2278/1564 1535/2280/1535 1534/2281/1534 
f 1556/2267/1556 1564/2278/1564 1534/2281/1534 
f 1556/2267/1556 1534/2281/1534 1526/2268/1526 
f 1557/2266/1557 1556/2267/1556 1526/2268/1526 
f 1557/2266/1557 1526/2268/1526 1525/2269/1525 
f 1571/2287/1571 1557/2266/1557 1525/2269/1525 
f 1571/2287/1571 1525/2269/1525 1539/2288/1539 
f 1568/2286/1568 1571/2287/1571 1539/2288/1539 
f 1568/2286/1568 1539/2288/1539 1538/2289/1538 
f 1569/2290/1569 1568/2291/1568 1538/2292/1538 
f 1569/2290/1569 1538/2292/1538 1537/2293/1537 
f 1548/2251/1548 1569/2290/1569 1537/2293/1537 
f 1548/2251/1548 1537/2293/1537 1518/2252/1518 
f 1549/2250/1549 1548/2251/1548 1518/2252/1518 
f 1549/2250/1549 1518/2252/1518 1517/2253/1517 
f 1574/2299/1574 1549/2250/1549 1517/2253/1517 
f 1574/2299/1574 1517/2253/1517 1540/2300/1540 
f 1575/2298/1575 1574/2299/1574 1540/2300/1540 
f 1575/2298/1575 1540/2300/1540 1543/2301/1543 
f 1572/2294/1572 1575/2295/1575 1543/2296/1543 
f 1572/2294/1572 1543/2296/1543 1542/2297/1542 
f 1552/2259/1552 1572/2294/1572 1542/2297/1542 
f 1552/2259/1552 1542/2297/1542 1522/2260/1522 
f 1553/2258/1553 1552/2259/1552 1522/2260/1522 
f 1553/2258/1553 1522/2260/1522 1521/2261/1521 
f 1563/2271/1563 1553/2258/1553 1521/2261/1521 
f 1563/2271/1563 1521/2261/1521 1531/2272/1531 
f 1521/2183/1521 1528/2190/1528 1531/2193/1531 
f 1528/2190/1528 1530/2192/1530 1531/2193/1531 
f 1528/2190/1528 1529/2191/1529 1530/2192/1530 
f 1515/2177/1515 1529/2191/1529 1528/2190/1528 
f 1515/2177/1515 1514/2176/1514 1529/2191/1529 
f 1521/2183/1521 1520/2182/1520 1528/2190/1528 
f 1520/2182/1520 1521/2183/1521 1522/2184/1522 
f 1520/2182/1520 1522/2184/1522 1523/2185/1523 
f 1523/2185/1523 1522/2184/1522 1542/2204/1542 
f 1523/2185/1523 1542/2204/1542 1541/2203/1541 
f 1540/2202/1540 1541/2203/1541 1542/2204/1542 
f 1540/2202/1540 1542/2204/1542 1543/2205/1543 
f 1517/2179/1517 1541/2203/1541 1540/2202/1540 
f 1517/2179/1517 1516/2178/1516 1541/2203/1541 
f 1516/2178/1516 1517/2179/1517 1518/2180/1518 
f 1516/2178/1516 1518/2180/1518 1519/2181/1519 
f 1519/2181/1519 1518/2180/1518 1537/2199/1537 
f 1519/2181/1519 1537/2199/1537 1536/2198/1536 
f 1536/2198/1536 1537/2199/1537 1538/2200/1538 
f 1536/2198/1536 1538/2200/1538 1539/2201/1539 
f 1525/2187/1525 1536/2198/1536 1539/2201/1539 
f 1525/2187/1525 1524/2186/1524 1536/2198/1536 
f 1524/2186/1524 1525/2187/1525 1526/2188/1526 
f 1524/2186/1524 1526/2188/1526 1527/2189/1527 
f 1527/2189/1527 1526/2188/1526 1534/2196/1534 
f 1527/2189/1527 1534/2196/1534 1533/2195/1533 
f 1532/2194/1532 1533/2195/1533 1534/2196/1534 
f 1532/2194/1532 1534/2196/1534 1535/2197/1535 
f 1513/2175/1513 1533/2195/1533 1532/2194/1532 
f 1513/2175/1513 1512/2174/1512 1533/2195/1533 
f 1562/2224/1562 1553/2215/1553 1563/2225/1563 
f 1562/2224/1562 1554/2216/1554 1553/2215/1553 
f 1552/2214/1552 1553/2215/1553 1554/2216/1554 
f 1552/2214/1552 1554/2216/1554 1555/2217/1555 
f 1572/2234/1572 1552/2214/1552 1555/2217/1555 
f 1572/2234/1572 1555/2217/1555 1573/2235/1573 
f 1572/2234/1572 1573/2235/1573 1574/2236/1574 
f 1572/2234/1572 1574/2236/1574 1575/2237/1575 
f 1573/2235/1573 1549/2211/1549 1574/2236/1574 
f 1573/2235/1573 1550/2212/1550 1549/2211/1549 
f 1548/2210/1548 1549/2211/1549 1550/2212/1550 
f 1548/2210/1548 1550/2212/1550 1551/2213/1551 
f 1569/2231/1569 1548/2210/1548 1551/2213/1551 
f 1569/2231/1569 1551/2213/1551 1570/2232/1570 
f 1568/2230/1568 1569/2231/1569 1570/2232/1570 
f 1568/2230/1568 1570/2232/1570 1571/2233/1571 
f 1570/2232/1570 1557/2219/1557 1571/2233/1571 
f 1570/2232/1570 1558/2220/1558 1557/2219/1557 
f 1556/2218/1556 1557/2219/1557 1558/2220/1558 
f 1556/2218/1556 1558/2220/1558 1559/2221/1559 
f 1564/2226/1564 1556/2218/1556 1559/2221/1559 
f 1564/2226/1564 1559/2221/1559 1565/2227/1565 
f 1564/2226/1564 1565/2227/1565 1566/2228/1566 
f 1564/2226/1564 1566/2228/1566 1567/2229/1567 
f 1565/2227/1565 1545/2207/1545 1566/2228/1566 
f 1565/2227/1565 1546/2208/1546 1545/2207/1545 
f 1544/2206/1544 1545/2207/1545 1546/2208/1546 
# mm_gid 22
g mmGroup22
usemtl 12281_container
f 1576/2318/1576 1577/2319/1577 1578/2320/1578 
f 1576/2318/1576 1578/2320/1578 1579/2321/1579 
f 1611/2382/1611 1576/2384/1576 1579/2385/1579 
f 1626/2454/1626 1611/2382/1611 1579/2385/1579 
f 1626/2454/1626 1579/2385/1579 1592/2455/1592 
f 1618/2399/1618 1626/2448/1626 1592/2449/1592 
f 1618/2399/1618 1592/2449/1592 1584/2400/1584 
f 1619/2398/1619 1618/2399/1618 1584/2400/1584 
f 1619/2398/1619 1584/2400/1584 1587/2401/1587 
f 1637/2446/1637 1619/2398/1619 1587/2401/1587 
f 1637/2446/1637 1587/2401/1587 1605/2447/1605 
f 1614/2391/1614 1637/2460/1637 1605/2461/1605 
f 1614/2391/1614 1605/2461/1605 1580/2392/1580 
f 1615/2390/1615 1614/2391/1614 1580/2392/1580 
f 1615/2390/1615 1580/2392/1580 1583/2393/1583 
f 1634/2458/1634 1615/2390/1615 1583/2393/1583 
f 1634/2458/1634 1583/2393/1583 1600/2459/1600 
f 1622/2407/1622 1634/2452/1634 1600/2453/1600 
f 1622/2407/1622 1600/2453/1600 1588/2408/1588 
f 1623/2406/1623 1622/2407/1622 1588/2408/1588 
f 1623/2406/1623 1588/2408/1588 1591/2409/1591 
f 1629/2450/1629 1623/2406/1623 1591/2409/1591 
f 1629/2450/1629 1591/2409/1591 1597/2451/1597 
f 1610/2383/1610 1629/2456/1629 1597/2457/1597 
f 1610/2383/1610 1597/2457/1597 1576/2384/1576 
f 1611/2382/1611 1610/2383/1610 1576/2384/1576 
f 1608/2350/1608 1610/2352/1610 1611/2353/1611 
f 1625/2367/1625 1608/2350/1608 1611/2353/1611 
f 1625/2367/1625 1611/2353/1611 1626/2368/1626 
f 1624/2366/1624 1625/2367/1625 1626/2368/1626 
f 1624/2366/1624 1626/2368/1626 1627/2369/1627 
f 1624/2414/1624 1627/2415/1627 1595/2416/1595 
f 1624/2414/1624 1595/2416/1595 1594/2417/1594 
f 1625/2418/1625 1624/2419/1624 1594/2420/1594 
f 1625/2418/1625 1594/2420/1594 1593/2421/1593 
f 1608/2387/1608 1625/2418/1625 1593/2421/1593 
f 1608/2387/1608 1593/2421/1593 1578/2388/1578 
f 1609/2386/1609 1608/2387/1608 1578/2388/1578 
f 1609/2386/1609 1578/2388/1578 1577/2389/1577 
f 1630/2427/1630 1609/2386/1609 1577/2389/1577 
f 1630/2427/1630 1577/2389/1577 1596/2428/1596 
f 1631/2426/1631 1630/2427/1630 1596/2428/1596 
f 1631/2426/1631 1596/2428/1596 1599/2429/1599 
f 1628/2422/1628 1631/2423/1631 1599/2424/1599 
f 1628/2422/1628 1599/2424/1599 1598/2425/1598 
f 1620/2411/1620 1628/2422/1628 1598/2425/1598 
f 1620/2411/1620 1598/2425/1598 1590/2412/1590 
f 1621/2410/1621 1620/2411/1620 1590/2412/1590 
f 1621/2410/1621 1590/2412/1590 1589/2413/1589 
f 1635/2431/1635 1621/2410/1621 1589/2413/1589 
f 1635/2431/1635 1589/2413/1589 1603/2432/1603 
f 1632/2430/1632 1635/2431/1635 1603/2432/1603 
f 1632/2430/1632 1603/2432/1603 1602/2433/1602 
f 1633/2434/1633 1632/2435/1632 1602/2436/1602 
f 1633/2434/1633 1602/2436/1602 1601/2437/1601 
f 1612/2395/1612 1633/2434/1633 1601/2437/1601 
f 1612/2395/1612 1601/2437/1601 1582/2396/1582 
f 1613/2394/1613 1612/2395/1612 1582/2396/1582 
f 1613/2394/1613 1582/2396/1582 1581/2397/1581 
f 1638/2443/1638 1613/2394/1613 1581/2397/1581 
f 1638/2443/1638 1581/2397/1581 1604/2444/1604 
f 1639/2442/1639 1638/2443/1638 1604/2444/1604 
f 1639/2442/1639 1604/2444/1604 1607/2445/1607 
f 1636/2438/1636 1639/2439/1639 1607/2440/1607 
f 1636/2438/1636 1607/2440/1607 1606/2441/1606 
f 1616/2403/1616 1636/2438/1636 1606/2441/1606 
f 1616/2403/1616 1606/2441/1606 1586/2404/1586 
f 1617/2402/1617 1616/2403/1616 1586/2404/1586 
f 1617/2402/1617 1586/2404/1586 1585/2405/1585 
f 1627/2415/1627 1617/2402/1617 1585/2405/1585 
f 1627/2415/1627 1585/2405/1585 1595/2416/1595 
f 1585/2327/1585 1592/2334/1592 1595/2337/1595 
f 1592/2334/1592 1594/2336/1594 1595/2337/1595 
f 1592/2334/1592 1593/2335/1593 1594/2336/1594 
f 1579/2321/1579 1593/2335/1593 1592/2334/1592 
f 1579/2321/1579 1578/2320/1578 1593/2335/1593 
f 1585/2327/1585 1584/2326/1584 1592/2334/1592 
f 1584/2326/1584 1585/2327/1585 1586/2328/1586 
f 1584/2326/1584 1586/2328/1586 1587/2329/1587 
f 1587/2329/1587 1586/2328/1586 1606/2348/1606 
f 1587/2329/1587 1606/2348/1606 1605/2347/1605 
f 1604/2346/1604 1605/2347/1605 1606/2348/1606 
f 1604/2346/1604 1606/2348/1606 1607/2349/1607 
f 1581/2323/1581 1605/2347/1605 1604/2346/1604 
f 1581/2323/1581 1580/2322/1580 1605/2347/1605 
f 1580/2322/1580 1581/2323/1581 1582/2324/1582 
f 1580/2322/1580 1582/2324/1582 1583/2325/1583 
f 1583/2325/1583 1582/2324/1582 1601/2343/1601 
f 1583/2325/1583 1601/2343/1601 1600/2342/1600 
f 1600/2342/1600 1601/2343/1601 1602/2344/1602 
f 1600/2342/1600 1602/2344/1602 1603/2345/1603 
f 1589/2331/1589 1600/2342/1600 1603/2345/1603 
f 1589/2331/1589 1588/2330/1588 1600/2342/1600 
f 1588/2330/1588 1589/2331/1589 1590/2332/1590 
f 1588/2330/1588 1590/2332/1590 1591/2333/1591 
f 1591/2333/1591 1590/2332/1590 1598/2340/1598 
f 1591/2333/1591 1598/2340/1598 1597/2339/1597 
f 1596/2338/1596 1597/2339/1597 1598/2340/1598 
f 1596/2338/1596 1598/2340/1598 1599/2341/1599 
f 1577/2319/1577 1597/2339/1597 1596/2338/1596 
f 1577/2319/1577 1576/2318/1576 1597/2339/1597 
f 1626/2368/1626 1617/2359/1617 1627/2369/1627 
f 1626/2368/1626 1618/2360/1618 1617/2359/1617 
f 1616/2358/1616 1617/2359/1617 1618/2360/1618 
f 1616/2358/1616 1618/2360/1618 1619/2361/1619 
f 1636/2378/1636 1616/2358/1616 1619/2361/1619 
f 1636/2378/1636 1619/2361/1619 1637/2379/1637 
f 1636/2378/1636 1637/2379/1637 1638/2380/1638 
f 1636/2378/1636 1638/2380/1638 1639/2381/1639 
f 1637/2379/1637 1613/2355/1613 1638/2380/1638 
f 1637/2379/1637 1614/2356/1614 1613/2355/1613 
f 1612/2354/1612 1613/2355/1613 1614/2356/1614 
f 1612/2354/1612 1614/2356/1614 1615/2357/1615 
f 1633/2375/1633 1612/2354/1612 1615/2357/1615 
f 1633/2375/1633 1615/2357/1615 1634/2376/1634 
f 1632/2374/1632 1633/2375/1633 1634/2376/1634 
f 1632/2374/1632 1634/2376/1634 1635/2377/1635 
f 1634/2376/1634 1621/2363/1621 1635/2377/1635 
f 1634/2376/1634 1622/2364/1622 1621/2363/1621 
f 1620/2362/1620 1621/2363/1621 1622/2364/1622 
f 1620/2362/1620 1622/2364/1622 1623/2365/1623 
f 1628/2370/1628 1620/2362/1620 1623/2365/1623 
f 1628/2370/1628 1623/2365/1623 1629/2371/1629 
f 1628/2370/1628 1629/2371/1629 1630/2372/1630 
f 1628/2370/1628 1630/2372/1630 1631/2373/1631 
f 1629/2371/1629 1609/2351/1609 1630/2372/1630 
f 1629/2371/1629 1610/2352/1610 1609/2351/1609 
f 1608/2350/1608 1609/2351/1609 1610/2352/1610 
# mm_gid 24
g mmGroup24
usemtl 12281_container
f 1640/2462/1640 1641/2463/1641 1642/2464/1642 
f 1682/2574/1682 1640/2576/1640 1642/2577/1642 
f 1688/2582/1688 1682/2574/1682 1642/2577/1642 
f 1688/2582/1688 1642/2577/1642 1668/2583/1668 
f 1695/2596/1695 1688/2582/1688 1668/2583/1668 
f 1695/2596/1695 1668/2583/1668 1673/2597/1673 
f 1694/2589/1694 1695/2596/1695 1673/2597/1673 
f 1694/2589/1694 1673/2597/1673 1672/2590/1672 
f 1692/2588/1692 1694/2589/1694 1672/2590/1672 
f 1692/2588/1692 1672/2590/1672 1671/2591/1671 
f 1689/2585/1689 1692/2592/1692 1671/2593/1671 
f 1689/2585/1689 1671/2593/1671 1670/2586/1670 
f 1690/2584/1690 1689/2585/1689 1670/2586/1670 
f 1690/2584/1690 1670/2586/1670 1669/2587/1669 
f 1708/2594/1708 1690/2584/1690 1669/2587/1669 
f 1708/2594/1708 1669/2587/1669 1706/2595/1706 
f 1697/2598/1697 1708/2594/1708 1706/2595/1706 
f 1697/2598/1697 1706/2595/1706 1674/2599/1674 
f 1684/2600/1684 1697/2598/1697 1674/2599/1674 
f 1684/2600/1684 1674/2599/1674 1640/2601/1640 
f 1682/2574/1682 1684/2575/1684 1640/2576/1640 
f 1682/2508/1682 1683/2509/1683 1684/2510/1684 
f 1683/2509/1683 1696/2522/1696 1684/2510/1684 
f 1696/2522/1696 1697/2523/1697 1684/2510/1684 
f 1708/2536/1708 1697/2523/1697 1696/2522/1696 
f 1690/2516/1690 1708/2536/1708 1696/2522/1696 
f 1690/2516/1690 1696/2522/1696 1691/2517/1691 
f 1689/2515/1689 1690/2516/1690 1691/2517/1691 
f 1692/2518/1692 1689/2515/1689 1691/2517/1691 
f 1692/2518/1692 1691/2517/1691 1693/2519/1693 
f 1692/2518/1692 1693/2519/1693 1694/2520/1694 
f 1695/2521/1695 1694/2520/1694 1693/2519/1693 
f 1683/2509/1683 1695/2521/1695 1693/2519/1693 
f 1704/2532/1704 1683/2525/1683 1693/2527/1693 
f 1703/2531/1703 1704/2532/1704 1693/2527/1693 
f 1699/2526/1699 1703/2531/1703 1693/2527/1693 
f 1699/2526/1699 1693/2527/1693 1700/2528/1700 
f 1701/2529/1701 1699/2526/1699 1700/2528/1700 
f 1702/2530/1702 1701/2529/1701 1700/2528/1700 
f 1686/2512/1686 1702/2530/1702 1700/2528/1700 
f 1686/2562/1686 1700/2563/1700 1711/2564/1711 
f 1686/2562/1686 1711/2564/1711 1710/2565/1710 
f 1710/2558/1710 1683/2560/1683 1686/2561/1686 
f 1686/2512/1686 1683/2525/1683 1687/2513/1687 
f 1685/2511/1685 1686/2512/1686 1687/2513/1687 
f 1685/2578/1685 1687/2579/1687 1643/2580/1643 
f 1685/2578/1685 1643/2580/1643 1645/2581/1645 
f 1698/2602/1698 1685/2578/1685 1645/2581/1645 
f 1698/2602/1698 1645/2581/1645 1675/2603/1675 
f 1702/2604/1702 1698/2602/1698 1675/2603/1675 
f 1702/2604/1702 1675/2603/1675 1678/2605/1678 
f 1701/2607/1701 1702/2604/1702 1678/2605/1678 
f 1701/2607/1701 1678/2605/1678 1677/2608/1677 
f 1699/2606/1699 1701/2607/1701 1677/2608/1677 
f 1699/2606/1699 1677/2608/1677 1676/2609/1676 
f 1703/2614/1703 1699/2616/1699 1676/2617/1676 
f 1703/2614/1703 1676/2617/1676 1680/2615/1680 
f 1704/2611/1704 1703/2614/1703 1680/2615/1680 
f 1704/2611/1704 1680/2615/1680 1679/2612/1679 
f 1709/2610/1709 1704/2611/1704 1679/2612/1679 
f 1709/2610/1709 1679/2612/1679 1707/2613/1707 
f 1705/2618/1705 1709/2610/1709 1707/2613/1707 
f 1705/2618/1705 1707/2613/1707 1681/2619/1681 
f 1687/2620/1687 1705/2618/1705 1681/2619/1681 
f 1687/2620/1687 1681/2619/1681 1643/2621/1643 
f 1643/2465/1643 1681/2507/1681 1650/2499/1650 
f 1643/2465/1643 1650/2499/1650 1644/2466/1644 
f 1643/2465/1643 1644/2466/1644 1645/2467/1645 
f 1644/2466/1644 1675/2498/1675 1645/2467/1645 
f 1678/2504/1678 1675/2498/1675 1644/2466/1644 
f 1678/2504/1678 1644/2466/1644 1665/2500/1665 
f 1665/2500/1665 1677/2503/1677 1678/2504/1678 
f 1665/2500/1665 1676/2502/1676 1677/2503/1677 
f 1665/2500/1665 1651/2501/1651 1676/2502/1676 
f 1651/2501/1651 1680/2506/1680 1676/2502/1676 
f 1651/2501/1651 1679/2505/1679 1680/2506/1680 
f 1650/2499/1650 1679/2505/1679 1651/2501/1651 
f 1651/2473/1651 1641/2463/1641 1650/2472/1650 
f 1649/2471/1649 1650/2472/1650 1641/2463/1641 
f 1649/2471/1649 1641/2463/1641 1646/2468/1646 
f 1649/2471/1649 1646/2468/1646 1648/2470/1648 
f 1649/2538/1649 1648/2539/1648 1656/2540/1656 
f 1649/2538/1649 1656/2540/1656 1657/2541/1657 
f 1650/2499/1650 1649/2550/1649 1657/2551/1657 
f 1650/2499/1650 1657/2551/1657 1644/2466/1644 
f 1657/2479/1657 1658/2480/1658 1644/2481/1644 
f 1644/2481/1644 1658/2480/1658 1666/2489/1666 
f 1644/2481/1644 1666/2489/1666 1665/2488/1665 
f 1665/2488/1665 1666/2489/1666 1667/2490/1667 
f 1652/2554/1652 1665/2500/1665 1667/2555/1667 
f 1660/2546/1660 1652/2547/1652 1667/2548/1667 
f 1660/2546/1660 1667/2548/1667 1663/2549/1663 
f 1663/2556/1663 1661/2542/1661 1660/2557/1660 
f 1659/2482/1659 1660/2483/1660 1661/2484/1661 
f 1659/2482/1659 1661/2484/1661 1647/2469/1647 
f 1659/2482/1659 1647/2469/1647 1646/2468/1646 
f 1646/2468/1646 1669/2492/1669 1659/2482/1659 
f 1659/2482/1659 1669/2492/1669 1670/2493/1670 
f 1659/2482/1659 1670/2493/1670 1671/2494/1671 
f 1653/2475/1653 1659/2482/1659 1671/2494/1671 
f 1653/2475/1653 1671/2494/1671 1672/2495/1672 
f 1653/2475/1653 1672/2495/1672 1673/2496/1673 
f 1673/2496/1673 1641/2463/1641 1653/2475/1653 
f 1651/2473/1651 1653/2475/1653 1641/2463/1641 
f 1651/2473/1651 1652/2474/1652 1653/2475/1653 
f 1660/2483/1660 1653/2475/1653 1652/2474/1652 
f 1660/2483/1660 1659/2482/1659 1653/2475/1653 
f 1652/2554/1652 1651/2501/1651 1665/2500/1665 
f 1673/2496/1673 1668/2491/1668 1641/2463/1641 
f 1641/2463/1641 1668/2491/1668 1642/2464/1642 
f 1646/2468/1646 1706/2534/1706 1669/2492/1669 
f 1646/2468/1646 1674/2497/1674 1706/2534/1706 
f 1640/2462/1640 1674/2497/1674 1646/2468/1646 
f 1640/2462/1640 1646/2468/1646 1641/2463/1641 
f 1646/2468/1646 1647/2469/1647 1648/2470/1648 
f 1654/2544/1654 1648/2553/1648 1647/2545/1647 
f 1661/2542/1661 1654/2544/1654 1647/2545/1647 
f 1661/2542/1661 1662/2543/1662 1654/2544/1654 
f 1662/2485/1662 1655/2477/1655 1654/2476/1654 
f 1654/2476/1654 1655/2477/1655 1656/2478/1656 
f 1654/2544/1654 1656/2552/1656 1648/2553/1648 
f 1658/2480/1658 1656/2478/1656 1655/2477/1655 
f 1664/2487/1664 1658/2480/1658 1655/2477/1655 
f 1662/2485/1662 1664/2487/1664 1655/2477/1655 
f 1662/2485/1662 1663/2486/1663 1664/2487/1664 
f 1667/2490/1667 1664/2487/1664 1663/2486/1663 
f 1667/2490/1667 1666/2489/1666 1664/2487/1664 
f 1664/2487/1664 1666/2489/1666 1658/2480/1658 
f 1663/2556/1663 1662/2543/1662 1661/2542/1661 
f 1658/2480/1658 1657/2479/1657 1656/2478/1656 
f 1650/2499/1650 1707/2535/1707 1679/2505/1679 
f 1650/2499/1650 1681/2507/1681 1707/2535/1707 
f 1683/2525/1683 1705/2533/1705 1687/2513/1687 
f 1709/2537/1709 1705/2533/1705 1683/2525/1683 
f 1704/2532/1704 1709/2537/1709 1683/2525/1683 
f 1686/2512/1686 1698/2524/1698 1702/2530/1702 
f 1685/2511/1685 1698/2524/1698 1686/2512/1686 
f 1710/2558/1710 1696/2559/1696 1683/2560/1683 
f 1710/2566/1710 1691/2568/1691 1696/2569/1696 
f 1710/2566/1710 1711/2567/1711 1691/2568/1691 
f 1700/2570/1700 1691/2572/1691 1711/2573/1711 
f 1700/2570/1700 1693/2571/1693 1691/2572/1691 
f 1683/2509/1683 1688/2514/1688 1695/2521/1695 
f 1682/2508/1682 1688/2514/1688 1683/2509/1683 
# mm_gid 26
g mmGroup26
usemtl 12281_container
f 1712/2622/1712 1713/2623/1713 1714/2624/1714 
f 1712/2622/1712 1714/2624/1714 1718/2660/1718 
f 1712/2622/1712 1718/2660/1718 1746/2661/1746 
f 1755/2760/1755 1712/2761/1712 1746/2759/1746 
f 1755/2760/1755 1746/2759/1746 1769/2758/1769 
f 1768/2684/1768 1755/2671/1755 1769/2685/1769 
f 1768/2684/1768 1769/2685/1769 1782/2732/1782 
f 1768/2684/1768 1782/2732/1782 1763/2679/1763 
f 1763/2679/1763 1762/2678/1762 1768/2684/1768 
f 1780/2724/1780 1768/2725/1768 1762/2726/1762 
f 1780/2724/1780 1762/2726/1762 1781/2727/1781 
f 1759/2720/1759 1780/2721/1780 1781/2722/1781 
f 1759/2720/1759 1781/2722/1781 1772/2723/1772 
f 1759/2675/1759 1772/2689/1772 1774/2692/1774 
f 1759/2675/1759 1774/2692/1774 1770/2686/1770 
f 1757/2673/1757 1759/2675/1759 1770/2686/1770 
f 1770/2762/1770 1716/2739/1716 1757/2738/1757 
f 1757/2738/1757 1716/2739/1716 1715/2740/1715 
f 1757/2738/1757 1715/2740/1715 1758/2741/1758 
f 1757/2673/1757 1758/2674/1758 1759/2675/1759 
f 1759/2675/1759 1758/2674/1758 1756/2687/1756 
f 1780/2716/1780 1759/2717/1759 1756/2718/1756 
f 1780/2716/1780 1756/2718/1756 1768/2719/1768 
f 1756/2672/1756 1755/2671/1755 1768/2684/1768 
f 1754/2670/1754 1755/2671/1755 1756/2672/1756 
f 1754/2670/1754 1756/2672/1756 1760/2676/1760 
f 1760/2742/1760 1713/2735/1713 1754/2734/1754 
f 1754/2734/1754 1713/2735/1713 1712/2736/1712 
f 1754/2734/1754 1712/2736/1712 1755/2737/1755 
f 1760/2742/1760 1740/2743/1740 1713/2735/1713 
f 1714/2624/1714 1713/2623/1713 1740/2652/1740 
f 1745/2659/1745 1714/2624/1714 1740/2652/1740 
f 1767/2757/1767 1745/2756/1745 1740/2743/1740 
f 1767/2757/1767 1740/2743/1740 1760/2742/1760 
f 1756/2672/1756 1767/2683/1767 1760/2676/1760 
f 1756/2672/1756 1766/2682/1766 1767/2683/1767 
f 1767/2683/1767 1766/2682/1766 1765/2681/1765 
f 1765/2751/1765 1745/2756/1745 1767/2757/1767 
f 1765/2751/1765 1743/2750/1743 1745/2756/1745 
f 1724/2656/1724 1745/2659/1745 1743/2657/1743 
f 1724/2656/1724 1743/2657/1743 1744/2658/1744 
f 1724/2656/1724 1744/2658/1744 1731/2653/1731 
f 1733/2702/1733 1724/2708/1724 1731/2709/1731 
f 1731/2643/1731 1732/2644/1732 1733/2645/1733 
f 1736/2713/1736 1733/2645/1733 1732/2644/1732 
f 1736/2713/1736 1732/2644/1732 1734/2701/1734 
f 1734/2646/1734 1735/2647/1735 1736/2648/1736 
f 1738/2650/1738 1736/2648/1736 1735/2647/1735 
f 1738/2650/1738 1735/2647/1735 1739/2651/1739 
f 1737/2649/1737 1738/2650/1738 1739/2651/1739 
f 1717/2641/1717 1737/2649/1737 1739/2651/1739 
f 1717/2641/1717 1739/2651/1739 1730/2642/1730 
f 1729/2640/1729 1717/2641/1717 1730/2642/1730 
f 1730/2642/1730 1727/2638/1727 1729/2640/1729 
f 1721/2696/1721 1729/2697/1729 1727/2698/1727 
f 1721/2696/1721 1727/2698/1727 1719/2699/1719 
f 1721/2696/1721 1719/2699/1719 1718/2706/1718 
f 1721/2696/1721 1718/2706/1718 1714/2707/1714 
f 1721/2631/1721 1714/2632/1714 1722/2633/1722 
f 1722/2633/1722 1729/2710/1729 1721/2631/1721 
f 1722/2633/1722 1717/2627/1717 1729/2710/1729 
f 1715/2625/1715 1717/2627/1717 1722/2633/1722 
f 1715/2625/1715 1722/2633/1722 1753/2669/1753 
f 1758/2780/1758 1715/2781/1715 1753/2779/1753 
f 1758/2780/1758 1753/2779/1753 1777/2778/1777 
f 1756/2687/1756 1758/2674/1758 1777/2695/1777 
f 1756/2687/1756 1777/2695/1777 1783/2733/1783 
f 1756/2687/1756 1783/2733/1783 1776/2694/1776 
f 1776/2694/1776 1766/2690/1766 1756/2687/1756 
f 1775/2693/1775 1766/2690/1766 1776/2694/1776 
f 1776/2773/1776 1751/2774/1751 1775/2775/1775 
f 1775/2775/1775 1751/2774/1751 1748/2776/1748 
f 1775/2775/1775 1748/2776/1748 1771/2777/1771 
f 1771/2688/1771 1766/2690/1766 1775/2693/1775 
f 1771/2688/1771 1772/2689/1772 1766/2690/1766 
f 1772/2728/1772 1762/2730/1762 1766/2731/1766 
f 1764/2680/1764 1766/2682/1766 1762/2678/1762 
f 1764/2680/1764 1762/2678/1762 1761/2677/1761 
f 1761/2747/1761 1744/2752/1744 1764/2753/1764 
f 1764/2748/1764 1744/2749/1744 1743/2750/1743 
f 1764/2748/1764 1743/2750/1743 1765/2751/1765 
f 1764/2680/1764 1765/2681/1765 1766/2682/1766 
f 1761/2747/1761 1741/2746/1741 1744/2752/1744 
f 1731/2653/1731 1744/2658/1744 1741/2654/1741 
f 1731/2653/1731 1741/2654/1741 1742/2655/1742 
f 1718/2660/1718 1731/2653/1731 1742/2655/1742 
f 1718/2660/1718 1742/2655/1742 1778/2714/1778 
f 1718/2660/1718 1778/2714/1778 1746/2661/1746 
f 1769/2758/1769 1746/2759/1746 1778/2755/1778 
f 1769/2758/1769 1778/2755/1778 1782/2754/1782 
f 1782/2754/1782 1778/2755/1778 1742/2745/1742 
f 1782/2754/1782 1742/2745/1742 1763/2744/1763 
f 1763/2744/1763 1742/2745/1742 1741/2746/1741 
f 1763/2744/1763 1741/2746/1741 1761/2747/1761 
f 1761/2677/1761 1762/2678/1762 1763/2679/1763 
f 1731/2643/1731 1718/2628/1718 1720/2630/1720 
f 1731/2643/1731 1720/2630/1720 1732/2644/1732 
f 1732/2644/1732 1720/2630/1720 1726/2700/1726 
f 1732/2644/1732 1726/2700/1726 1734/2701/1734 
f 1734/2646/1734 1726/2637/1726 1728/2639/1728 
f 1734/2646/1734 1728/2639/1728 1735/2647/1735 
f 1735/2647/1735 1728/2639/1728 1730/2642/1730 
f 1735/2647/1735 1730/2642/1730 1739/2651/1739 
f 1730/2642/1730 1728/2639/1728 1727/2638/1727 
f 1726/2637/1726 1727/2638/1727 1728/2639/1728 
f 1726/2700/1726 1719/2629/1719 1727/2711/1727 
f 1726/2700/1726 1720/2630/1720 1719/2629/1719 
f 1718/2628/1718 1719/2629/1719 1720/2630/1720 
f 1772/2728/1772 1781/2729/1781 1762/2730/1762 
f 1773/2691/1773 1772/2689/1772 1771/2688/1771 
f 1771/2766/1771 1749/2768/1749 1773/2769/1773 
f 1773/2769/1773 1749/2768/1749 1750/2765/1750 
f 1773/2769/1773 1750/2765/1750 1774/2764/1774 
f 1774/2692/1774 1772/2689/1772 1773/2691/1773 
f 1774/2764/1774 1750/2765/1750 1747/2763/1747 
f 1774/2764/1774 1747/2763/1747 1770/2762/1770 
f 1770/2762/1770 1747/2763/1747 1716/2739/1716 
f 1717/2627/1717 1716/2626/1716 1747/2662/1747 
f 1750/2666/1750 1717/2627/1717 1747/2662/1747 
f 1750/2666/1750 1737/2663/1737 1717/2627/1717 
f 1737/2663/1737 1750/2666/1750 1749/2665/1749 
f 1737/2663/1737 1749/2665/1749 1748/2664/1748 
f 1737/2663/1737 1748/2664/1748 1723/2634/1723 
f 1725/2636/1725 1737/2663/1737 1723/2634/1723 
f 1723/2634/1723 1724/2635/1724 1725/2636/1725 
f 1733/2702/1733 1725/2705/1725 1724/2708/1724 
f 1733/2702/1733 1738/2704/1738 1725/2705/1725 
f 1725/2636/1725 1738/2712/1738 1737/2663/1737 
f 1733/2702/1733 1736/2703/1736 1738/2704/1738 
f 1723/2634/1723 1714/2632/1714 1724/2635/1724 
f 1745/2659/1745 1724/2656/1724 1714/2624/1714 
f 1723/2634/1723 1722/2633/1722 1714/2632/1714 
f 1722/2633/1722 1723/2634/1723 1752/2668/1752 
f 1722/2633/1722 1752/2668/1752 1779/2715/1779 
f 1722/2633/1722 1779/2715/1779 1753/2669/1753 
f 1777/2778/1777 1753/2779/1753 1779/2771/1779 
f 1777/2778/1777 1779/2771/1779 1783/2770/1783 
f 1783/2770/1783 1779/2771/1779 1752/2772/1752 
f 1783/2770/1783 1752/2772/1752 1776/2773/1776 
f 1776/2773/1776 1752/2772/1752 1751/2774/1751 
f 1723/2634/1723 1751/2667/1751 1752/2668/1752 
f 1723/2634/1723 1748/2664/1748 1751/2667/1751 
f 1771/2766/1771 1748/2767/1748 1749/2768/1749 
f 1715/2625/1715 1716/2626/1716 1717/2627/1717 
# mm_gid 28
g mmGroup28
usemtl 12281_container
f 1784/2782/1784 1785/2783/1785 1786/2784/1786 
f 1826/2894/1826 1784/2896/1784 1786/2897/1786 
f 1832/2902/1832 1826/2894/1826 1786/2897/1786 
f 1832/2902/1832 1786/2897/1786 1812/2903/1812 
f 1839/2916/1839 1832/2902/1832 1812/2903/1812 
f 1839/2916/1839 1812/2903/1812 1817/2917/1817 
f 1838/2909/1838 1839/2916/1839 1817/2917/1817 
f 1838/2909/1838 1817/2917/1817 1816/2910/1816 
f 1836/2908/1836 1838/2909/1838 1816/2910/1816 
f 1836/2908/1836 1816/2910/1816 1815/2911/1815 
f 1833/2905/1833 1836/2912/1836 1815/2913/1815 
f 1833/2905/1833 1815/2913/1815 1814/2906/1814 
f 1834/2904/1834 1833/2905/1833 1814/2906/1814 
f 1834/2904/1834 1814/2906/1814 1813/2907/1813 
f 1852/2914/1852 1834/2904/1834 1813/2907/1813 
f 1852/2914/1852 1813/2907/1813 1850/2915/1850 
f 1841/2918/1841 1852/2914/1852 1850/2915/1850 
f 1841/2918/1841 1850/2915/1850 1818/2919/1818 
f 1828/2920/1828 1841/2918/1841 1818/2919/1818 
f 1828/2920/1828 1818/2919/1818 1784/2921/1784 
f 1826/2894/1826 1828/2895/1828 1784/2896/1784 
f 1826/2830/1826 1827/2831/1827 1828/2832/1828 
f 1827/2831/1827 1840/2844/1840 1828/2832/1828 
f 1840/2844/1840 1841/2845/1841 1828/2832/1828 
f 1852/2858/1852 1841/2845/1841 1840/2844/1840 
f 1834/2838/1834 1852/2858/1852 1840/2844/1840 
f 1834/2838/1834 1840/2844/1840 1835/2839/1835 
f 1833/2837/1833 1834/2838/1834 1835/2839/1835 
f 1836/2840/1836 1833/2837/1833 1835/2839/1835 
f 1836/2840/1836 1835/2839/1835 1837/2841/1837 
f 1836/2840/1836 1837/2841/1837 1838/2842/1838 
f 1839/2843/1839 1838/2842/1838 1837/2841/1837 
f 1827/2831/1827 1839/2843/1839 1837/2841/1837 
f 1848/2854/1848 1827/2847/1827 1837/2849/1837 
f 1847/2853/1847 1848/2854/1848 1837/2849/1837 
f 1843/2848/1843 1847/2853/1847 1837/2849/1837 
f 1843/2848/1843 1837/2849/1837 1844/2850/1844 
f 1845/2851/1845 1843/2848/1843 1844/2850/1844 
f 1846/2852/1846 1845/2851/1845 1844/2850/1844 
f 1830/2834/1830 1846/2852/1846 1844/2850/1844 
f 1830/2882/1830 1844/2883/1844 1855/2884/1855 
f 1830/2882/1830 1855/2884/1855 1854/2885/1854 
f 1854/2878/1854 1827/2880/1827 1830/2881/1830 
f 1830/2834/1830 1827/2847/1827 1831/2835/1831 
f 1829/2833/1829 1830/2834/1830 1831/2835/1831 
f 1829/2898/1829 1831/2899/1831 1787/2900/1787 
f 1829/2898/1829 1787/2900/1787 1789/2901/1789 
f 1842/2922/1842 1829/2898/1829 1789/2901/1789 
f 1842/2922/1842 1789/2901/1789 1819/2923/1819 
f 1846/2924/1846 1842/2922/1842 1819/2923/1819 
f 1846/2924/1846 1819/2923/1819 1822/2925/1822 
f 1845/2927/1845 1846/2930/1846 1822/2931/1822 
f 1845/2927/1845 1822/2931/1822 1821/2928/1821 
f 1843/2926/1843 1845/2927/1845 1821/2928/1821 
f 1843/2926/1843 1821/2928/1821 1820/2929/1820 
f 1847/2936/1847 1843/2938/1843 1820/2939/1820 
f 1847/2936/1847 1820/2939/1820 1824/2937/1824 
f 1848/2933/1848 1847/2936/1847 1824/2937/1824 
f 1848/2933/1848 1824/2937/1824 1823/2934/1823 
f 1853/2932/1853 1848/2933/1848 1823/2934/1823 
f 1853/2932/1853 1823/2934/1823 1851/2935/1851 
f 1849/2940/1849 1853/2932/1853 1851/2935/1851 
f 1849/2940/1849 1851/2935/1851 1825/2941/1825 
f 1831/2942/1831 1849/2940/1849 1825/2941/1825 
f 1831/2942/1831 1825/2941/1825 1787/2943/1787 
f 1787/2785/1787 1825/2829/1825 1794/2792/1794 
f 1787/2785/1787 1794/2792/1794 1788/2786/1788 
f 1787/2785/1787 1788/2786/1788 1789/2787/1789 
f 1788/2786/1788 1819/2822/1819 1789/2787/1789 
f 1822/2826/1822 1819/2822/1819 1788/2786/1788 
f 1822/2826/1822 1788/2786/1788 1809/2823/1809 
f 1809/2823/1809 1821/2825/1821 1822/2826/1822 
f 1809/2823/1809 1820/2824/1820 1821/2825/1821 
f 1809/2823/1809 1795/2794/1795 1820/2824/1820 
f 1795/2794/1795 1824/2828/1824 1820/2824/1820 
f 1795/2794/1795 1823/2827/1823 1824/2828/1824 
f 1794/2792/1794 1823/2827/1823 1795/2794/1795 
f 1795/2794/1795 1785/2793/1785 1794/2792/1794 
f 1793/2791/1793 1794/2792/1794 1785/2793/1785 
f 1793/2860/1793 1785/2870/1785 1790/2871/1790 
f 1793/2860/1793 1790/2871/1790 1792/2861/1792 
f 1793/2860/1793 1792/2861/1792 1800/2862/1800 
f 1793/2860/1793 1800/2862/1800 1801/2863/1801 
f 1794/2792/1794 1793/2791/1793 1801/2874/1801 
f 1794/2792/1794 1801/2874/1801 1788/2786/1788 
f 1801/2800/1801 1802/2801/1802 1788/2802/1788 
f 1788/2802/1788 1802/2801/1802 1810/2810/1810 
f 1788/2802/1788 1810/2810/1810 1809/2809/1809 
f 1809/2809/1809 1810/2810/1810 1811/2811/1811 
f 1796/2795/1796 1809/2823/1809 1811/2876/1811 
f 1804/2866/1804 1796/2867/1796 1811/2868/1811 
f 1804/2866/1804 1811/2868/1811 1807/2869/1807 
f 1807/2877/1807 1805/2805/1805 1804/2804/1804 
f 1803/2803/1803 1804/2804/1804 1805/2805/1805 
f 1803/2803/1803 1805/2805/1805 1791/2789/1791 
f 1803/2803/1803 1791/2789/1791 1790/2788/1790 
f 1790/2821/1790 1813/2814/1813 1803/2813/1803 
f 1803/2813/1803 1813/2814/1813 1814/2815/1814 
f 1803/2813/1803 1814/2815/1814 1815/2817/1815 
f 1797/2816/1797 1803/2813/1803 1815/2817/1815 
f 1797/2816/1797 1815/2817/1815 1816/2818/1816 
f 1797/2816/1797 1816/2818/1816 1817/2819/1817 
f 1817/2819/1817 1785/2783/1785 1797/2816/1797 
f 1795/2794/1795 1797/2796/1797 1785/2793/1785 
f 1795/2794/1795 1796/2795/1796 1797/2796/1797 
f 1804/2866/1804 1797/2873/1797 1796/2867/1796 
f 1804/2866/1804 1803/2872/1803 1797/2873/1797 
f 1796/2795/1796 1795/2794/1795 1809/2823/1809 
f 1817/2819/1817 1812/2812/1812 1785/2783/1785 
f 1785/2783/1785 1812/2812/1812 1786/2784/1786 
f 1790/2821/1790 1850/2856/1850 1813/2814/1813 
f 1790/2821/1790 1818/2820/1818 1850/2856/1850 
f 1784/2782/1784 1818/2820/1818 1790/2821/1790 
f 1784/2782/1784 1790/2821/1790 1785/2783/1785 
f 1790/2788/1790 1791/2789/1791 1792/2790/1792 
f 1798/2865/1798 1792/2790/1792 1791/2789/1791 
f 1805/2805/1805 1798/2865/1798 1791/2789/1791 
f 1805/2805/1805 1806/2864/1806 1798/2865/1798 
f 1806/2806/1806 1799/2798/1799 1798/2797/1798 
f 1798/2797/1798 1799/2798/1799 1800/2799/1800 
f 1798/2865/1798 1800/2875/1800 1792/2790/1792 
f 1802/2801/1802 1800/2799/1800 1799/2798/1799 
f 1808/2808/1808 1802/2801/1802 1799/2798/1799 
f 1806/2806/1806 1808/2808/1808 1799/2798/1799 
f 1806/2806/1806 1807/2807/1807 1808/2808/1808 
f 1811/2811/1811 1808/2808/1808 1807/2807/1807 
f 1811/2811/1811 1810/2810/1810 1808/2808/1808 
f 1808/2808/1808 1810/2810/1810 1802/2801/1802 
f 1807/2877/1807 1806/2864/1806 1805/2805/1805 
f 1802/2801/1802 1801/2800/1801 1800/2799/1800 
f 1794/2792/1794 1851/2857/1851 1823/2827/1823 
f 1794/2792/1794 1825/2829/1825 1851/2857/1851 
f 1827/2847/1827 1849/2855/1849 1831/2835/1831 
f 1853/2859/1853 1849/2855/1849 1827/2847/1827 
f 1848/2854/1848 1853/2859/1853 1827/2847/1827 
f 1830/2834/1830 1842/2846/1842 1846/2852/1846 
f 1829/2833/1829 1842/2846/1842 1830/2834/1830 
f 1854/2878/1854 1840/2879/1840 1827/2880/1827 
f 1854/2886/1854 1835/2888/1835 1840/2889/1840 
f 1854/2886/1854 1855/2887/1855 1835/2888/1835 
f 1844/2890/1844 1835/2892/1835 1855/2893/1855 
f 1844/2890/1844 1837/2891/1837 1835/2892/1835 
f 1827/2831/1827 1832/2836/1832 1839/2843/1839 
f 1826/2830/1826 1832/2836/1832 1827/2831/1827 
# mm_gid 30
g mmGroup30
usemtl 12281_container
f 1856/2944/1856 1857/2945/1857 1858/2946/1858 
f 1856/2944/1856 1858/2946/1858 1862/2950/1862 
f 1856/2944/1856 1862/2950/1862 1890/2979/1890 
f 1899/3082/1899 1856/3083/1856 1890/3081/1890 
f 1899/3082/1899 1890/3081/1890 1913/3080/1913 
f 1912/3004/1912 1899/2991/1899 1913/3005/1913 
f 1912/3004/1912 1913/3005/1913 1926/3054/1926 
f 1912/3004/1912 1926/3054/1926 1907/2999/1907 
f 1907/2999/1907 1906/2998/1906 1912/3004/1912 
f 1924/3046/1924 1912/3047/1912 1906/3048/1906 
f 1924/3046/1924 1906/3048/1906 1925/3049/1925 
f 1903/3042/1903 1924/3043/1924 1925/3044/1925 
f 1903/3042/1903 1925/3044/1925 1916/3045/1916 
f 1903/2995/1903 1916/3009/1916 1918/3012/1918 
f 1903/2995/1903 1918/3012/1918 1914/3006/1914 
f 1901/2993/1901 1903/2995/1903 1914/3006/1914 
f 1914/3084/1914 1860/3061/1860 1901/3060/1901 
f 1901/3060/1901 1860/3061/1860 1859/3062/1859 
f 1901/3060/1901 1859/3062/1859 1902/3063/1902 
f 1901/2993/1901 1902/2994/1902 1903/2995/1903 
f 1903/2995/1903 1902/2994/1902 1900/3007/1900 
f 1924/3038/1924 1903/3039/1903 1900/3040/1900 
f 1924/3038/1924 1900/3040/1900 1912/3041/1912 
f 1900/2992/1900 1899/2991/1899 1912/3004/1912 
f 1898/2990/1898 1899/2991/1899 1900/2992/1900 
f 1898/2990/1898 1900/2992/1900 1904/2996/1904 
f 1904/3064/1904 1857/3057/1857 1898/3056/1898 
f 1898/3056/1898 1857/3057/1857 1856/3058/1856 
f 1898/3056/1898 1856/3058/1856 1899/3059/1899 
f 1904/3064/1904 1884/3065/1884 1857/3057/1857 
f 1858/2946/1858 1857/2945/1857 1884/2973/1884 
f 1889/2978/1889 1858/2946/1858 1884/2973/1884 
f 1911/3079/1911 1889/3078/1889 1884/3065/1884 
f 1911/3079/1911 1884/3065/1884 1904/3064/1904 
f 1900/2992/1900 1911/3003/1911 1904/2996/1904 
f 1900/2992/1900 1910/3002/1910 1911/3003/1911 
f 1911/3003/1911 1910/3002/1910 1909/3001/1909 
f 1909/3073/1909 1889/3078/1889 1911/3079/1911 
f 1909/3073/1909 1887/3072/1887 1889/3078/1889 
f 1868/2956/1868 1889/2978/1889 1887/2976/1887 
f 1868/2956/1868 1887/2976/1887 1888/2977/1888 
f 1868/2956/1868 1888/2977/1888 1875/2964/1875 
f 1877/2966/1877 1868/2956/1868 1875/2964/1875 
f 1875/2964/1875 1876/2965/1876 1877/2966/1877 
f 1880/3025/1880 1877/3024/1877 1876/3034/1876 
f 1880/3025/1880 1876/3034/1876 1878/3035/1878 
f 1878/2967/1878 1879/2968/1879 1880/2969/1880 
f 1882/2971/1882 1880/2969/1880 1879/2968/1879 
f 1882/2971/1882 1879/2968/1879 1883/2972/1883 
f 1881/2970/1881 1882/2971/1882 1883/2972/1883 
f 1861/2962/1861 1881/2970/1881 1883/2972/1883 
f 1861/2962/1861 1883/2972/1883 1874/2963/1874 
f 1873/2961/1873 1861/2962/1861 1874/2963/1874 
f 1874/2963/1874 1871/2959/1871 1873/2961/1873 
f 1865/3016/1865 1873/3017/1873 1871/3018/1871 
f 1865/3016/1865 1871/3018/1871 1863/3019/1863 
f 1865/2953/1865 1863/2951/1863 1862/2950/1862 
f 1865/2953/1865 1862/2950/1862 1858/2946/1858 
f 1865/2953/1865 1858/2946/1858 1866/2954/1866 
f 1866/3028/1866 1873/3017/1873 1865/3016/1865 
f 1866/3028/1866 1861/3029/1861 1873/3017/1873 
f 1859/2947/1859 1861/2949/1861 1866/2981/1866 
f 1859/2947/1859 1866/2981/1866 1897/2989/1897 
f 1902/3102/1902 1859/3103/1859 1897/3101/1897 
f 1902/3102/1902 1897/3101/1897 1921/3100/1921 
f 1900/3007/1900 1902/2994/1902 1921/3015/1921 
f 1900/3007/1900 1921/3015/1921 1927/3055/1927 
f 1900/3007/1900 1927/3055/1927 1920/3014/1920 
f 1920/3014/1920 1910/3010/1910 1900/3007/1900 
f 1919/3013/1919 1910/3010/1910 1920/3014/1920 
f 1920/3095/1920 1895/3096/1895 1919/3097/1919 
f 1919/3097/1919 1895/3096/1895 1892/3098/1892 
f 1919/3097/1919 1892/3098/1892 1915/3099/1915 
f 1915/3008/1915 1910/3010/1910 1919/3013/1919 
f 1915/3008/1915 1916/3009/1916 1910/3010/1910 
f 1916/3050/1916 1906/3052/1906 1910/3053/1910 
f 1908/3000/1908 1910/3002/1910 1906/2998/1906 
f 1908/3000/1908 1906/2998/1906 1905/2997/1905 
f 1905/3069/1905 1888/3074/1888 1908/3075/1908 
f 1908/3070/1908 1888/3071/1888 1887/3072/1887 
f 1908/3070/1908 1887/3072/1887 1909/3073/1909 
f 1908/3000/1908 1909/3001/1909 1910/3002/1910 
f 1905/3069/1905 1885/3068/1885 1888/3074/1888 
f 1875/2964/1875 1888/2977/1888 1885/2974/1885 
f 1875/2964/1875 1885/2974/1885 1886/2975/1886 
f 1862/2950/1862 1875/2964/1875 1886/2975/1886 
f 1862/2950/1862 1886/2975/1886 1922/3036/1922 
f 1862/2950/1862 1922/3036/1922 1890/2979/1890 
f 1913/3080/1913 1890/3081/1890 1922/3077/1922 
f 1913/3080/1913 1922/3077/1922 1926/3076/1926 
f 1926/3076/1926 1922/3077/1922 1886/3067/1886 
f 1926/3076/1926 1886/3067/1886 1907/3066/1907 
f 1907/3066/1907 1886/3067/1886 1885/3068/1885 
f 1907/3066/1907 1885/3068/1885 1905/3069/1905 
f 1905/2997/1905 1906/2998/1906 1907/2999/1907 
f 1875/2964/1875 1862/2950/1862 1864/2952/1864 
f 1875/2964/1875 1864/2952/1864 1876/2965/1876 
f 1876/3020/1876 1864/3021/1864 1870/3022/1870 
f 1876/3020/1876 1870/3022/1870 1878/3023/1878 
f 1878/2967/1878 1870/2958/1870 1872/2960/1872 
f 1878/2967/1878 1872/2960/1872 1879/2968/1879 
f 1879/2968/1879 1872/2960/1872 1874/2963/1874 
f 1879/2968/1879 1874/2963/1874 1883/2972/1883 
f 1874/2963/1874 1872/2960/1872 1871/2959/1871 
f 1870/2958/1870 1871/2959/1871 1872/2960/1872 
f 1870/3030/1870 1863/3019/1863 1871/3018/1871 
f 1870/3030/1870 1864/3031/1864 1863/3019/1863 
f 1862/2950/1862 1863/2951/1863 1864/2952/1864 
f 1916/3050/1916 1925/3051/1925 1906/3052/1906 
f 1917/3011/1917 1916/3009/1916 1915/3008/1915 
f 1915/3088/1915 1893/3090/1893 1917/3091/1917 
f 1917/3091/1917 1893/3090/1893 1894/3087/1894 
f 1917/3091/1917 1894/3087/1894 1918/3086/1918 
f 1918/3012/1918 1916/3009/1916 1917/3011/1917 
f 1918/3086/1918 1894/3087/1894 1891/3085/1891 
f 1918/3086/1918 1891/3085/1891 1914/3084/1914 
f 1914/3084/1914 1891/3085/1891 1860/3061/1860 
f 1861/2949/1861 1860/2948/1860 1891/2980/1891 
f 1894/2986/1894 1861/2949/1861 1891/2980/1891 
f 1894/2986/1894 1881/2982/1881 1861/2949/1861 
f 1881/2982/1881 1894/2986/1894 1893/2985/1893 
f 1881/2982/1881 1893/2985/1893 1892/2983/1892 
f 1881/2982/1881 1892/2983/1892 1867/2984/1867 
f 1869/3027/1869 1881/3032/1881 1867/3033/1867 
f 1867/2955/1867 1868/2956/1868 1869/2957/1869 
f 1877/2966/1877 1869/2957/1869 1868/2956/1868 
f 1877/3024/1877 1882/3026/1882 1869/3027/1869 
f 1869/3027/1869 1882/3026/1882 1881/3032/1881 
f 1877/3024/1877 1880/3025/1880 1882/3026/1882 
f 1867/2955/1867 1858/2946/1858 1868/2956/1868 
f 1889/2978/1889 1868/2956/1868 1858/2946/1858 
f 1867/2955/1867 1866/2954/1866 1858/2946/1858 
f 1866/2981/1866 1867/2984/1867 1896/2988/1896 
f 1866/2981/1866 1896/2988/1896 1923/3037/1923 
f 1866/2981/1866 1923/3037/1923 1897/2989/1897 
f 1921/3100/1921 1897/3101/1897 1923/3093/1923 
f 1921/3100/1921 1923/3093/1923 1927/3092/1927 
f 1927/3092/1927 1923/3093/1923 1896/3094/1896 
f 1927/3092/1927 1896/3094/1896 1920/3095/1920 
f 1920/3095/1920 1896/3094/1896 1895/3096/1895 
f 1867/2984/1867 1895/2987/1895 1896/2988/1896 
f 1867/2984/1867 1892/2983/1892 1895/2987/1895 
f 1915/3088/1915 1892/3089/1892 1893/3090/1893 
f 1859/2947/1859 1860/2948/1860 1861/2949/1861 
# mm_gid 32
g mmGroup32
usemtl 12281_container
f 1928/3104/1928 1929/3105/1929 1930/3106/1930 
f 1970/3222/1970 1928/3224/1928 1930/3225/1930 
f 1976/3230/1976 1970/3222/1970 1930/3225/1930 
f 1976/3230/1976 1930/3225/1930 1956/3231/1956 
f 1983/3244/1983 1976/3230/1976 1956/3231/1956 
f 1983/3244/1983 1956/3231/1956 1961/3245/1961 
f 1982/3237/1982 1983/3244/1983 1961/3245/1961 
f 1982/3237/1982 1961/3245/1961 1960/3238/1960 
f 1980/3236/1980 1982/3237/1982 1960/3238/1960 
f 1980/3236/1980 1960/3238/1960 1959/3239/1959 
f 1977/3233/1977 1980/3240/1980 1959/3241/1959 
f 1977/3233/1977 1959/3241/1959 1958/3234/1958 
f 1978/3232/1978 1977/3233/1977 1958/3234/1958 
f 1978/3232/1978 1958/3234/1958 1957/3235/1957 
f 1996/3242/1996 1978/3232/1978 1957/3235/1957 
f 1996/3242/1996 1957/3235/1957 1994/3243/1994 
f 1985/3246/1985 1996/3242/1996 1994/3243/1994 
f 1985/3246/1985 1994/3243/1994 1962/3247/1962 
f 1972/3248/1972 1985/3246/1985 1962/3247/1962 
f 1972/3248/1972 1962/3247/1962 1928/3249/1928 
f 1970/3222/1970 1972/3223/1972 1928/3224/1928 
f 1970/3150/1970 1971/3151/1971 1972/3152/1972 
f 1971/3151/1971 1984/3164/1984 1972/3152/1972 
f 1984/3164/1984 1985/3165/1985 1972/3152/1972 
f 1996/3184/1996 1985/3165/1985 1984/3164/1984 
f 1978/3158/1978 1996/3184/1996 1984/3164/1984 
f 1978/3158/1978 1984/3164/1984 1979/3159/1979 
f 1977/3157/1977 1978/3158/1978 1979/3159/1979 
f 1980/3160/1980 1977/3157/1977 1979/3159/1979 
f 1980/3160/1980 1979/3159/1979 1981/3161/1981 
f 1980/3160/1980 1981/3161/1981 1982/3162/1982 
f 1983/3163/1983 1982/3162/1982 1981/3161/1981 
f 1971/3151/1971 1983/3163/1983 1981/3161/1981 
f 1992/3178/1992 1971/3180/1971 1981/3179/1981 
f 1991/3177/1991 1992/3178/1992 1981/3179/1981 
f 1987/3174/1987 1991/3177/1991 1981/3179/1981 
f 1987/3170/1987 1981/3171/1981 1988/3172/1988 
f 1989/3173/1989 1987/3174/1987 1988/3175/1988 
f 1990/3176/1990 1989/3173/1989 1988/3175/1988 
f 1974/3154/1974 1990/3176/1990 1988/3175/1988 
f 1974/3210/1974 1988/3211/1988 1999/3212/1999 
f 1974/3210/1974 1999/3212/1999 1998/3213/1998 
f 1998/3206/1998 1971/3208/1971 1974/3209/1974 
f 1974/3167/1974 1971/3168/1971 1975/3169/1975 
f 1973/3153/1973 1974/3154/1974 1975/3155/1975 
f 1973/3226/1973 1975/3227/1975 1931/3228/1931 
f 1973/3226/1973 1931/3228/1931 1933/3229/1933 
f 1986/3250/1986 1973/3226/1973 1933/3229/1933 
f 1986/3250/1986 1933/3229/1933 1963/3251/1963 
f 1990/3252/1990 1986/3250/1986 1963/3251/1963 
f 1990/3252/1990 1963/3251/1963 1966/3253/1966 
f 1989/3255/1989 1990/3252/1990 1966/3253/1966 
f 1989/3255/1989 1966/3253/1966 1965/3256/1965 
f 1987/3254/1987 1989/3255/1989 1965/3256/1965 
f 1987/3254/1987 1965/3256/1965 1964/3257/1964 
f 1991/3262/1991 1987/3264/1987 1964/3265/1964 
f 1991/3262/1991 1964/3265/1964 1968/3263/1968 
f 1992/3259/1992 1991/3262/1991 1968/3263/1968 
f 1992/3259/1992 1968/3263/1968 1967/3260/1967 
f 1997/3258/1997 1992/3259/1992 1967/3260/1967 
f 1997/3258/1997 1967/3260/1967 1995/3261/1995 
f 1993/3266/1993 1997/3258/1997 1995/3261/1995 
f 1993/3266/1993 1995/3261/1995 1969/3267/1969 
f 1975/3268/1975 1993/3266/1993 1969/3267/1969 
f 1975/3268/1975 1969/3267/1969 1931/3269/1931 
f 1931/3107/1931 1969/3149/1969 1938/3141/1938 
f 1931/3107/1931 1938/3141/1938 1932/3108/1932 
f 1931/3107/1931 1932/3108/1932 1933/3109/1933 
f 1932/3108/1932 1963/3140/1963 1933/3109/1933 
f 1966/3146/1966 1963/3140/1963 1932/3108/1932 
f 1966/3146/1966 1932/3108/1932 1953/3142/1953 
f 1953/3142/1953 1965/3145/1965 1966/3146/1966 
f 1953/3142/1953 1964/3144/1964 1965/3145/1965 
f 1953/3142/1953 1939/3143/1939 1964/3144/1964 
f 1939/3143/1939 1968/3148/1968 1964/3144/1964 
f 1939/3143/1939 1967/3147/1967 1968/3148/1968 
f 1938/3141/1938 1967/3147/1967 1939/3143/1939 
f 1939/3115/1939 1929/3105/1929 1938/3114/1938 
f 1937/3113/1937 1938/3114/1938 1929/3105/1929 
f 1937/3113/1937 1929/3105/1929 1934/3110/1934 
f 1937/3113/1937 1934/3110/1934 1936/3112/1936 
f 1937/3186/1937 1936/3187/1936 1944/3188/1944 
f 1937/3186/1937 1944/3188/1944 1945/3189/1945 
f 1938/3198/1938 1937/3186/1937 1945/3189/1945 
f 1938/3198/1938 1945/3189/1945 1932/3199/1932 
f 1945/3121/1945 1946/3122/1946 1932/3123/1932 
f 1932/3123/1932 1946/3122/1946 1954/3131/1954 
f 1932/3123/1932 1954/3131/1954 1953/3130/1953 
f 1953/3130/1953 1954/3131/1954 1955/3132/1955 
f 1940/3195/1940 1953/3203/1953 1955/3196/1955 
f 1948/3194/1948 1940/3195/1940 1955/3196/1955 
f 1948/3194/1948 1955/3196/1955 1951/3197/1951 
f 1951/3197/1951 1949/3205/1949 1948/3194/1948 
f 1947/3124/1947 1948/3125/1948 1949/3126/1949 
f 1947/3124/1947 1949/3126/1949 1935/3111/1935 
f 1947/3124/1947 1935/3111/1935 1934/3110/1934 
f 1934/3110/1934 1957/3134/1957 1947/3124/1947 
f 1947/3124/1947 1957/3134/1957 1958/3135/1958 
f 1947/3124/1947 1958/3135/1958 1959/3136/1959 
f 1941/3117/1941 1947/3124/1947 1959/3136/1959 
f 1941/3117/1941 1959/3136/1959 1960/3137/1960 
f 1941/3117/1941 1960/3137/1960 1961/3138/1961 
f 1961/3138/1961 1929/3105/1929 1941/3117/1941 
f 1939/3115/1939 1941/3117/1941 1929/3105/1929 
f 1939/3115/1939 1940/3116/1940 1941/3117/1941 
f 1948/3125/1948 1941/3117/1941 1940/3116/1940 
f 1948/3125/1948 1947/3124/1947 1941/3117/1941 
f 1940/3195/1940 1939/3202/1939 1953/3203/1953 
f 1961/3138/1961 1956/3133/1956 1929/3105/1929 
f 1929/3105/1929 1956/3133/1956 1930/3106/1930 
f 1934/3110/1934 1994/3182/1994 1957/3134/1957 
f 1934/3110/1934 1962/3139/1962 1994/3182/1994 
f 1928/3104/1928 1962/3139/1962 1934/3110/1934 
f 1928/3104/1928 1934/3110/1934 1929/3105/1929 
f 1934/3110/1934 1935/3111/1935 1936/3112/1936 
f 1942/3200/1942 1936/3187/1936 1935/3201/1935 
f 1949/3190/1949 1942/3192/1942 1935/3193/1935 
f 1949/3190/1949 1950/3191/1950 1942/3192/1942 
f 1950/3127/1950 1943/3119/1943 1942/3118/1942 
f 1942/3118/1942 1943/3119/1943 1944/3120/1944 
f 1942/3200/1942 1944/3188/1944 1936/3187/1936 
f 1946/3122/1946 1944/3120/1944 1943/3119/1943 
f 1952/3129/1952 1946/3122/1946 1943/3119/1943 
f 1950/3127/1950 1952/3129/1952 1943/3119/1943 
f 1950/3127/1950 1951/3128/1951 1952/3129/1952 
f 1955/3132/1955 1952/3129/1952 1951/3128/1951 
f 1955/3132/1955 1954/3131/1954 1952/3129/1952 
f 1952/3129/1952 1954/3131/1954 1946/3122/1946 
f 1951/3197/1951 1950/3204/1950 1949/3205/1949 
f 1946/3122/1946 1945/3121/1945 1944/3120/1944 
f 1938/3141/1938 1995/3183/1995 1967/3147/1967 
f 1938/3141/1938 1969/3149/1969 1995/3183/1995 
f 1971/3180/1971 1993/3181/1993 1975/3155/1975 
f 1997/3185/1997 1993/3181/1993 1971/3180/1971 
f 1992/3178/1992 1997/3185/1997 1971/3180/1971 
f 1974/3154/1974 1986/3166/1986 1990/3176/1990 
f 1973/3153/1973 1986/3166/1986 1974/3154/1974 
f 1998/3206/1998 1984/3207/1984 1971/3208/1971 
f 1998/3214/1998 1979/3216/1979 1984/3217/1984 
f 1998/3214/1998 1999/3215/1999 1979/3216/1979 
f 1988/3218/1988 1979/3220/1979 1999/3221/1999 
f 1988/3218/1988 1981/3219/1981 1979/3220/1979 
f 1971/3151/1971 1976/3156/1976 1983/3163/1983 
f 1970/3150/1970 1976/3156/1976 1971/3151/1971 
# mm_gid 34
g mmGroup34
usemtl 12281_container
f 2000/3270/2000 2001/3271/2001 2002/3272/2002 
f 2000/3270/2000 2002/3272/2002 2006/3276/2006 
f 2000/3270/2000 2006/3276/2006 2034/3305/2034 
f 2043/3414/2043 2000/3415/2000 2034/3413/2034 
f 2043/3414/2043 2034/3413/2034 2057/3412/2057 
f 2056/3330/2056 2043/3317/2043 2057/3331/2057 
f 2056/3330/2056 2057/3331/2057 2070/3386/2070 
f 2056/3330/2056 2070/3386/2070 2051/3325/2051 
f 2051/3325/2051 2050/3324/2050 2056/3330/2056 
f 2068/3378/2068 2056/3379/2056 2050/3380/2050 
f 2068/3378/2068 2050/3380/2050 2069/3381/2069 
f 2047/3374/2047 2068/3375/2068 2069/3376/2069 
f 2047/3374/2047 2069/3376/2069 2060/3377/2060 
f 2047/3321/2047 2060/3340/2060 2062/3342/2062 
f 2047/3321/2047 2062/3342/2062 2058/3332/2058 
f 2045/3319/2045 2047/3321/2047 2058/3332/2058 
f 2058/3416/2058 2004/3393/2004 2045/3392/2045 
f 2045/3392/2045 2004/3393/2004 2003/3394/2003 
f 2045/3392/2045 2003/3394/2003 2046/3395/2046 
f 2045/3319/2045 2046/3320/2046 2047/3321/2047 
f 2047/3333/2047 2046/3334/2046 2044/3335/2044 
f 2068/3370/2068 2047/3371/2047 2044/3372/2044 
f 2068/3370/2068 2044/3372/2044 2056/3373/2056 
f 2044/3318/2044 2043/3317/2043 2056/3330/2056 
f 2042/3316/2042 2043/3317/2043 2044/3318/2044 
f 2042/3316/2042 2044/3318/2044 2048/3322/2048 
f 2048/3396/2048 2001/3389/2001 2042/3388/2042 
f 2042/3388/2042 2001/3389/2001 2000/3390/2000 
f 2042/3388/2042 2000/3390/2000 2043/3391/2043 
f 2048/3396/2048 2028/3397/2028 2001/3389/2001 
f 2002/3272/2002 2001/3271/2001 2028/3299/2028 
f 2033/3304/2033 2002/3272/2002 2028/3299/2028 
f 2055/3411/2055 2033/3410/2033 2028/3397/2028 
f 2055/3411/2055 2028/3397/2028 2048/3396/2048 
f 2044/3318/2044 2055/3329/2055 2048/3322/2048 
f 2044/3318/2044 2054/3328/2054 2055/3329/2055 
f 2055/3329/2055 2054/3328/2054 2053/3327/2053 
f 2053/3405/2053 2033/3410/2033 2055/3411/2055 
f 2053/3405/2053 2031/3404/2031 2033/3410/2033 
f 2012/3282/2012 2033/3304/2033 2031/3302/2031 
f 2012/3282/2012 2031/3302/2031 2032/3303/2032 
f 2012/3282/2012 2032/3303/2032 2019/3290/2019 
f 2021/3292/2021 2012/3282/2012 2019/3290/2019 
f 2019/3290/2019 2020/3291/2020 2021/3292/2021 
f 2024/3357/2024 2021/3356/2021 2020/3366/2020 
f 2024/3357/2024 2020/3366/2020 2022/3367/2022 
f 2022/3293/2022 2023/3294/2023 2024/3295/2024 
f 2026/3297/2026 2024/3295/2024 2023/3294/2023 
f 2026/3297/2026 2023/3294/2023 2027/3298/2027 
f 2025/3296/2025 2026/3297/2026 2027/3298/2027 
f 2005/3288/2005 2025/3296/2025 2027/3298/2027 
f 2005/3288/2005 2027/3298/2027 2018/3289/2018 
f 2017/3287/2017 2005/3288/2005 2018/3289/2018 
f 2018/3289/2018 2015/3285/2015 2017/3287/2017 
f 2009/3348/2009 2017/3349/2017 2015/3350/2015 
f 2009/3348/2009 2015/3350/2015 2007/3351/2007 
f 2009/3279/2009 2007/3277/2007 2006/3276/2006 
f 2009/3279/2009 2006/3276/2006 2002/3272/2002 
f 2009/3279/2009 2002/3272/2002 2010/3280/2010 
f 2010/3360/2010 2017/3349/2017 2009/3348/2009 
f 2010/3360/2010 2005/3361/2005 2017/3349/2017 
f 2003/3273/2003 2005/3275/2005 2010/3307/2010 
f 2003/3273/2003 2010/3307/2010 2041/3315/2041 
f 2046/3434/2046 2003/3435/2003 2041/3433/2041 
f 2046/3434/2046 2041/3433/2041 2065/3432/2065 
f 2044/3346/2044 2046/3320/2046 2065/3347/2065 
f 2044/3346/2044 2065/3347/2065 2071/3387/2071 
f 2044/3346/2044 2071/3387/2071 2064/3345/2064 
f 2064/3345/2064 2054/3344/2054 2044/3346/2044 
f 2063/3343/2063 2054/3344/2054 2064/3345/2064 
f 2064/3427/2064 2039/3428/2039 2063/3429/2063 
f 2063/3429/2063 2039/3428/2039 2036/3430/2036 
f 2063/3429/2063 2036/3430/2036 2059/3431/2059 
f 2059/3341/2059 2054/3344/2054 2063/3343/2063 
f 2059/3336/2059 2060/3337/2060 2054/3338/2054 
f 2060/3382/2060 2050/3384/2050 2054/3385/2054 
f 2052/3326/2052 2054/3328/2054 2050/3324/2050 
f 2052/3326/2052 2050/3324/2050 2049/3323/2049 
f 2049/3401/2049 2032/3406/2032 2052/3407/2052 
f 2052/3402/2052 2032/3403/2032 2031/3404/2031 
f 2052/3402/2052 2031/3404/2031 2053/3405/2053 
f 2052/3326/2052 2053/3327/2053 2054/3328/2054 
f 2049/3401/2049 2029/3400/2029 2032/3406/2032 
f 2019/3290/2019 2032/3303/2032 2029/3300/2029 
f 2019/3290/2019 2029/3300/2029 2030/3301/2030 
f 2006/3276/2006 2019/3290/2019 2030/3301/2030 
f 2006/3276/2006 2030/3301/2030 2066/3368/2066 
f 2006/3276/2006 2066/3368/2066 2034/3305/2034 
f 2057/3412/2057 2034/3413/2034 2066/3409/2066 
f 2057/3412/2057 2066/3409/2066 2070/3408/2070 
f 2070/3408/2070 2066/3409/2066 2030/3399/2030 
f 2070/3408/2070 2030/3399/2030 2051/3398/2051 
f 2051/3398/2051 2030/3399/2030 2029/3400/2029 
f 2051/3398/2051 2029/3400/2029 2049/3401/2049 
f 2049/3323/2049 2050/3324/2050 2051/3325/2051 
f 2019/3290/2019 2006/3276/2006 2008/3278/2008 
f 2019/3290/2019 2008/3278/2008 2020/3291/2020 
f 2020/3352/2020 2008/3353/2008 2014/3354/2014 
f 2020/3352/2020 2014/3354/2014 2022/3355/2022 
f 2022/3293/2022 2014/3284/2014 2016/3286/2016 
f 2022/3293/2022 2016/3286/2016 2023/3294/2023 
f 2023/3294/2023 2016/3286/2016 2018/3289/2018 
f 2023/3294/2023 2018/3289/2018 2027/3298/2027 
f 2018/3289/2018 2016/3286/2016 2015/3285/2015 
f 2014/3284/2014 2015/3285/2015 2016/3286/2016 
f 2014/3362/2014 2007/3351/2007 2015/3350/2015 
f 2014/3362/2014 2008/3363/2008 2007/3351/2007 
f 2006/3276/2006 2007/3277/2007 2008/3278/2008 
f 2060/3382/2060 2069/3383/2069 2050/3384/2050 
f 2061/3339/2061 2060/3340/2060 2059/3341/2059 
f 2059/3420/2059 2037/3422/2037 2061/3423/2061 
f 2061/3423/2061 2037/3422/2037 2038/3419/2038 
f 2061/3423/2061 2038/3419/2038 2062/3418/2062 
f 2062/3342/2062 2060/3340/2060 2061/3339/2061 
f 2062/3418/2062 2038/3419/2038 2035/3417/2035 
f 2062/3418/2062 2035/3417/2035 2058/3416/2058 
f 2058/3416/2058 2035/3417/2035 2004/3393/2004 
f 2005/3275/2005 2004/3274/2004 2035/3306/2035 
f 2038/3312/2038 2005/3275/2005 2035/3306/2035 
f 2038/3312/2038 2025/3308/2025 2005/3275/2005 
f 2025/3308/2025 2038/3312/2038 2037/3311/2037 
f 2025/3308/2025 2037/3311/2037 2036/3309/2036 
f 2025/3308/2025 2036/3309/2036 2011/3310/2011 
f 2013/3359/2013 2025/3364/2025 2011/3365/2011 
f 2011/3281/2011 2012/3282/2012 2013/3283/2013 
f 2021/3292/2021 2013/3283/2013 2012/3282/2012 
f 2021/3356/2021 2026/3358/2026 2013/3359/2013 
f 2013/3359/2013 2026/3358/2026 2025/3364/2025 
f 2021/3356/2021 2024/3357/2024 2026/3358/2026 
f 2011/3281/2011 2002/3272/2002 2012/3282/2012 
f 2033/3304/2033 2012/3282/2012 2002/3272/2002 
f 2011/3281/2011 2010/3280/2010 2002/3272/2002 
f 2010/3307/2010 2011/3310/2011 2040/3314/2040 
f 2010/3307/2010 2040/3314/2040 2067/3369/2067 
f 2010/3307/2010 2067/3369/2067 2041/3315/2041 
f 2065/3432/2065 2041/3433/2041 2067/3425/2067 
f 2065/3432/2065 2067/3425/2067 2071/3424/2071 
f 2071/3424/2071 2067/3425/2067 2040/3426/2040 
f 2071/3424/2071 2040/3426/2040 2064/3427/2064 
f 2064/3427/2064 2040/3426/2040 2039/3428/2039 
f 2011/3310/2011 2039/3313/2039 2040/3314/2040 
f 2011/3310/2011 2036/3309/2036 2039/3313/2039 
f 2059/3420/2059 2036/3421/2036 2037/3422/2037 
f 2003/3273/2003 2004/3274/2004 2005/3275/2005 
# mm_gid 36
g mmGroup36
usemtl 12281_container
f 2072/3436/2072 2073/3437/2073 2074/3438/2074 
f 2072/3436/2072 2074/3438/2074 2078/3473/2078 
f 2072/3436/2072 2078/3473/2078 2106/3474/2106 
f 2115/3574/2115 2072/3575/2072 2106/3573/2106 
f 2115/3574/2115 2106/3573/2106 2129/3572/2129 
f 2128/3496/2128 2115/3483/2115 2129/3497/2129 
f 2128/3496/2128 2129/3497/2129 2142/3546/2142 
f 2128/3496/2128 2142/3546/2142 2123/3491/2123 
f 2123/3491/2123 2122/3490/2122 2128/3496/2128 
f 2140/3538/2140 2128/3539/2128 2122/3540/2122 
f 2140/3538/2140 2122/3540/2122 2141/3541/2141 
f 2119/3534/2119 2140/3535/2140 2141/3536/2141 
f 2119/3534/2119 2141/3536/2141 2132/3537/2132 
f 2119/3487/2119 2132/3501/2132 2134/3504/2134 
f 2119/3487/2119 2134/3504/2134 2130/3498/2130 
f 2117/3485/2117 2119/3487/2119 2130/3498/2130 
f 2130/3576/2130 2076/3553/2076 2117/3552/2117 
f 2117/3552/2117 2076/3553/2076 2075/3554/2075 
f 2117/3552/2117 2075/3554/2075 2118/3555/2118 
f 2117/3485/2117 2118/3486/2118 2119/3487/2119 
f 2119/3487/2119 2118/3486/2118 2116/3499/2116 
f 2140/3530/2140 2119/3531/2119 2116/3532/2116 
f 2140/3530/2140 2116/3532/2116 2128/3533/2128 
f 2116/3484/2116 2115/3483/2115 2128/3496/2128 
f 2114/3482/2114 2115/3483/2115 2116/3484/2116 
f 2114/3482/2114 2116/3484/2116 2120/3488/2120 
f 2120/3556/2120 2073/3549/2073 2114/3548/2114 
f 2114/3548/2114 2073/3549/2073 2072/3550/2072 
f 2114/3548/2114 2072/3550/2072 2115/3551/2115 
f 2120/3556/2120 2100/3557/2100 2073/3549/2073 
f 2074/3438/2074 2073/3437/2073 2100/3465/2100 
f 2105/3472/2105 2074/3438/2074 2100/3465/2100 
f 2127/3571/2127 2105/3570/2105 2100/3557/2100 
f 2127/3571/2127 2100/3557/2100 2120/3556/2120 
f 2116/3484/2116 2127/3495/2127 2120/3488/2120 
f 2116/3484/2116 2126/3494/2126 2127/3495/2127 
f 2127/3495/2127 2126/3494/2126 2125/3493/2125 
f 2125/3565/2125 2105/3570/2105 2127/3571/2127 
f 2125/3565/2125 2103/3564/2103 2105/3570/2105 
f 2084/3469/2084 2105/3472/2105 2103/3470/2103 
f 2084/3469/2084 2103/3470/2103 2104/3471/2104 
f 2084/3469/2084 2104/3471/2104 2091/3466/2091 
f 2093/3458/2093 2084/3521/2084 2091/3456/2091 
f 2091/3456/2091 2092/3457/2092 2093/3458/2093 
f 2096/3461/2096 2093/3458/2093 2092/3457/2092 
f 2096/3461/2096 2092/3457/2092 2094/3459/2094 
f 2094/3459/2094 2095/3460/2095 2096/3461/2096 
f 2098/3518/2098 2096/3461/2096 2095/3460/2095 
f 2098/3518/2098 2095/3460/2095 2099/3527/2099 
f 2097/3462/2097 2098/3463/2098 2099/3464/2099 
f 2077/3441/2077 2097/3462/2097 2099/3464/2099 
f 2077/3441/2077 2099/3464/2099 2090/3455/2090 
f 2089/3454/2089 2077/3441/2077 2090/3455/2090 
f 2090/3522/2090 2087/3452/2087 2089/3509/2089 
f 2081/3508/2081 2089/3509/2089 2087/3452/2087 
f 2081/3508/2081 2087/3452/2087 2079/3443/2079 
f 2081/3508/2081 2079/3443/2079 2078/3442/2078 
f 2081/3508/2081 2078/3442/2078 2074/3520/2074 
f 2081/3445/2081 2074/3446/2074 2082/3447/2082 
f 2082/3447/2082 2089/3454/2089 2081/3445/2081 
f 2082/3447/2082 2077/3441/2077 2089/3454/2089 
f 2075/3439/2075 2077/3441/2077 2082/3447/2082 
f 2075/3439/2075 2082/3447/2082 2113/3481/2113 
f 2118/3594/2118 2075/3595/2075 2113/3593/2113 
f 2118/3594/2118 2113/3593/2113 2137/3592/2137 
f 2116/3499/2116 2118/3486/2118 2137/3507/2137 
f 2116/3499/2116 2137/3507/2137 2143/3547/2143 
f 2116/3499/2116 2143/3547/2143 2136/3506/2136 
f 2136/3506/2136 2126/3502/2126 2116/3499/2116 
f 2135/3505/2135 2126/3502/2126 2136/3506/2136 
f 2136/3587/2136 2111/3588/2111 2135/3589/2135 
f 2135/3589/2135 2111/3588/2111 2108/3590/2108 
f 2135/3589/2135 2108/3590/2108 2131/3591/2131 
f 2131/3500/2131 2126/3502/2126 2135/3505/2135 
f 2131/3500/2131 2132/3501/2132 2126/3502/2126 
f 2132/3542/2132 2122/3544/2122 2126/3545/2126 
f 2124/3492/2124 2126/3494/2126 2122/3490/2122 
f 2124/3492/2124 2122/3490/2122 2121/3489/2121 
f 2121/3561/2121 2104/3566/2104 2124/3567/2124 
f 2124/3562/2124 2104/3563/2104 2103/3564/2103 
f 2124/3562/2124 2103/3564/2103 2125/3565/2125 
f 2124/3492/2124 2125/3493/2125 2126/3494/2126 
f 2121/3561/2121 2101/3560/2101 2104/3566/2104 
f 2091/3466/2091 2104/3471/2104 2101/3467/2101 
f 2091/3466/2091 2101/3467/2101 2102/3468/2102 
f 2078/3473/2078 2091/3466/2091 2102/3468/2102 
f 2078/3473/2078 2102/3468/2102 2138/3528/2138 
f 2078/3473/2078 2138/3528/2138 2106/3474/2106 
f 2129/3572/2129 2106/3573/2106 2138/3569/2138 
f 2129/3572/2129 2138/3569/2138 2142/3568/2142 
f 2142/3568/2142 2138/3569/2138 2102/3559/2102 
f 2142/3568/2142 2102/3559/2102 2123/3558/2123 
f 2123/3558/2123 2102/3559/2102 2101/3560/2101 
f 2123/3558/2123 2101/3560/2101 2121/3561/2121 
f 2121/3489/2121 2122/3490/2122 2123/3491/2123 
f 2091/3466/2091 2078/3473/2078 2080/3523/2080 
f 2091/3466/2091 2080/3523/2080 2092/3524/2092 
f 2092/3514/2092 2080/3515/2080 2086/3516/2086 
f 2092/3514/2092 2086/3516/2086 2094/3517/2094 
f 2094/3525/2094 2086/3526/2086 2088/3511/2088 
f 2094/3525/2094 2088/3511/2088 2095/3510/2095 
f 2095/3510/2095 2088/3511/2088 2090/3512/2090 
f 2095/3510/2095 2090/3512/2090 2099/3513/2099 
f 2090/3522/2090 2088/3453/2088 2087/3452/2087 
f 2086/3451/2086 2087/3452/2087 2088/3453/2088 
f 2086/3451/2086 2079/3443/2079 2087/3452/2087 
f 2086/3451/2086 2080/3444/2080 2079/3443/2079 
f 2078/3442/2078 2079/3443/2079 2080/3444/2080 
f 2132/3542/2132 2141/3543/2141 2122/3544/2122 
f 2133/3503/2133 2132/3501/2132 2131/3500/2131 
f 2131/3580/2131 2109/3582/2109 2133/3583/2133 
f 2133/3583/2133 2109/3582/2109 2110/3579/2110 
f 2133/3583/2133 2110/3579/2110 2134/3578/2134 
f 2134/3504/2134 2132/3501/2132 2133/3503/2133 
f 2134/3578/2134 2110/3579/2110 2107/3577/2107 
f 2134/3578/2134 2107/3577/2107 2130/3576/2130 
f 2130/3576/2130 2107/3577/2107 2076/3553/2076 
f 2077/3441/2077 2076/3440/2076 2107/3475/2107 
f 2110/3478/2110 2077/3441/2077 2107/3475/2107 
f 2110/3478/2110 2097/3462/2097 2077/3441/2077 
f 2097/3462/2097 2110/3478/2110 2109/3477/2109 
f 2097/3462/2097 2109/3477/2109 2108/3476/2108 
f 2097/3462/2097 2108/3476/2108 2083/3448/2083 
f 2085/3450/2085 2097/3462/2097 2083/3448/2083 
f 2083/3448/2083 2084/3449/2084 2085/3450/2085 
f 2093/3458/2093 2085/3519/2085 2084/3521/2084 
f 2093/3458/2093 2098/3518/2098 2085/3519/2085 
f 2085/3450/2085 2098/3463/2098 2097/3462/2097 
f 2093/3458/2093 2096/3461/2096 2098/3518/2098 
f 2083/3448/2083 2074/3446/2074 2084/3449/2084 
f 2105/3472/2105 2084/3469/2084 2074/3438/2074 
f 2083/3448/2083 2082/3447/2082 2074/3446/2074 
f 2082/3447/2082 2083/3448/2083 2112/3480/2112 
f 2082/3447/2082 2112/3480/2112 2139/3529/2139 
f 2082/3447/2082 2139/3529/2139 2113/3481/2113 
f 2137/3592/2137 2113/3593/2113 2139/3585/2139 
f 2137/3592/2137 2139/3585/2139 2143/3584/2143 
f 2143/3584/2143 2139/3585/2139 2112/3586/2112 
f 2143/3584/2143 2112/3586/2112 2136/3587/2136 
f 2136/3587/2136 2112/3586/2112 2111/3588/2111 
f 2083/3448/2083 2111/3479/2111 2112/3480/2112 
f 2083/3448/2083 2108/3476/2108 2111/3479/2111 
f 2131/3580/2131 2108/3581/2108 2109/3582/2109 
f 2075/3439/2075 2076/3440/2076 2077/3441/2077 
# mm_gid 38
g mmGroup38
usemtl 12281_container
f 2144/3596/2144 2145/3597/2145 2146/3598/2146 
f 2186/3708/2186 2144/3710/2144 2146/3711/2146 
f 2192/3716/2192 2186/3708/2186 2146/3711/2146 
f 2192/3716/2192 2146/3711/2146 2172/3717/2172 
f 2199/3730/2199 2192/3716/2192 2172/3717/2172 
f 2199/3730/2199 2172/3717/2172 2177/3731/2177 
f 2198/3723/2198 2199/3730/2199 2177/3731/2177 
f 2198/3723/2198 2177/3731/2177 2176/3724/2176 
f 2196/3722/2196 2198/3723/2198 2176/3724/2176 
f 2196/3722/2196 2176/3724/2176 2175/3725/2175 
f 2193/3719/2193 2196/3726/2196 2175/3727/2175 
f 2193/3719/2193 2175/3727/2175 2174/3720/2174 
f 2194/3718/2194 2193/3719/2193 2174/3720/2174 
f 2194/3718/2194 2174/3720/2174 2173/3721/2173 
f 2212/3728/2212 2194/3718/2194 2173/3721/2173 
f 2212/3728/2212 2173/3721/2173 2210/3729/2210 
f 2201/3732/2201 2212/3728/2212 2210/3729/2210 
f 2201/3732/2201 2210/3729/2210 2178/3733/2178 
f 2188/3734/2188 2201/3732/2201 2178/3733/2178 
f 2188/3734/2188 2178/3733/2178 2144/3735/2144 
f 2186/3708/2186 2188/3709/2188 2144/3710/2144 
f 2186/3642/2186 2187/3643/2187 2188/3644/2188 
f 2187/3643/2187 2200/3656/2200 2188/3644/2188 
f 2200/3656/2200 2201/3657/2201 2188/3644/2188 
f 2212/3670/2212 2201/3657/2201 2200/3656/2200 
f 2194/3650/2194 2212/3670/2212 2200/3656/2200 
f 2194/3650/2194 2200/3656/2200 2195/3651/2195 
f 2193/3649/2193 2194/3650/2194 2195/3651/2195 
f 2196/3652/2196 2193/3649/2193 2195/3651/2195 
f 2196/3652/2196 2195/3651/2195 2197/3653/2197 
f 2196/3652/2196 2197/3653/2197 2198/3654/2198 
f 2199/3655/2199 2198/3654/2198 2197/3653/2197 
f 2187/3643/2187 2199/3655/2199 2197/3653/2197 
f 2208/3666/2208 2187/3659/2187 2197/3661/2197 
f 2207/3665/2207 2208/3666/2208 2197/3661/2197 
f 2203/3660/2203 2207/3665/2207 2197/3661/2197 
f 2203/3660/2203 2197/3661/2197 2204/3662/2204 
f 2205/3663/2205 2203/3660/2203 2204/3662/2204 
f 2206/3664/2206 2205/3663/2205 2204/3662/2204 
f 2190/3646/2190 2206/3664/2206 2204/3662/2204 
f 2190/3696/2190 2204/3697/2204 2215/3698/2215 
f 2190/3696/2190 2215/3698/2215 2214/3699/2214 
f 2214/3692/2214 2187/3694/2187 2190/3695/2190 
f 2190/3646/2190 2187/3659/2187 2191/3647/2191 
f 2189/3645/2189 2190/3646/2190 2191/3647/2191 
f 2189/3712/2189 2191/3713/2191 2147/3714/2147 
f 2189/3712/2189 2147/3714/2147 2149/3715/2149 
f 2202/3736/2202 2189/3712/2189 2149/3715/2149 
f 2202/3736/2202 2149/3715/2149 2179/3737/2179 
f 2206/3738/2206 2202/3736/2202 2179/3737/2179 
f 2206/3738/2206 2179/3737/2179 2182/3739/2182 
f 2205/3741/2205 2206/3738/2206 2182/3739/2182 
f 2205/3741/2205 2182/3739/2182 2181/3742/2181 
f 2203/3740/2203 2205/3741/2205 2181/3742/2181 
f 2203/3740/2203 2181/3742/2181 2180/3743/2180 
f 2207/3748/2207 2203/3750/2203 2180/3751/2180 
f 2207/3748/2207 2180/3751/2180 2184/3749/2184 
f 2208/3745/2208 2207/3748/2207 2184/3749/2184 
f 2208/3745/2208 2184/3749/2184 2183/3746/2183 
f 2213/3744/2213 2208/3745/2208 2183/3746/2183 
f 2213/3744/2213 2183/3746/2183 2211/3747/2211 
f 2209/3752/2209 2213/3744/2213 2211/3747/2211 
f 2209/3752/2209 2211/3747/2211 2185/3753/2185 
f 2191/3754/2191 2209/3752/2209 2185/3753/2185 
f 2191/3754/2191 2185/3753/2185 2147/3755/2147 
f 2147/3599/2147 2185/3641/2185 2154/3606/2154 
f 2147/3599/2147 2154/3606/2154 2148/3600/2148 
f 2147/3599/2147 2148/3600/2148 2149/3601/2149 
f 2148/3600/2148 2179/3635/2179 2149/3601/2149 
f 2182/3638/2182 2179/3635/2179 2148/3600/2148 
f 2182/3638/2182 2148/3600/2148 2169/3622/2169 
f 2169/3622/2169 2181/3637/2181 2182/3638/2182 
f 2169/3622/2169 2180/3636/2180 2181/3637/2181 
f 2169/3622/2169 2155/3608/2155 2180/3636/2180 
f 2155/3608/2155 2184/3640/2184 2180/3636/2180 
f 2155/3608/2155 2183/3639/2183 2184/3640/2184 
f 2154/3606/2154 2183/3639/2183 2155/3608/2155 
f 2155/3608/2155 2145/3607/2145 2154/3606/2154 
f 2153/3605/2153 2154/3606/2154 2145/3607/2145 
f 2153/3672/2153 2145/3684/2145 2150/3685/2150 
f 2153/3672/2153 2150/3685/2150 2152/3673/2152 
f 2153/3672/2153 2152/3673/2152 2160/3674/2160 
f 2153/3672/2153 2160/3674/2160 2161/3675/2161 
f 2154/3606/2154 2153/3605/2153 2161/3614/2161 
f 2154/3606/2154 2161/3614/2161 2148/3600/2148 
f 2161/3614/2161 2162/3615/2162 2148/3600/2148 
f 2148/3600/2148 2162/3615/2162 2170/3623/2170 
f 2148/3600/2148 2170/3623/2170 2169/3622/2169 
f 2169/3622/2169 2170/3623/2170 2171/3624/2171 
f 2156/3609/2156 2169/3622/2169 2171/3624/2171 
f 2164/3680/2164 2156/3681/2156 2171/3682/2171 
f 2164/3680/2164 2171/3682/2171 2167/3683/2167 
f 2167/3691/2167 2165/3618/2165 2164/3617/2164 
f 2163/3616/2163 2164/3617/2164 2165/3618/2165 
f 2163/3616/2163 2165/3618/2165 2151/3603/2151 
f 2163/3616/2163 2151/3603/2151 2150/3602/2150 
f 2150/3634/2150 2173/3627/2173 2163/3626/2163 
f 2163/3626/2163 2173/3627/2173 2174/3628/2174 
f 2163/3626/2163 2174/3628/2174 2175/3630/2175 
f 2157/3629/2157 2163/3626/2163 2175/3630/2175 
f 2157/3629/2157 2175/3630/2175 2176/3631/2176 
f 2157/3629/2157 2176/3631/2176 2177/3632/2177 
f 2177/3632/2177 2145/3597/2145 2157/3629/2157 
f 2155/3608/2155 2157/3610/2157 2145/3607/2145 
f 2155/3608/2155 2156/3609/2156 2157/3610/2157 
f 2164/3680/2164 2157/3687/2157 2156/3681/2156 
f 2164/3680/2164 2163/3686/2163 2157/3687/2157 
f 2156/3609/2156 2155/3608/2155 2169/3622/2169 
f 2177/3632/2177 2172/3625/2172 2145/3597/2145 
f 2145/3597/2145 2172/3625/2172 2146/3598/2146 
f 2150/3634/2150 2210/3668/2210 2173/3627/2173 
f 2150/3634/2150 2178/3633/2178 2210/3668/2210 
f 2144/3596/2144 2178/3633/2178 2150/3634/2150 
f 2144/3596/2144 2150/3634/2150 2145/3597/2145 
f 2150/3602/2150 2151/3603/2151 2152/3604/2152 
f 2158/3679/2158 2152/3604/2152 2151/3603/2151 
f 2165/3618/2165 2158/3679/2158 2151/3603/2151 
f 2165/3618/2165 2166/3678/2166 2158/3679/2158 
f 2166/3619/2166 2159/3612/2159 2158/3611/2158 
f 2158/3611/2158 2159/3612/2159 2160/3613/2160 
f 2158/3679/2158 2160/3689/2160 2152/3604/2152 
f 2162/3677/2162 2160/3613/2160 2159/3612/2159 
f 2168/3621/2168 2162/3677/2162 2159/3612/2159 
f 2166/3619/2166 2168/3621/2168 2159/3612/2159 
f 2166/3619/2166 2167/3620/2167 2168/3621/2168 
f 2171/3690/2171 2168/3621/2168 2167/3620/2167 
f 2171/3690/2171 2170/3676/2170 2168/3621/2168 
f 2168/3621/2168 2170/3676/2170 2162/3677/2162 
f 2167/3691/2167 2166/3678/2166 2165/3618/2165 
f 2162/3677/2162 2161/3688/2161 2160/3613/2160 
f 2154/3606/2154 2211/3669/2211 2183/3639/2183 
f 2154/3606/2154 2185/3641/2185 2211/3669/2211 
f 2187/3659/2187 2209/3667/2209 2191/3647/2191 
f 2213/3671/2213 2209/3667/2209 2187/3659/2187 
f 2208/3666/2208 2213/3671/2213 2187/3659/2187 
f 2190/3646/2190 2202/3658/2202 2206/3664/2206 
f 2189/3645/2189 2202/3658/2202 2190/3646/2190 
f 2214/3692/2214 2200/3693/2200 2187/3694/2187 
f 2214/3700/2214 2195/3702/2195 2200/3703/2200 
f 2214/3700/2214 2215/3701/2215 2195/3702/2195 
f 2204/3704/2204 2195/3706/2195 2215/3707/2215 
f 2204/3704/2204 2197/3705/2197 2195/3706/2195 
f 2187/3643/2187 2192/3648/2192 2199/3655/2199 
f 2186/3642/2186 2192/3648/2192 2187/3643/2187 
# mm_gid 40
g mmGroup40
usemtl 12281_container
f 2216/3756/2216 2217/3757/2217 2218/3758/2218 
f 2216/3756/2216 2218/3758/2218 2379/4059/2379 
f 2216/3756/2216 2379/4059/2379 2306/4056/2306 
f 2236/3818/2236 2216/3756/2216 2306/4056/2306 
f 2236/3818/2236 2306/4056/2306 2305/4057/2305 
f 2237/4052/2237 2236/4053/2236 2305/4054/2305 
f 2237/4052/2237 2305/4054/2305 2304/4055/2304 
f 2303/3906/2303 2237/3843/2237 2304/4050/2304 
f 2303/3906/2303 2304/4050/2304 2307/4051/2307 
f 2360/3988/2360 2303/3906/2303 2307/4051/2307 
f 2360/3988/2360 2307/4051/2307 2378/4049/2378 
f 2376/4004/2376 2360/3988/2360 2378/4049/2378 
f 2376/4004/2376 2378/4049/2378 2363/4048/2363 
f 2377/4005/2377 2376/4004/2376 2363/4048/2363 
f 2377/4005/2377 2363/4048/2363 2362/4046/2362 
f 2361/3989/2361 2377/4005/2377 2362/4046/2362 
f 2361/3989/2361 2362/4046/2362 2375/4047/2375 
f 2273/3849/2273 2361/3989/2361 2375/4047/2375 
f 2273/3849/2273 2375/4047/2375 2308/4044/2308 
f 2270/3846/2270 2273/3849/2273 2308/4044/2308 
f 2270/3846/2270 2308/4044/2308 2311/4045/2311 
f 2358/3982/2358 2270/3846/2270 2311/4045/2311 
f 2358/3982/2358 2311/4045/2311 2386/4043/2386 
f 2384/4012/2384 2358/3982/2358 2386/4043/2386 
f 2384/4012/2384 2386/4043/2386 2367/4042/2367 
f 2385/4013/2385 2384/4012/2384 2367/4042/2367 
f 2385/4013/2385 2367/4042/2367 2366/4040/2366 
f 2359/3983/2359 2385/4013/2385 2366/4040/2366 
f 2359/3983/2359 2366/4040/2366 2383/4041/2383 
f 2302/3905/2302 2359/3983/2359 2383/4041/2383 
f 2302/3905/2302 2383/4041/2383 2274/4038/2274 
f 2301/3902/2301 2302/3905/2302 2274/4038/2274 
f 2301/3902/2301 2274/4038/2274 2277/4039/2277 
f 2356/3978/2356 2301/3902/2301 2277/4039/2277 
f 2356/3978/2356 2277/4039/2277 2390/4037/2390 
f 2396/4024/2396 2356/3978/2356 2390/4037/2390 
f 2396/4024/2396 2390/4037/2390 2373/4036/2373 
f 2397/4025/2397 2396/4024/2396 2373/4036/2373 
f 2397/4025/2397 2373/4036/2373 2372/4034/2372 
f 2357/3979/2357 2397/4025/2397 2372/4034/2372 
f 2357/3979/2357 2372/4034/2372 2395/4035/2395 
f 2300/3901/2300 2357/3979/2357 2395/4035/2395 
f 2300/3901/2300 2395/4035/2395 2314/4032/2314 
f 2232/3850/2232 2300/3901/2300 2314/4032/2314 
f 2232/3850/2232 2314/4032/2314 2313/4033/2313 
f 2233/4028/2233 2232/4029/2232 2313/4030/2313 
f 2233/4028/2233 2313/4030/2313 2312/4031/2312 
f 2295/3890/2295 2233/3811/2233 2312/4026/2312 
f 2295/3890/2295 2312/4026/2312 2315/4027/2315 
f 2348/3964/2348 2295/3890/2295 2315/4027/2315 
f 2348/3964/2348 2315/4027/2315 2394/4073/2394 
f 2392/4020/2392 2348/3964/2348 2394/4073/2394 
f 2392/4020/2392 2394/4073/2394 2371/4072/2371 
f 2393/4021/2393 2392/4020/2392 2371/4072/2371 
f 2393/4021/2393 2371/4072/2371 2370/4070/2370 
f 2349/3965/2349 2393/4021/2393 2370/4070/2370 
f 2349/3965/2349 2370/4070/2370 2391/4071/2391 
f 2263/3817/2263 2349/3965/2349 2391/4071/2391 
f 2263/3817/2263 2391/4071/2391 2276/4068/2276 
f 2260/3814/2260 2263/3817/2263 2276/4068/2276 
f 2260/3814/2260 2276/4068/2276 2275/4069/2275 
f 2346/3958/2346 2260/3814/2260 2275/4069/2275 
f 2346/3958/2346 2275/4069/2275 2382/4067/2382 
f 2388/4016/2388 2346/3958/2346 2382/4067/2382 
f 2388/4016/2388 2382/4067/2382 2369/4066/2369 
f 2389/4017/2389 2388/4016/2388 2369/4066/2369 
f 2389/4017/2389 2369/4066/2369 2368/4064/2368 
f 2347/3959/2347 2389/4017/2389 2368/4064/2368 
f 2347/3959/2347 2368/4064/2368 2387/4065/2387 
f 2294/3889/2294 2347/3959/2347 2387/4065/2387 
f 2294/3889/2294 2387/4065/2387 2310/4062/2310 
f 2220/3760/2220 2294/3889/2294 2310/4062/2310 
f 2220/3760/2220 2310/4062/2310 2309/4063/2309 
f 2221/3761/2221 2220/3760/2220 2309/4063/2309 
f 2221/3761/2221 2309/4063/2309 2374/4061/2374 
f 2380/4008/2380 2221/3761/2221 2374/4061/2374 
f 2380/4008/2380 2374/4061/2374 2365/4060/2365 
f 2381/4009/2381 2380/4008/2380 2365/4060/2365 
f 2381/4009/2381 2365/4060/2365 2364/4058/2364 
f 2218/3758/2218 2381/4009/2381 2364/4058/2364 
f 2218/3758/2218 2364/4058/2364 2379/4059/2379 
f 2378/4006/2378 2379/4007/2379 2364/3992/2364 
f 2378/4006/2378 2364/3992/2364 2363/3991/2363 
f 2362/3990/2362 2363/3991/2363 2364/3992/2364 
f 2362/3990/2362 2364/3992/2364 2365/3993/2365 
f 2374/4002/2374 2362/3990/2362 2365/3993/2365 
f 2374/4002/2374 2375/4003/2375 2362/3990/2362 
f 2374/4002/2374 2308/3912/2308 2375/4003/2375 
f 2374/4002/2374 2309/3913/2309 2308/3912/2308 
f 2308/3912/2308 2309/3913/2309 2310/3914/2310 
f 2308/3912/2308 2310/3914/2310 2311/3915/2311 
f 2386/4014/2386 2311/3915/2311 2310/3914/2310 
f 2386/4014/2386 2310/3914/2310 2387/4015/2387 
f 2386/4014/2386 2387/4015/2387 2368/3996/2368 
f 2386/4014/2386 2368/3996/2368 2367/3995/2367 
f 2366/3994/2366 2367/3995/2367 2368/3996/2368 
f 2366/3994/2366 2368/3996/2368 2369/3997/2369 
f 2382/4010/2382 2366/3994/2366 2369/3997/2369 
f 2382/4010/2382 2383/4011/2383 2366/3994/2366 
f 2382/4010/2382 2274/4075/2274 2383/4011/2383 
f 2382/4010/2382 2275/4074/2275 2274/4075/2274 
f 2274/3858/2274 2275/3859/2275 2276/3860/2276 
f 2274/3858/2274 2276/3860/2276 2277/3861/2277 
f 2390/4018/2390 2277/4076/2277 2276/4077/2276 
f 2390/4018/2390 2276/4077/2276 2391/4019/2391 
f 2390/4018/2390 2391/4019/2391 2370/3998/2370 
f 2390/4018/2390 2370/3998/2370 2373/4001/2373 
f 2370/3998/2370 2372/4000/2372 2373/4001/2373 
f 2370/3998/2370 2371/3999/2371 2372/4000/2372 
f 2394/4022/2394 2372/4000/2372 2371/3999/2371 
f 2394/4022/2394 2395/4023/2395 2372/4000/2372 
f 2394/4022/2394 2314/3918/2314 2395/4023/2395 
f 2394/4022/2394 2315/3919/2315 2314/3918/2314 
f 2312/3916/2312 2314/3918/2314 2315/3919/2315 
f 2312/3916/2312 2313/3917/2313 2314/3918/2314 
f 2378/4006/2378 2306/3910/2306 2379/4007/2379 
f 2378/4006/2378 2307/3911/2307 2306/3910/2306 
f 2304/3908/2304 2306/3910/2306 2307/3911/2307 
f 2304/3908/2304 2305/3909/2305 2306/3910/2306 
f 2217/3757/2217 2381/4009/2381 2218/3758/2218 
f 2217/3757/2217 2380/4008/2380 2381/4009/2381 
f 2217/3757/2217 2221/3761/2221 2380/4008/2380 
f 2217/3757/2217 2219/3759/2219 2221/3761/2221 
f 2219/3759/2219 2220/3760/2220 2221/3761/2221 
f 2220/3760/2220 2219/3759/2219 2324/3957/2324 
f 2220/3760/2220 2324/3957/2324 2224/3887/2224 
f 2220/3760/2220 2224/3887/2224 2223/3888/2223 
f 2220/3760/2220 2223/3888/2223 2294/3889/2294 
f 2347/3959/2347 2294/3889/2294 2223/3888/2223 
f 2347/3959/2347 2223/3888/2223 2323/3960/2323 
f 2346/3958/2346 2347/3959/2347 2323/3960/2323 
f 2346/3958/2346 2323/3960/2323 2322/3961/2322 
f 2260/3814/2260 2346/3958/2346 2322/3961/2322 
f 2260/3814/2260 2322/3961/2322 2261/3815/2261 
f 2260/3814/2260 2261/3815/2261 2262/3816/2262 
f 2260/3814/2260 2262/3816/2262 2263/3817/2263 
f 2262/3816/2262 2349/3965/2349 2263/3817/2263 
f 2262/3816/2262 2319/3962/2319 2349/3965/2349 
f 2319/3962/2319 2348/3964/2348 2349/3965/2349 
f 2349/3965/2349 2348/3964/2348 2392/4020/2392 
f 2349/3965/2349 2392/4020/2392 2393/4021/2393 
f 2319/3962/2319 2318/3963/2318 2348/3964/2348 
f 2318/3963/2318 2295/3890/2295 2348/3964/2348 
f 2318/3963/2318 2278/3891/2278 2295/3890/2295 
f 2240/3812/2240 2295/3890/2295 2278/3891/2278 
f 2241/3781/2241 2240/3780/2240 2278/3862/2278 
f 2241/3781/2241 2278/3862/2278 2279/3863/2279 
f 2258/3802/2258 2241/3805/2241 2279/3878/2279 
f 2258/3802/2258 2279/3878/2279 2290/3879/2290 
f 2341/3945/2341 2290/3879/2290 2279/3878/2279 
f 2341/3945/2341 2279/3878/2279 2317/3946/2317 
f 2340/3944/2340 2341/3945/2341 2317/3946/2317 
f 2340/3944/2340 2317/3946/2317 2316/3947/2316 
f 2291/3880/2291 2340/3944/2340 2316/3947/2316 
f 2291/3880/2291 2316/3947/2316 2280/3881/2280 
f 2291/3880/2291 2280/3881/2280 2281/3882/2281 
f 2291/3880/2291 2281/3882/2281 2292/3883/2292 
f 2343/3949/2343 2292/3883/2292 2281/3882/2281 
f 2343/3949/2343 2281/3882/2281 2321/3950/2321 
f 2342/3948/2342 2343/3949/2343 2321/3950/2321 
f 2342/3948/2342 2321/3950/2321 2320/3951/2320 
f 2256/3798/2256 2342/3948/2342 2320/3951/2320 
f 2256/3798/2256 2320/3951/2320 2222/3799/2222 
f 2256/3798/2256 2222/3799/2222 2225/3800/2225 
f 2256/3798/2256 2225/3800/2225 2257/3801/2257 
f 2225/3800/2225 2345/3955/2345 2257/3801/2257 
f 2225/3800/2225 2327/3952/2327 2345/3955/2345 
f 2327/3952/2327 2344/3954/2344 2345/3955/2345 
f 2327/3952/2327 2326/3953/2326 2344/3954/2344 
f 2326/3953/2326 2293/3884/2293 2344/3954/2344 
f 2326/3953/2326 2282/3885/2282 2293/3884/2293 
f 2244/3796/2244 2293/3884/2293 2282/3885/2282 
f 2245/3785/2245 2244/3784/2244 2282/3868/2282 
f 2245/3785/2245 2282/3868/2282 2283/3869/2283 
f 2236/3818/2236 2245/3821/2245 2283/3886/2283 
f 2236/3818/2236 2283/3886/2283 2216/3756/2216 
f 2217/3757/2217 2216/3756/2216 2283/3886/2283 
f 2217/3757/2217 2283/3886/2283 2325/3956/2325 
f 2219/3759/2219 2217/3757/2217 2325/3956/2325 
f 2219/3759/2219 2325/3956/2325 2324/3957/2324 
f 2324/3928/2324 2325/3929/2325 2326/3930/2326 
f 2324/3928/2324 2326/3930/2326 2327/3931/2327 
f 2224/3764/2224 2324/3928/2324 2327/3931/2327 
f 2224/3764/2224 2327/3931/2327 2225/3765/2225 
f 2222/3762/2222 2224/3764/2224 2225/3765/2225 
f 2222/3762/2222 2223/3763/2223 2224/3764/2224 
f 2222/3762/2222 2323/3927/2323 2223/3763/2223 
f 2222/3762/2222 2320/3924/2320 2323/3927/2323 
f 2320/3924/2320 2322/3926/2322 2323/3927/2323 
f 2320/3924/2320 2321/3925/2321 2322/3926/2322 
f 2321/3925/2321 2261/3866/2261 2322/3926/2322 
f 2321/3925/2321 2281/3867/2281 2261/3866/2261 
f 2280/3864/2280 2261/3866/2261 2281/3867/2281 
f 2280/3864/2280 2262/3865/2262 2261/3866/2261 
f 2280/3864/2280 2319/3923/2319 2262/3865/2262 
f 2280/3864/2280 2316/3920/2316 2319/3923/2319 
f 2316/3920/2316 2318/3922/2318 2319/3923/2319 
f 2316/3920/2316 2317/3921/2317 2318/3922/2318 
f 2317/3921/2317 2278/3862/2278 2318/3922/2318 
f 2317/3921/2317 2279/3863/2279 2278/3862/2278 
f 2325/3929/2325 2282/3868/2282 2326/3930/2326 
f 2325/3929/2325 2283/3869/2283 2282/3868/2282 
f 2236/3818/2236 2242/3820/2242 2245/3821/2245 
f 2242/3782/2242 2244/3784/2244 2245/3785/2245 
f 2242/3782/2242 2243/3783/2243 2244/3784/2244 
f 2254/3794/2254 2244/3796/2244 2243/3797/2243 
f 2235/3822/2235 2254/3823/2254 2243/3824/2243 
f 2235/3822/2235 2243/3824/2243 2242/3825/2242 
f 2236/3818/2236 2235/3819/2235 2242/3820/2242 
f 2234/3774/2234 2235/3775/2235 2236/3776/2236 
f 2234/3774/2234 2236/3776/2236 2237/3777/2237 
f 2234/3842/2234 2237/3843/2237 2248/3844/2248 
f 2234/3842/2234 2248/3844/2248 2247/3845/2247 
f 2269/3838/2269 2234/3839/2234 2247/3840/2247 
f 2269/3838/2269 2247/3840/2247 2246/3841/2246 
f 2268/3834/2268 2269/3835/2269 2246/3836/2246 
f 2268/3834/2268 2246/3836/2246 2249/3837/2249 
f 2268/3834/2268 2249/3837/2249 2285/3892/2285 
f 2268/3834/2268 2285/3892/2285 2296/3893/2296 
f 2351/3967/2351 2296/3893/2296 2285/3892/2285 
f 2351/3967/2351 2285/3892/2285 2329/3968/2329 
f 2350/3966/2350 2351/3967/2351 2329/3968/2329 
f 2350/3966/2350 2329/3968/2329 2328/3969/2328 
f 2297/3894/2297 2350/3966/2350 2328/3969/2328 
f 2297/3894/2297 2328/3969/2328 2286/3895/2286 
f 2297/3894/2297 2286/3895/2286 2287/3896/2287 
f 2297/3894/2297 2287/3896/2287 2298/3897/2298 
f 2353/3971/2353 2298/3897/2298 2287/3896/2287 
f 2353/3971/2353 2287/3896/2287 2333/3972/2333 
f 2352/3970/2352 2353/3971/2353 2333/3972/2333 
f 2352/3970/2352 2333/3972/2333 2332/3973/2332 
f 2266/3830/2266 2352/3970/2352 2332/3973/2332 
f 2266/3830/2266 2332/3973/2332 2226/3831/2226 
f 2266/3830/2266 2226/3831/2226 2229/3832/2229 
f 2266/3830/2266 2229/3832/2229 2267/3833/2267 
f 2229/3832/2229 2355/3977/2355 2267/3833/2267 
f 2229/3832/2229 2339/3974/2339 2355/3977/2355 
f 2339/3974/2339 2354/3976/2354 2355/3977/2355 
f 2339/3974/2339 2338/3975/2338 2354/3976/2354 
f 2338/3975/2338 2299/3898/2299 2354/3976/2354 
f 2338/3975/2338 2288/3899/2288 2299/3898/2299 
f 2252/3828/2252 2299/3898/2299 2288/3899/2288 
f 2253/3793/2253 2252/3792/2252 2288/3876/2288 
f 2253/3793/2253 2288/3876/2288 2289/3877/2289 
f 2232/3850/2232 2253/3853/2253 2289/3900/2289 
f 2232/3850/2232 2289/3900/2289 2300/3901/2300 
f 2357/3979/2357 2300/3901/2300 2289/3900/2289 
f 2357/3979/2357 2289/3900/2289 2337/3980/2337 
f 2356/3978/2356 2357/3979/2357 2337/3980/2337 
f 2356/3978/2356 2337/3980/2337 2336/3981/2336 
f 2301/3902/2301 2356/3978/2356 2336/3981/2336 
f 2301/3902/2301 2336/3981/2336 2228/3903/2228 
f 2301/3902/2301 2228/3903/2228 2227/3904/2227 
f 2301/3902/2301 2227/3904/2227 2302/3905/2302 
f 2359/3983/2359 2302/3905/2302 2227/3904/2227 
f 2359/3983/2359 2227/3904/2227 2335/3984/2335 
f 2358/3982/2358 2359/3983/2359 2335/3984/2335 
f 2358/3982/2358 2335/3984/2335 2334/3985/2334 
f 2270/3846/2270 2358/3982/2358 2334/3985/2334 
f 2270/3846/2270 2334/3985/2334 2271/3847/2271 
f 2270/3846/2270 2271/3847/2271 2272/3848/2272 
f 2270/3846/2270 2272/3848/2272 2273/3849/2273 
f 2272/3848/2272 2361/3989/2361 2273/3849/2273 
f 2272/3848/2272 2331/3986/2331 2361/3989/2361 
f 2331/3986/2331 2360/3988/2360 2361/3989/2361 
f 2361/3989/2361 2360/3988/2360 2376/4004/2376 
f 2361/3989/2361 2376/4004/2376 2377/4005/2377 
f 2331/3986/2331 2330/3987/2330 2360/3988/2360 
f 2330/3987/2330 2303/3906/2303 2360/3988/2360 
f 2330/3987/2330 2284/3907/2284 2303/3906/2303 
f 2248/3844/2248 2303/3906/2303 2284/3907/2284 
f 2249/3789/2249 2248/3788/2248 2284/3870/2284 
f 2249/3789/2249 2284/3870/2284 2285/3871/2285 
f 2329/3933/2329 2285/3871/2285 2284/3870/2284 
f 2329/3933/2329 2284/3870/2284 2330/3934/2330 
f 2328/3932/2328 2329/3933/2329 2330/3934/2330 
f 2328/3932/2328 2330/3934/2330 2331/3935/2331 
f 2286/3872/2286 2328/3932/2328 2331/3935/2331 
f 2286/3872/2286 2331/3935/2331 2272/3873/2272 
f 2286/3872/2286 2272/3873/2272 2271/3874/2271 
f 2286/3872/2286 2271/3874/2271 2287/3875/2287 
f 2333/3937/2333 2287/3875/2287 2271/3874/2271 
f 2333/3937/2333 2271/3874/2271 2334/3938/2334 
f 2332/3936/2332 2333/3937/2333 2334/3938/2334 
f 2332/3936/2332 2334/3938/2334 2335/3939/2335 
f 2226/3766/2226 2332/3936/2332 2335/3939/2335 
f 2226/3766/2226 2335/3939/2335 2227/3767/2227 
f 2226/3766/2226 2227/3767/2227 2228/3768/2228 
f 2226/3766/2226 2228/3768/2228 2229/3769/2229 
f 2228/3768/2228 2339/3943/2339 2229/3769/2229 
f 2228/3768/2228 2336/3940/2336 2339/3943/2339 
f 2336/3940/2336 2338/3942/2338 2339/3943/2339 
f 2336/3940/2336 2337/3941/2337 2338/3942/2338 
f 2337/3941/2337 2288/3876/2288 2338/3942/2338 
f 2337/3941/2337 2289/3877/2289 2288/3876/2288 
f 2246/3786/2246 2248/3788/2248 2249/3789/2249 
f 2246/3786/2246 2247/3787/2247 2248/3788/2248 
f 2248/3844/2248 2237/3843/2237 2303/3906/2303 
f 2359/3983/2359 2358/3982/2358 2384/4012/2384 
f 2359/3983/2359 2384/4012/2384 2385/4013/2385 
f 2357/3979/2357 2356/3978/2356 2396/4024/2396 
f 2357/3979/2357 2396/4024/2396 2397/4025/2397 
f 2232/3850/2232 2250/3852/2250 2253/3853/2253 
f 2250/3790/2250 2252/3792/2252 2253/3793/2253 
f 2250/3790/2250 2251/3791/2251 2252/3792/2252 
f 2264/3826/2264 2252/3828/2252 2251/3829/2251 
f 2231/3854/2231 2264/3855/2264 2251/3856/2251 
f 2231/3854/2231 2251/3856/2251 2250/3857/2250 
f 2232/3850/2232 2231/3851/2231 2250/3852/2250 
f 2230/3770/2230 2231/3771/2231 2232/3772/2232 
f 2230/3770/2230 2232/3772/2232 2233/3773/2233 
f 2230/3810/2230 2233/3811/2233 2240/3812/2240 
f 2230/3810/2230 2240/3812/2240 2239/3813/2239 
f 2259/3806/2259 2230/3807/2230 2239/3808/2239 
f 2259/3806/2259 2239/3808/2239 2238/3809/2238 
f 2258/3802/2258 2259/3803/2259 2238/3804/2238 
f 2258/3802/2258 2238/3804/2238 2241/3805/2241 
f 2238/3778/2238 2240/3780/2240 2241/3781/2241 
f 2238/3778/2238 2239/3779/2239 2240/3780/2240 
f 2240/3812/2240 2233/3811/2233 2295/3890/2295 
f 2264/3826/2264 2265/3827/2265 2252/3828/2252 
f 2252/3828/2252 2265/3827/2265 2299/3898/2299 
f 2254/3794/2254 2255/3795/2255 2244/3796/2244 
f 2244/3796/2244 2255/3795/2255 2293/3884/2293 
f 2347/3959/2347 2346/3958/2346 2388/4016/2388 
f 2347/3959/2347 2388/4016/2388 2389/4017/2389 
# mm_gid 42
g mmGroup42
usemtl 12281_container
f 2398/4078/2398 2399/4079/2399 2400/4080/2400 
f 2398/4078/2398 2400/4080/2400 2401/4081/2401 
f 2400/4080/2400 2532/4212/2532 2401/4081/2401 
f 2400/4080/2400 2533/4213/2533 2532/4212/2532 
f 2530/4210/2530 2532/4212/2532 2533/4213/2533 
f 2530/4210/2530 2531/4211/2531 2532/4212/2532 
f 2530/4210/2530 2529/4209/2529 2531/4211/2531 
f 2530/4210/2530 2526/4206/2526 2529/4209/2529 
f 2526/4206/2526 2528/4208/2528 2529/4209/2529 
f 2526/4206/2526 2527/4207/2527 2528/4208/2528 
f 2662/4342/2662 2528/4208/2528 2527/4207/2527 
f 2662/4342/2662 2527/4207/2527 2663/4343/2663 
f 2662/4342/2662 2663/4343/2663 2664/4344/2664 
f 2662/4342/2662 2664/4344/2664 2665/4345/2665 
f 2464/4144/2464 2665/4345/2665 2664/4344/2664 
f 2464/4144/2464 2664/4344/2664 2465/4145/2465 
f 2462/4142/2462 2464/4144/2464 2465/4145/2465 
f 2462/4142/2462 2463/4143/2463 2464/4144/2464 
f 2462/4142/2462 2660/4340/2660 2463/4143/2463 
f 2462/4142/2462 2661/4341/2661 2660/4340/2660 
f 2658/4338/2658 2660/4340/2660 2661/4341/2661 
f 2658/4338/2658 2659/4339/2659 2660/4340/2660 
f 2658/4338/2658 2525/4205/2525 2659/4339/2659 
f 2658/4338/2658 2522/4202/2522 2525/4205/2525 
f 2522/4202/2522 2524/4204/2524 2525/4205/2525 
f 2522/4202/2522 2523/4203/2523 2524/4204/2524 
f 2654/4334/2654 2524/4204/2524 2523/4203/2523 
f 2654/4334/2654 2523/4203/2523 2655/4335/2655 
f 2654/4334/2654 2655/4335/2655 2656/4336/2656 
f 2654/4334/2654 2656/4336/2656 2657/4337/2657 
f 2460/4140/2460 2657/4337/2657 2656/4336/2656 
f 2460/4140/2460 2656/4336/2656 2461/4141/2461 
f 2458/4138/2458 2460/4140/2460 2461/4141/2461 
f 2458/4138/2458 2459/4139/2459 2460/4140/2460 
f 2458/4138/2458 2652/4332/2652 2459/4139/2459 
f 2458/4138/2458 2653/4333/2653 2652/4332/2652 
f 2650/4330/2650 2652/4332/2652 2653/4333/2653 
f 2650/4330/2650 2651/4331/2651 2652/4332/2652 
f 2650/4330/2650 2521/4201/2521 2651/4331/2651 
f 2650/4330/2650 2518/4198/2518 2521/4201/2521 
f 2518/4198/2518 2520/4200/2520 2521/4201/2521 
f 2518/4198/2518 2519/4199/2519 2520/4200/2520 
f 2646/4326/2646 2520/4200/2520 2519/4199/2519 
f 2646/4326/2646 2519/4199/2519 2647/4327/2647 
f 2646/4326/2646 2647/4327/2647 2648/4328/2648 
f 2646/4326/2646 2648/4328/2648 2649/4329/2649 
f 2456/4136/2456 2649/4329/2649 2648/4328/2648 
f 2456/4136/2456 2648/4328/2648 2457/4137/2457 
f 2454/4134/2454 2456/4136/2456 2457/4137/2457 
f 2454/4134/2454 2455/4135/2455 2456/4136/2456 
f 2454/4134/2454 2644/4324/2644 2455/4135/2455 
f 2454/4134/2454 2645/4325/2645 2644/4324/2644 
f 2642/4322/2642 2644/4324/2644 2645/4325/2645 
f 2642/4322/2642 2643/4323/2643 2644/4324/2644 
f 2642/4322/2642 2517/4197/2517 2643/4323/2643 
f 2642/4322/2642 2514/4194/2514 2517/4197/2517 
f 2514/4194/2514 2516/4196/2516 2517/4197/2517 
f 2514/4194/2514 2515/4195/2515 2516/4196/2516 
f 2638/4318/2638 2516/4196/2516 2515/4195/2515 
f 2638/4318/2638 2515/4195/2515 2639/4319/2639 
f 2638/4318/2638 2639/4319/2639 2640/4320/2640 
f 2638/4318/2638 2640/4320/2640 2641/4321/2641 
f 2452/4132/2452 2641/4321/2641 2640/4320/2640 
f 2452/4132/2452 2640/4320/2640 2453/4133/2453 
f 2450/4130/2450 2452/4132/2452 2453/4133/2453 
f 2450/4130/2450 2451/4131/2451 2452/4132/2452 
f 2450/4130/2450 2636/4316/2636 2451/4131/2451 
f 2450/4130/2450 2637/4317/2637 2636/4316/2636 
f 2634/4314/2634 2636/4316/2636 2637/4317/2637 
f 2634/4314/2634 2635/4315/2635 2636/4316/2636 
f 2634/4314/2634 2513/4193/2513 2635/4315/2635 
f 2634/4314/2634 2510/4190/2510 2513/4193/2513 
f 2510/4190/2510 2512/4192/2512 2513/4193/2513 
f 2510/4190/2510 2511/4191/2511 2512/4192/2512 
f 2630/4310/2630 2512/4192/2512 2511/4191/2511 
f 2630/4310/2630 2511/4191/2511 2631/4311/2631 
f 2630/4310/2630 2631/4311/2631 2632/4312/2632 
f 2630/4310/2630 2632/4312/2632 2633/4313/2633 
f 2448/4128/2448 2633/4313/2633 2632/4312/2632 
f 2448/4128/2448 2632/4312/2632 2449/4129/2449 
f 2446/4126/2446 2448/4128/2448 2449/4129/2449 
f 2446/4126/2446 2447/4127/2447 2448/4128/2448 
f 2446/4126/2446 2628/4308/2628 2447/4127/2447 
f 2446/4126/2446 2629/4309/2629 2628/4308/2628 
f 2626/4306/2626 2628/4308/2628 2629/4309/2629 
f 2626/4306/2626 2627/4307/2627 2628/4308/2628 
f 2626/4306/2626 2509/4189/2509 2627/4307/2627 
f 2626/4306/2626 2506/4186/2506 2509/4189/2509 
f 2506/4186/2506 2508/4188/2508 2509/4189/2509 
f 2506/4186/2506 2507/4187/2507 2508/4188/2508 
f 2622/4302/2622 2508/4188/2508 2507/4187/2507 
f 2622/4302/2622 2507/4187/2507 2623/4303/2623 
f 2622/4302/2622 2623/4303/2623 2624/4304/2624 
f 2622/4302/2622 2624/4304/2624 2625/4305/2625 
f 2444/4124/2444 2625/4305/2625 2624/4304/2624 
f 2444/4124/2444 2624/4304/2624 2445/4125/2445 
f 2442/4122/2442 2444/4124/2444 2445/4125/2445 
f 2442/4122/2442 2443/4123/2443 2444/4124/2444 
f 2442/4122/2442 2620/4300/2620 2443/4123/2443 
f 2442/4122/2442 2621/4301/2621 2620/4300/2620 
f 2618/4298/2618 2620/4300/2620 2621/4301/2621 
f 2618/4298/2618 2619/4299/2619 2620/4300/2620 
f 2618/4298/2618 2505/4185/2505 2619/4299/2619 
f 2618/4298/2618 2502/4182/2502 2505/4185/2505 
f 2502/4182/2502 2504/4184/2504 2505/4185/2505 
f 2502/4182/2502 2503/4183/2503 2504/4184/2504 
f 2614/4294/2614 2504/4184/2504 2503/4183/2503 
f 2614/4294/2614 2503/4183/2503 2615/4295/2615 
f 2614/4294/2614 2615/4295/2615 2616/4296/2616 
f 2614/4294/2614 2616/4296/2616 2617/4297/2617 
f 2440/4120/2440 2617/4297/2617 2616/4296/2616 
f 2440/4120/2440 2616/4296/2616 2441/4121/2441 
f 2438/4118/2438 2440/4120/2440 2441/4121/2441 
f 2438/4118/2438 2439/4119/2439 2440/4120/2440 
f 2438/4118/2438 2612/4292/2612 2439/4119/2439 
f 2438/4118/2438 2613/4293/2613 2612/4292/2612 
f 2610/4290/2610 2612/4292/2612 2613/4293/2613 
f 2610/4290/2610 2611/4291/2611 2612/4292/2612 
f 2610/4290/2610 2501/4181/2501 2611/4291/2611 
f 2610/4290/2610 2498/4178/2498 2501/4181/2501 
f 2498/4178/2498 2500/4180/2500 2501/4181/2501 
f 2498/4178/2498 2499/4179/2499 2500/4180/2500 
f 2606/4286/2606 2500/4180/2500 2499/4179/2499 
f 2606/4286/2606 2499/4179/2499 2607/4287/2607 
f 2606/4286/2606 2607/4287/2607 2608/4288/2608 
f 2606/4286/2606 2608/4288/2608 2609/4289/2609 
f 2436/4116/2436 2609/4289/2609 2608/4288/2608 
f 2436/4116/2436 2608/4288/2608 2437/4117/2437 
f 2434/4114/2434 2436/4116/2436 2437/4117/2437 
f 2434/4114/2434 2435/4115/2435 2436/4116/2436 
f 2434/4114/2434 2604/4284/2604 2435/4115/2435 
f 2434/4114/2434 2605/4285/2605 2604/4284/2604 
f 2602/4282/2602 2604/4284/2604 2605/4285/2605 
f 2602/4282/2602 2603/4283/2603 2604/4284/2604 
f 2602/4282/2602 2667/4347/2667 2603/4283/2603 
f 2602/4282/2602 2666/4346/2666 2667/4347/2667 
f 2398/4078/2398 2536/4216/2536 2399/4079/2399 
f 2398/4078/2398 2537/4217/2537 2536/4216/2536 
f 2534/4214/2534 2536/4216/2536 2537/4217/2537 
f 2534/4214/2534 2535/4215/2535 2536/4216/2536 
f 2534/4214/2534 2497/4177/2497 2535/4215/2535 
f 2534/4214/2534 2494/4174/2494 2497/4177/2497 
f 2494/4174/2494 2496/4176/2496 2497/4177/2497 
f 2494/4174/2494 2495/4175/2495 2496/4176/2496 
f 2594/4274/2594 2496/4176/2496 2495/4175/2495 
f 2594/4274/2594 2495/4175/2495 2595/4275/2595 
f 2594/4274/2594 2595/4275/2595 2596/4276/2596 
f 2594/4274/2594 2596/4276/2596 2597/4277/2597 
f 2432/4112/2432 2597/4277/2597 2596/4276/2596 
f 2432/4112/2432 2596/4276/2596 2433/4113/2433 
f 2430/4110/2430 2432/4112/2432 2433/4113/2433 
f 2430/4110/2430 2431/4111/2431 2432/4112/2432 
f 2430/4110/2430 2600/4280/2600 2431/4111/2431 
f 2430/4110/2430 2601/4281/2601 2600/4280/2600 
f 2598/4278/2598 2600/4280/2600 2601/4281/2601 
f 2598/4278/2598 2599/4279/2599 2600/4280/2600 
f 2598/4278/2598 2493/4173/2493 2599/4279/2599 
f 2598/4278/2598 2490/4170/2490 2493/4173/2493 
f 2490/4170/2490 2492/4172/2492 2493/4173/2493 
f 2490/4170/2490 2491/4171/2491 2492/4172/2492 
f 2586/4266/2586 2492/4172/2492 2491/4171/2491 
f 2586/4266/2586 2491/4171/2491 2587/4267/2587 
f 2586/4266/2586 2587/4267/2587 2588/4268/2588 
f 2586/4266/2586 2588/4268/2588 2589/4269/2589 
f 2428/4108/2428 2589/4269/2589 2588/4268/2588 
f 2428/4108/2428 2588/4268/2588 2429/4109/2429 
f 2426/4106/2426 2428/4108/2428 2429/4109/2429 
f 2426/4106/2426 2427/4107/2427 2428/4108/2428 
f 2426/4106/2426 2592/4272/2592 2427/4107/2427 
f 2426/4106/2426 2593/4273/2593 2592/4272/2592 
f 2590/4270/2590 2592/4272/2592 2593/4273/2593 
f 2590/4270/2590 2591/4271/2591 2592/4272/2592 
f 2590/4270/2590 2489/4169/2489 2591/4271/2591 
f 2590/4270/2590 2486/4166/2486 2489/4169/2489 
f 2486/4166/2486 2488/4168/2488 2489/4169/2489 
f 2486/4166/2486 2487/4167/2487 2488/4168/2488 
f 2578/4258/2578 2488/4168/2488 2487/4167/2487 
f 2578/4258/2578 2487/4167/2487 2579/4259/2579 
f 2578/4258/2578 2579/4259/2579 2580/4260/2580 
f 2578/4258/2578 2580/4260/2580 2581/4261/2581 
f 2424/4104/2424 2581/4261/2581 2580/4260/2580 
f 2424/4104/2424 2580/4260/2580 2425/4105/2425 
f 2422/4102/2422 2424/4104/2424 2425/4105/2425 
f 2422/4102/2422 2423/4103/2423 2424/4104/2424 
f 2422/4102/2422 2584/4264/2584 2423/4103/2423 
f 2422/4102/2422 2585/4265/2585 2584/4264/2584 
f 2582/4262/2582 2584/4264/2584 2585/4265/2585 
f 2582/4262/2582 2583/4263/2583 2584/4264/2584 
f 2582/4262/2582 2485/4165/2485 2583/4263/2583 
f 2582/4262/2582 2482/4162/2482 2485/4165/2485 
f 2482/4162/2482 2484/4164/2484 2485/4165/2485 
f 2482/4162/2482 2483/4163/2483 2484/4164/2484 
f 2570/4250/2570 2484/4164/2484 2483/4163/2483 
f 2570/4250/2570 2483/4163/2483 2571/4251/2571 
f 2570/4250/2570 2571/4251/2571 2572/4252/2572 
f 2570/4250/2570 2572/4252/2572 2573/4253/2573 
f 2420/4100/2420 2573/4253/2573 2572/4252/2572 
f 2420/4100/2420 2572/4252/2572 2421/4101/2421 
f 2418/4098/2418 2420/4100/2420 2421/4101/2421 
f 2418/4098/2418 2419/4099/2419 2420/4100/2420 
f 2418/4098/2418 2576/4256/2576 2419/4099/2419 
f 2418/4098/2418 2577/4257/2577 2576/4256/2576 
f 2574/4254/2574 2576/4256/2576 2577/4257/2577 
f 2574/4254/2574 2575/4255/2575 2576/4256/2576 
f 2574/4254/2574 2481/4161/2481 2575/4255/2575 
f 2574/4254/2574 2478/4158/2478 2481/4161/2481 
f 2478/4158/2478 2480/4160/2480 2481/4161/2481 
f 2478/4158/2478 2479/4159/2479 2480/4160/2480 
f 2562/4242/2562 2480/4160/2480 2479/4159/2479 
f 2562/4242/2562 2479/4159/2479 2563/4243/2563 
f 2562/4242/2562 2563/4243/2563 2564/4244/2564 
f 2562/4242/2562 2564/4244/2564 2565/4245/2565 
f 2416/4096/2416 2565/4245/2565 2564/4244/2564 
f 2416/4096/2416 2564/4244/2564 2417/4097/2417 
f 2414/4094/2414 2416/4096/2416 2417/4097/2417 
f 2414/4094/2414 2415/4095/2415 2416/4096/2416 
f 2414/4094/2414 2568/4248/2568 2415/4095/2415 
f 2414/4094/2414 2569/4249/2569 2568/4248/2568 
f 2566/4246/2566 2568/4248/2568 2569/4249/2569 
f 2566/4246/2566 2567/4247/2567 2568/4248/2568 
f 2566/4246/2566 2477/4157/2477 2567/4247/2567 
f 2566/4246/2566 2474/4154/2474 2477/4157/2477 
f 2474/4154/2474 2476/4156/2476 2477/4157/2477 
f 2474/4154/2474 2475/4155/2475 2476/4156/2476 
f 2554/4234/2554 2476/4156/2476 2475/4155/2475 
f 2554/4234/2554 2475/4155/2475 2555/4235/2555 
f 2554/4234/2554 2555/4235/2555 2556/4236/2556 
f 2554/4234/2554 2556/4236/2556 2557/4237/2557 
f 2412/4092/2412 2557/4237/2557 2556/4236/2556 
f 2412/4092/2412 2556/4236/2556 2413/4093/2413 
f 2410/4090/2410 2412/4092/2412 2413/4093/2413 
f 2410/4090/2410 2411/4091/2411 2412/4092/2412 
f 2410/4090/2410 2560/4240/2560 2411/4091/2411 
f 2410/4090/2410 2561/4241/2561 2560/4240/2560 
f 2558/4238/2558 2560/4240/2560 2561/4241/2561 
f 2558/4238/2558 2559/4239/2559 2560/4240/2560 
f 2558/4238/2558 2473/4153/2473 2559/4239/2559 
f 2558/4238/2558 2470/4150/2470 2473/4153/2473 
f 2470/4150/2470 2472/4152/2472 2473/4153/2473 
f 2470/4150/2470 2471/4151/2471 2472/4152/2472 
f 2546/4226/2546 2472/4152/2472 2471/4151/2471 
f 2546/4226/2546 2471/4151/2471 2547/4227/2547 
f 2546/4226/2546 2547/4227/2547 2548/4228/2548 
f 2546/4226/2546 2548/4228/2548 2549/4229/2549 
f 2408/4088/2408 2549/4229/2549 2548/4228/2548 
f 2408/4088/2408 2548/4228/2548 2409/4089/2409 
f 2406/4086/2406 2408/4088/2408 2409/4089/2409 
f 2406/4086/2406 2407/4087/2407 2408/4088/2408 
f 2406/4086/2406 2552/4232/2552 2407/4087/2407 
f 2406/4086/2406 2553/4233/2553 2552/4232/2552 
f 2550/4230/2550 2552/4232/2552 2553/4233/2553 
f 2550/4230/2550 2551/4231/2551 2552/4232/2552 
f 2550/4230/2550 2469/4149/2469 2551/4231/2551 
f 2550/4230/2550 2466/4146/2466 2469/4149/2469 
f 2466/4146/2466 2468/4148/2468 2469/4149/2469 
f 2466/4146/2466 2467/4147/2467 2468/4148/2468 
f 2538/4218/2538 2468/4148/2468 2467/4147/2467 
f 2538/4218/2538 2467/4147/2467 2539/4219/2539 
f 2538/4218/2538 2539/4219/2539 2540/4220/2540 
f 2538/4218/2538 2540/4220/2540 2541/4221/2541 
f 2404/4084/2404 2541/4221/2541 2540/4220/2540 
f 2404/4084/2404 2540/4220/2540 2405/4085/2405 
f 2402/4082/2402 2404/4084/2404 2405/4085/2405 
f 2402/4082/2402 2403/4083/2403 2404/4084/2404 
f 2402/4082/2402 2544/4224/2544 2403/4083/2403 
f 2402/4082/2402 2545/4225/2545 2544/4224/2544 
f 2542/4222/2542 2544/4224/2544 2545/4225/2545 
f 2542/4222/2542 2543/4223/2543 2544/4224/2544 
f 2542/4222/2542 2669/4349/2669 2543/4223/2543 
f 2542/4222/2542 2668/4348/2668 2669/4349/2669 
# mm_gid 44
g mmGroup44
usemtl 12281_container
f 2670/4350/2670 2671/4351/2671 2672/4352/2672 
f 2670/4350/2670 2672/4352/2672 2673/4353/2673 
f 2672/4352/2672 2716/4396/2716 2673/4353/2673 
f 2672/4352/2672 2717/4397/2717 2716/4396/2716 
f 2714/4394/2714 2716/4396/2716 2717/4397/2717 
f 2714/4394/2714 2715/4395/2715 2716/4396/2716 
f 2714/4394/2714 2713/4393/2713 2715/4395/2715 
f 2714/4394/2714 2710/4390/2710 2713/4393/2713 
f 2710/4390/2710 2712/4392/2712 2713/4393/2713 
f 2710/4390/2710 2711/4391/2711 2712/4392/2712 
f 2758/4438/2758 2712/4392/2712 2711/4391/2711 
f 2758/4438/2758 2711/4391/2711 2759/4439/2759 
f 2758/4438/2758 2759/4439/2759 2760/4440/2760 
f 2758/4438/2758 2760/4440/2760 2761/4441/2761 
f 2692/4372/2692 2761/4441/2761 2760/4440/2760 
f 2692/4372/2692 2760/4440/2760 2693/4373/2693 
f 2690/4370/2690 2692/4372/2692 2693/4373/2693 
f 2690/4370/2690 2691/4371/2691 2692/4372/2692 
f 2690/4370/2690 2756/4436/2756 2691/4371/2691 
f 2690/4370/2690 2757/4437/2757 2756/4436/2756 
f 2754/4434/2754 2756/4436/2756 2757/4437/2757 
f 2754/4434/2754 2755/4435/2755 2756/4436/2756 
f 2754/4434/2754 2709/4389/2709 2755/4435/2755 
f 2754/4434/2754 2706/4386/2706 2709/4389/2709 
f 2706/4386/2706 2708/4388/2708 2709/4389/2709 
f 2706/4386/2706 2707/4387/2707 2708/4388/2708 
f 2746/4426/2746 2708/4388/2708 2707/4387/2707 
f 2746/4426/2746 2707/4387/2707 2747/4427/2747 
f 2746/4426/2746 2747/4427/2747 2748/4428/2748 
f 2746/4426/2746 2748/4428/2748 2749/4429/2749 
f 2688/4368/2688 2749/4429/2749 2748/4428/2748 
f 2688/4368/2688 2748/4428/2748 2689/4369/2689 
f 2686/4366/2686 2688/4368/2688 2689/4369/2689 
f 2686/4366/2686 2687/4367/2687 2688/4368/2688 
f 2686/4366/2686 2752/4432/2752 2687/4367/2687 
f 2686/4366/2686 2753/4433/2753 2752/4432/2752 
f 2750/4430/2750 2752/4432/2752 2753/4433/2753 
f 2750/4430/2750 2751/4431/2751 2752/4432/2752 
f 2750/4430/2750 2765/4445/2765 2751/4431/2751 
f 2750/4430/2750 2764/4444/2764 2765/4445/2765 
f 2670/4350/2670 2720/4400/2720 2671/4351/2671 
f 2670/4350/2670 2721/4401/2721 2720/4400/2720 
f 2718/4398/2718 2720/4400/2720 2721/4401/2721 
f 2718/4398/2718 2719/4399/2719 2720/4400/2720 
f 2718/4398/2718 2705/4385/2705 2719/4399/2719 
f 2718/4398/2718 2702/4382/2702 2705/4385/2705 
f 2702/4382/2702 2704/4384/2704 2705/4385/2705 
f 2702/4382/2702 2703/4383/2703 2704/4384/2704 
f 2738/4418/2738 2704/4384/2704 2703/4383/2703 
f 2738/4418/2738 2703/4383/2703 2739/4419/2739 
f 2738/4418/2738 2739/4419/2739 2740/4420/2740 
f 2738/4418/2738 2740/4420/2740 2741/4421/2741 
f 2684/4364/2684 2741/4421/2741 2740/4420/2740 
f 2684/4364/2684 2740/4420/2740 2685/4365/2685 
f 2682/4362/2682 2684/4364/2684 2685/4365/2685 
f 2682/4362/2682 2683/4363/2683 2684/4364/2684 
f 2682/4362/2682 2744/4424/2744 2683/4363/2683 
f 2682/4362/2682 2745/4425/2745 2744/4424/2744 
f 2742/4422/2742 2744/4424/2744 2745/4425/2745 
f 2742/4422/2742 2743/4423/2743 2744/4424/2744 
f 2742/4422/2742 2701/4381/2701 2743/4423/2743 
f 2742/4422/2742 2698/4378/2698 2701/4381/2701 
f 2698/4378/2698 2700/4380/2700 2701/4381/2701 
f 2698/4378/2698 2699/4379/2699 2700/4380/2700 
f 2730/4410/2730 2700/4380/2700 2699/4379/2699 
f 2730/4410/2730 2699/4379/2699 2731/4411/2731 
f 2730/4410/2730 2731/4411/2731 2732/4412/2732 
f 2730/4410/2730 2732/4412/2732 2733/4413/2733 
f 2680/4360/2680 2733/4413/2733 2732/4412/2732 
f 2680/4360/2680 2732/4412/2732 2681/4361/2681 
f 2678/4358/2678 2680/4360/2680 2681/4361/2681 
f 2678/4358/2678 2679/4359/2679 2680/4360/2680 
f 2678/4358/2678 2736/4416/2736 2679/4359/2679 
f 2678/4358/2678 2737/4417/2737 2736/4416/2736 
f 2734/4414/2734 2736/4416/2736 2737/4417/2737 
f 2734/4414/2734 2735/4415/2735 2736/4416/2736 
f 2734/4414/2734 2697/4377/2697 2735/4415/2735 
f 2734/4414/2734 2694/4374/2694 2697/4377/2697 
f 2694/4374/2694 2696/4376/2696 2697/4377/2697 
f 2694/4374/2694 2695/4375/2695 2696/4376/2696 
f 2722/4402/2722 2696/4376/2696 2695/4375/2695 
f 2722/4402/2722 2695/4375/2695 2723/4403/2723 
f 2722/4402/2722 2723/4403/2723 2724/4404/2724 
f 2722/4402/2722 2724/4404/2724 2725/4405/2725 
f 2676/4356/2676 2725/4405/2725 2724/4404/2724 
f 2676/4356/2676 2724/4404/2724 2677/4357/2677 
f 2674/4354/2674 2676/4356/2676 2677/4357/2677 
f 2674/4354/2674 2675/4355/2675 2676/4356/2676 
f 2674/4354/2674 2728/4408/2728 2675/4355/2675 
f 2674/4354/2674 2729/4409/2729 2728/4408/2728 
f 2726/4406/2726 2728/4408/2728 2729/4409/2729 
f 2726/4406/2726 2727/4407/2727 2728/4408/2728 
f 2726/4406/2726 2763/4443/2763 2727/4407/2727 
f 2726/4406/2726 2762/4442/2762 2763/4443/2763 
# mm_gid 46
g mmGroup46
usemtl 12281_container
f 2766/4446/2766 2767/4447/2767 2768/4448/2768 
f 2766/4446/2766 2768/4448/2768 2769/4449/2769 
f 2800/4482/2800 2766/4483/2766 2769/4484/2769 
f 2800/4482/2800 2769/4484/2769 2801/4485/2801 
f 2889/4662/2889 2801/4485/2801 2769/4484/2769 
f 2886/4638/2886 2889/4641/2889 2769/4449/2769 
f 2886/4638/2886 2769/4449/2769 2768/4448/2768 
f 2908/4666/2908 2886/4669/2886 2768/4587/2768 
f 2908/4666/2908 2768/4587/2768 2850/4586/2850 
f 2938/4785/2938 2908/4666/2908 2850/4586/2850 
f 2938/4785/2938 2850/4586/2850 2871/4787/2871 
f 2939/4715/2939 2938/4714/2938 2871/4808/2871 
f 2939/4715/2939 2871/4808/2871 2870/4809/2870 
f 2925/4701/2925 2939/4771/2939 2870/4768/2870 
f 2925/4701/2925 2870/4768/2870 2817/4533/2817 
f 2893/4698/2893 2925/4701/2925 2817/4533/2817 
f 2893/4698/2893 2817/4533/2817 2816/4532/2816 
f 2890/4642/2890 2893/4645/2893 2816/4563/2816 
f 2890/4642/2890 2816/4563/2816 2836/4562/2836 
f 2914/4678/2914 2890/4681/2890 2836/4599/2836 
f 2914/4678/2914 2836/4599/2836 2856/4598/2856 
f 2856/4598/2856 2836/4599/2836 2837/4600/2837 
f 2856/4598/2856 2837/4600/2837 2857/4601/2857 
f 2895/4684/2895 2857/4601/2857 2837/4600/2837 
f 2896/4648/2896 2895/4647/2895 2837/4565/2837 
f 2896/4648/2896 2837/4565/2837 2815/4564/2815 
f 2922/4694/2922 2896/4697/2896 2815/4531/2815 
f 2922/4694/2922 2815/4531/2815 2814/4530/2814 
f 2950/4767/2950 2922/4694/2922 2814/4530/2814 
f 2950/4767/2950 2814/4530/2814 2873/4769/2873 
f 2951/4733/2951 2950/4732/2950 2873/4810/2873 
f 2951/4733/2951 2873/4810/2873 2872/4811/2872 
f 2911/4671/2911 2951/4789/2951 2872/4786/2872 
f 2911/4671/2911 2872/4786/2872 2851/4589/2851 
f 2885/4672/2885 2911/4671/2911 2851/4589/2851 
f 2885/4672/2885 2851/4589/2851 2767/4588/2767 
f 2882/4634/2882 2885/4637/2885 2767/4447/2767 
f 2882/4634/2882 2767/4447/2767 2766/4446/2766 
f 2904/4658/2904 2882/4661/2882 2766/4483/2766 
f 2904/4658/2904 2766/4483/2766 2800/4482/2800 
f 2904/4658/2904 2883/4660/2883 2882/4661/2882 
f 2882/4634/2882 2883/4635/2883 2884/4636/2884 
f 2882/4634/2882 2884/4636/2884 2885/4637/2885 
f 2910/4670/2910 2885/4672/2885 2884/4673/2884 
f 2910/4670/2910 2884/4673/2884 2805/4499/2805 
f 2910/4670/2910 2805/4499/2805 2804/4498/2804 
f 2946/4791/2946 2910/4670/2910 2804/4498/2804 
f 2946/4791/2946 2804/4498/2804 2819/4793/2819 
f 2947/4727/2947 2946/4726/2946 2819/4798/2819 
f 2947/4727/2947 2819/4798/2819 2818/4799/2818 
f 2923/4695/2923 2947/4765/2947 2818/4762/2818 
f 2923/4695/2923 2818/4762/2818 2863/4613/2863 
f 2897/4696/2897 2923/4695/2923 2863/4613/2863 
f 2897/4696/2897 2863/4613/2863 2771/4612/2771 
f 2894/4646/2894 2897/4649/2897 2771/4451/2771 
f 2894/4646/2894 2771/4451/2771 2770/4450/2770 
f 2916/4682/2916 2894/4685/2894 2770/4515/2770 
f 2916/4682/2916 2770/4515/2770 2810/4514/2810 
f 2810/4514/2810 2770/4515/2770 2773/4516/2773 
f 2810/4514/2810 2773/4516/2773 2811/4517/2811 
f 2901/4686/2901 2811/4517/2811 2773/4516/2773 
f 2898/4650/2898 2901/4653/2901 2773/4453/2773 
f 2898/4650/2898 2773/4453/2773 2772/4452/2772 
f 2920/4690/2920 2898/4693/2898 2772/4611/2772 
f 2920/4690/2920 2772/4611/2772 2862/4610/2862 
f 2954/4761/2954 2920/4690/2920 2862/4610/2862 
f 2954/4761/2954 2862/4610/2862 2821/4763/2821 
f 2955/4739/2955 2954/4738/2954 2821/4800/2821 
f 2955/4739/2955 2821/4800/2821 2820/4801/2820 
f 2913/4677/2913 2955/4795/2955 2820/4792/2820 
f 2913/4677/2913 2820/4792/2820 2807/4501/2807 
f 2881/4674/2881 2913/4677/2913 2807/4501/2807 
f 2881/4674/2881 2807/4501/2807 2806/4500/2806 
f 2878/4630/2878 2881/4633/2881 2806/4551/2806 
f 2878/4630/2878 2806/4551/2806 2826/4550/2826 
f 2902/4654/2902 2878/4657/2878 2826/4575/2826 
f 2902/4654/2902 2826/4575/2826 2844/4574/2844 
f 2844/4574/2844 2826/4575/2826 2827/4576/2827 
f 2844/4574/2844 2827/4576/2827 2845/4577/2845 
f 2883/4660/2883 2845/4577/2845 2827/4576/2827 
f 2884/4636/2884 2883/4635/2883 2827/4553/2827 
f 2884/4636/2884 2827/4553/2827 2805/4552/2805 
f 2826/4550/2826 2805/4552/2805 2827/4553/2827 
f 2826/4550/2826 2806/4551/2806 2805/4552/2805 
f 2804/4498/2804 2805/4499/2805 2806/4500/2806 
f 2804/4498/2804 2806/4500/2806 2807/4501/2807 
f 2807/4501/2807 2819/4793/2819 2804/4498/2804 
f 2807/4501/2807 2820/4792/2820 2819/4793/2819 
f 2818/4542/2818 2819/4543/2819 2820/4544/2820 
f 2818/4542/2818 2820/4544/2820 2821/4545/2821 
f 2863/4613/2863 2818/4762/2818 2821/4763/2821 
f 2863/4613/2863 2821/4763/2821 2862/4610/2862 
f 2862/4610/2862 2771/4612/2771 2863/4613/2863 
f 2862/4610/2862 2772/4611/2772 2771/4612/2771 
f 2770/4450/2770 2771/4451/2771 2772/4452/2772 
f 2770/4450/2770 2772/4452/2772 2773/4453/2773 
f 2883/4660/2883 2905/4659/2905 2845/4577/2845 
f 2904/4658/2904 2905/4659/2905 2883/4660/2883 
f 2902/4654/2902 2879/4656/2879 2878/4657/2878 
f 2878/4630/2878 2879/4631/2879 2880/4632/2880 
f 2878/4630/2878 2880/4632/2880 2881/4633/2881 
f 2881/4674/2881 2880/4675/2880 2912/4676/2912 
f 2881/4674/2881 2912/4676/2912 2913/4677/2913 
f 2913/4677/2913 2912/4676/2912 2956/4742/2956 
f 2913/4677/2913 2956/4742/2956 2957/4743/2957 
f 2913/4677/2913 2957/4743/2957 2934/4794/2934 
f 2913/4677/2913 2934/4794/2934 2955/4795/2955 
f 2954/4738/2954 2955/4739/2955 2934/4740/2934 
f 2954/4738/2954 2934/4740/2934 2937/4741/2937 
f 2960/4748/2960 2954/4761/2954 2937/4760/2937 
f 2961/4749/2961 2960/4748/2960 2937/4760/2937 
f 2961/4749/2961 2937/4760/2937 2936/4758/2936 
f 2921/4691/2921 2961/4749/2961 2936/4758/2936 
f 2921/4691/2921 2936/4758/2936 2959/4759/2959 
f 2921/4691/2921 2959/4759/2959 2876/4756/2876 
f 2921/4691/2921 2876/4756/2876 2861/4609/2861 
f 2899/4692/2899 2921/4691/2921 2861/4609/2861 
f 2899/4692/2899 2861/4609/2861 2841/4608/2841 
f 2900/4652/2900 2899/4651/2899 2841/4569/2841 
f 2900/4652/2900 2841/4569/2841 2840/4568/2840 
f 2918/4688/2918 2900/4687/2900 2840/4605/2840 
f 2918/4688/2918 2840/4605/2840 2859/4604/2859 
f 2839/4602/2839 2859/4604/2859 2840/4605/2840 
f 2838/4566/2838 2839/4567/2839 2840/4568/2840 
f 2838/4566/2838 2840/4568/2840 2841/4569/2841 
f 2860/4606/2860 2838/4607/2838 2841/4608/2841 
f 2860/4606/2860 2841/4608/2841 2861/4609/2861 
f 2861/4609/2861 2875/4757/2875 2860/4606/2860 
f 2962/4807/2962 2860/4606/2860 2875/4757/2875 
f 2963/4802/2963 2962/4803/2962 2875/4627/2875 
f 2963/4802/2963 2875/4627/2875 2874/4626/2874 
f 2777/4495/2777 2963/4806/2963 2874/4750/2874 
f 2777/4495/2777 2874/4750/2874 2852/4591/2852 
f 2823/4590/2823 2777/4495/2777 2852/4591/2852 
f 2823/4590/2823 2852/4591/2852 2853/4592/2853 
f 2823/4590/2823 2853/4592/2853 2824/4593/2824 
f 2822/4546/2822 2823/4547/2823 2824/4548/2824 
f 2822/4546/2822 2824/4548/2824 2825/4549/2825 
f 2842/4570/2842 2822/4571/2822 2825/4572/2825 
f 2842/4570/2842 2825/4572/2825 2843/4573/2843 
f 2879/4656/2879 2843/4573/2843 2825/4572/2825 
f 2880/4632/2880 2879/4631/2879 2825/4549/2825 
f 2880/4632/2880 2825/4549/2825 2824/4548/2824 
f 2912/4676/2912 2880/4675/2880 2824/4593/2824 
f 2912/4676/2912 2824/4593/2824 2853/4592/2853 
f 2877/4751/2877 2912/4676/2912 2853/4592/2853 
f 2852/4591/2852 2877/4751/2877 2853/4592/2853 
f 2852/4591/2852 2874/4750/2874 2877/4751/2877 
f 2874/4626/2874 2876/4628/2876 2877/4629/2877 
f 2959/4745/2959 2877/4804/2877 2876/4805/2876 
f 2959/4745/2959 2958/4744/2958 2877/4804/2877 
f 2877/4751/2877 2958/4797/2958 2912/4676/2912 
f 2956/4742/2956 2912/4676/2912 2958/4797/2958 
f 2956/4742/2956 2958/4797/2958 2935/4796/2935 
f 2957/4743/2957 2956/4742/2956 2935/4796/2935 
f 2957/4743/2957 2935/4796/2935 2934/4794/2934 
f 2934/4710/2934 2935/4711/2935 2936/4712/2936 
f 2934/4710/2934 2936/4712/2936 2937/4713/2937 
f 2958/4744/2958 2936/4746/2936 2935/4747/2935 
f 2958/4744/2958 2959/4745/2959 2936/4746/2936 
f 2874/4626/2874 2875/4627/2875 2876/4628/2876 
f 2861/4609/2861 2876/4756/2876 2875/4757/2875 
f 2879/4656/2879 2903/4655/2903 2843/4573/2843 
f 2902/4654/2902 2903/4655/2903 2879/4656/2879 
f 2802/4486/2802 2822/4571/2822 2842/4570/2842 
f 2802/4486/2802 2785/4489/2785 2822/4571/2822 
f 2785/4465/2785 2823/4547/2823 2822/4546/2822 
f 2785/4465/2785 2784/4464/2784 2823/4547/2823 
f 2823/4590/2823 2784/4496/2784 2777/4495/2777 
f 2774/4494/2774 2777/4495/2777 2784/4496/2784 
f 2774/4494/2774 2784/4496/2784 2783/4497/2783 
f 2803/4490/2803 2774/4491/2774 2783/4492/2783 
f 2803/4490/2803 2783/4492/2783 2782/4493/2782 
f 2802/4486/2802 2803/4487/2803 2782/4488/2782 
f 2802/4486/2802 2782/4488/2782 2785/4489/2785 
f 2782/4462/2782 2784/4464/2784 2785/4465/2785 
f 2782/4462/2782 2783/4463/2783 2784/4464/2784 
f 2774/4454/2774 2776/4456/2776 2777/4457/2777 
f 2777/4752/2777 2776/4753/2776 2962/4754/2962 
f 2777/4752/2777 2962/4754/2962 2963/4755/2963 
f 2962/4807/2962 2776/4534/2776 2860/4606/2860 
f 2776/4534/2776 2838/4607/2838 2860/4606/2860 
f 2776/4534/2776 2797/4537/2797 2838/4607/2838 
f 2797/4477/2797 2839/4567/2839 2838/4566/2838 
f 2797/4477/2797 2796/4476/2796 2839/4567/2839 
f 2796/4512/2796 2858/4603/2858 2839/4602/2839 
f 2839/4602/2839 2858/4603/2858 2859/4604/2859 
f 2796/4512/2796 2809/4511/2809 2858/4603/2858 
f 2808/4510/2808 2809/4511/2809 2796/4512/2796 
f 2808/4510/2808 2796/4512/2796 2795/4513/2795 
f 2775/4538/2775 2808/4539/2808 2795/4540/2795 
f 2775/4538/2775 2795/4540/2795 2794/4541/2794 
f 2776/4534/2776 2775/4535/2775 2794/4536/2794 
f 2776/4534/2776 2794/4536/2794 2797/4537/2797 
f 2794/4474/2794 2796/4476/2796 2797/4477/2797 
f 2794/4474/2794 2795/4475/2795 2796/4476/2796 
f 2774/4454/2774 2775/4455/2775 2776/4456/2776 
f 2901/4686/2901 2900/4687/2900 2918/4688/2918 
f 2901/4686/2901 2918/4688/2918 2919/4689/2919 
f 2901/4686/2901 2919/4689/2919 2811/4517/2811 
f 2898/4650/2898 2900/4652/2900 2901/4653/2901 
f 2898/4650/2898 2899/4651/2899 2900/4652/2900 
f 2920/4690/2920 2899/4692/2899 2898/4693/2898 
f 2920/4690/2920 2921/4691/2921 2899/4692/2899 
f 2921/4691/2921 2920/4690/2920 2960/4748/2960 
f 2921/4691/2921 2960/4748/2960 2961/4749/2961 
f 2960/4748/2960 2920/4690/2920 2954/4761/2954 
f 2916/4682/2916 2895/4684/2895 2894/4685/2894 
f 2894/4646/2894 2895/4647/2895 2896/4648/2896 
f 2894/4646/2894 2896/4648/2896 2897/4649/2897 
f 2922/4694/2922 2897/4696/2897 2896/4697/2896 
f 2922/4694/2922 2923/4695/2923 2897/4696/2897 
f 2923/4695/2923 2922/4694/2922 2948/4730/2948 
f 2923/4695/2923 2948/4730/2948 2949/4731/2949 
f 2923/4695/2923 2949/4731/2949 2930/4764/2930 
f 2923/4695/2923 2930/4764/2930 2947/4765/2947 
f 2946/4726/2946 2947/4727/2947 2930/4728/2930 
f 2946/4726/2946 2930/4728/2930 2933/4729/2933 
f 2952/4736/2952 2946/4791/2946 2933/4790/2933 
f 2953/4737/2953 2952/4736/2952 2933/4790/2933 
f 2953/4737/2953 2933/4790/2933 2932/4788/2932 
f 2911/4671/2911 2953/4737/2953 2932/4788/2932 
f 2911/4671/2911 2932/4788/2932 2951/4789/2951 
f 2950/4732/2950 2951/4733/2951 2932/4734/2932 
f 2950/4732/2950 2932/4734/2932 2931/4735/2931 
f 2948/4730/2948 2950/4767/2950 2931/4766/2931 
f 2949/4731/2949 2948/4730/2948 2931/4766/2931 
f 2949/4731/2949 2931/4766/2931 2930/4764/2930 
f 2930/4706/2930 2931/4707/2931 2932/4708/2932 
f 2930/4706/2930 2932/4708/2932 2933/4709/2933 
f 2948/4730/2948 2922/4694/2922 2950/4767/2950 
f 2911/4671/2911 2952/4736/2952 2953/4737/2953 
f 2911/4671/2911 2910/4670/2910 2952/4736/2952 
f 2952/4736/2952 2910/4670/2910 2946/4791/2946 
f 2910/4670/2910 2911/4671/2911 2885/4672/2885 
f 2916/4682/2916 2917/4683/2917 2895/4684/2895 
f 2895/4684/2895 2917/4683/2917 2857/4601/2857 
f 2850/4586/2850 2767/4588/2767 2851/4589/2851 
f 2851/4589/2851 2871/4787/2871 2850/4586/2850 
f 2851/4589/2851 2872/4786/2872 2871/4787/2871 
f 2870/4622/2870 2871/4623/2871 2872/4624/2872 
f 2870/4622/2870 2872/4624/2872 2873/4625/2873 
f 2817/4533/2817 2870/4768/2870 2873/4769/2873 
f 2817/4533/2817 2873/4769/2873 2814/4530/2814 
f 2814/4530/2814 2816/4532/2816 2817/4533/2817 
f 2814/4530/2814 2815/4531/2815 2816/4532/2816 
f 2836/4562/2836 2816/4563/2816 2815/4564/2815 
f 2836/4562/2836 2815/4564/2815 2837/4565/2837 
f 2850/4586/2850 2768/4587/2768 2767/4588/2767 
f 2914/4678/2914 2891/4680/2891 2890/4681/2890 
f 2890/4642/2890 2891/4643/2891 2892/4644/2892 
f 2890/4642/2890 2892/4644/2892 2893/4645/2893 
f 2893/4698/2893 2892/4699/2892 2924/4700/2924 
f 2893/4698/2893 2924/4700/2924 2925/4701/2925 
f 2925/4701/2925 2924/4700/2924 2940/4718/2940 
f 2925/4701/2925 2940/4718/2940 2941/4719/2941 
f 2925/4701/2925 2941/4719/2941 2926/4770/2926 
f 2925/4701/2925 2926/4770/2926 2939/4771/2939 
f 2938/4714/2938 2939/4715/2939 2926/4716/2926 
f 2938/4714/2938 2926/4716/2926 2929/4717/2929 
f 2944/4724/2944 2938/4785/2938 2929/4784/2929 
f 2945/4725/2945 2944/4724/2944 2929/4784/2929 
f 2945/4725/2945 2929/4784/2929 2928/4782/2928 
f 2909/4667/2909 2945/4725/2945 2928/4782/2928 
f 2909/4667/2909 2928/4782/2928 2943/4783/2943 
f 2909/4667/2909 2943/4783/2943 2868/4780/2868 
f 2909/4667/2909 2868/4780/2868 2849/4585/2849 
f 2887/4668/2887 2909/4667/2909 2849/4585/2849 
f 2887/4668/2887 2849/4585/2849 2831/4584/2831 
f 2888/4640/2888 2887/4639/2887 2831/4557/2831 
f 2888/4640/2888 2831/4557/2831 2830/4556/2830 
f 2906/4664/2906 2888/4663/2888 2830/4581/2830 
f 2906/4664/2906 2830/4581/2830 2847/4580/2847 
f 2829/4578/2829 2847/4580/2847 2830/4581/2830 
f 2828/4554/2828 2829/4555/2829 2830/4556/2830 
f 2828/4554/2828 2830/4556/2830 2831/4557/2831 
f 2848/4582/2848 2828/4583/2828 2831/4584/2831 
f 2848/4582/2848 2831/4584/2831 2849/4585/2849 
f 2849/4585/2849 2867/4781/2867 2848/4582/2848 
f 2964/4817/2964 2848/4582/2848 2867/4781/2867 
f 2965/4812/2965 2964/4813/2964 2867/4619/2867 
f 2965/4812/2965 2867/4619/2867 2866/4618/2866 
f 2781/4527/2781 2965/4816/2965 2866/4774/2866 
f 2781/4527/2781 2866/4774/2866 2864/4615/2864 
f 2833/4614/2833 2781/4527/2781 2864/4615/2864 
f 2833/4614/2833 2864/4615/2864 2865/4616/2865 
f 2833/4614/2833 2865/4616/2865 2834/4617/2834 
f 2832/4558/2832 2833/4559/2833 2834/4560/2834 
f 2832/4558/2832 2834/4560/2834 2835/4561/2835 
f 2854/4594/2854 2832/4595/2832 2835/4596/2835 
f 2854/4594/2854 2835/4596/2835 2855/4597/2855 
f 2891/4680/2891 2855/4597/2855 2835/4596/2835 
f 2892/4644/2892 2891/4643/2891 2835/4561/2835 
f 2892/4644/2892 2835/4561/2835 2834/4560/2834 
f 2924/4700/2924 2892/4699/2892 2834/4617/2834 
f 2924/4700/2924 2834/4617/2834 2865/4616/2865 
f 2869/4775/2869 2924/4700/2924 2865/4616/2865 
f 2864/4615/2864 2869/4775/2869 2865/4616/2865 
f 2864/4615/2864 2866/4774/2866 2869/4775/2869 
f 2866/4618/2866 2868/4620/2868 2869/4621/2869 
f 2943/4721/2943 2869/4814/2869 2868/4815/2868 
f 2943/4721/2943 2942/4720/2942 2869/4814/2869 
f 2869/4775/2869 2942/4773/2942 2924/4700/2924 
f 2940/4718/2940 2924/4700/2924 2942/4773/2942 
f 2940/4718/2940 2942/4773/2942 2927/4772/2927 
f 2941/4719/2941 2940/4718/2940 2927/4772/2927 
f 2941/4719/2941 2927/4772/2927 2926/4770/2926 
f 2926/4702/2926 2927/4703/2927 2928/4704/2928 
f 2926/4702/2926 2928/4704/2928 2929/4705/2929 
f 2942/4720/2942 2928/4722/2928 2927/4723/2927 
f 2942/4720/2942 2943/4721/2943 2928/4722/2928 
f 2866/4618/2866 2867/4619/2867 2868/4620/2868 
f 2849/4585/2849 2868/4780/2868 2867/4781/2867 
f 2891/4680/2891 2915/4679/2915 2855/4597/2855 
f 2914/4678/2914 2915/4679/2915 2891/4680/2891 
f 2812/4518/2812 2832/4595/2832 2854/4594/2854 
f 2812/4518/2812 2793/4521/2793 2832/4595/2832 
f 2793/4473/2793 2833/4559/2833 2832/4558/2832 
f 2793/4473/2793 2792/4472/2792 2833/4559/2833 
f 2833/4614/2833 2792/4528/2792 2781/4527/2781 
f 2778/4526/2778 2781/4527/2781 2792/4528/2792 
f 2778/4526/2778 2792/4528/2792 2791/4529/2791 
f 2813/4522/2813 2778/4523/2778 2791/4524/2791 
f 2813/4522/2813 2791/4524/2791 2790/4525/2790 
f 2812/4518/2812 2813/4519/2813 2790/4520/2790 
f 2812/4518/2812 2790/4520/2790 2793/4521/2793 
f 2790/4470/2790 2792/4472/2792 2793/4473/2793 
f 2790/4470/2790 2791/4471/2791 2792/4472/2792 
f 2778/4458/2778 2780/4460/2780 2781/4461/2781 
f 2781/4776/2781 2780/4777/2780 2964/4778/2964 
f 2781/4776/2781 2964/4778/2964 2965/4779/2965 
f 2964/4817/2964 2780/4502/2780 2848/4582/2848 
f 2780/4502/2780 2828/4583/2828 2848/4582/2848 
f 2780/4502/2780 2789/4505/2789 2828/4583/2828 
f 2789/4469/2789 2829/4555/2829 2828/4554/2828 
f 2789/4469/2789 2788/4468/2788 2829/4555/2829 
f 2788/4480/2788 2846/4579/2846 2829/4578/2829 
f 2829/4578/2829 2846/4579/2846 2847/4580/2847 
f 2788/4480/2788 2799/4479/2799 2846/4579/2846 
f 2798/4478/2798 2799/4479/2799 2788/4480/2788 
f 2798/4478/2798 2788/4480/2788 2787/4481/2787 
f 2779/4506/2779 2798/4507/2798 2787/4508/2787 
f 2779/4506/2779 2787/4508/2787 2786/4509/2786 
f 2780/4502/2780 2779/4503/2779 2786/4504/2786 
f 2780/4502/2780 2786/4504/2786 2789/4505/2789 
f 2786/4466/2786 2788/4468/2788 2789/4469/2789 
f 2786/4466/2786 2787/4467/2787 2788/4468/2788 
f 2778/4458/2778 2779/4459/2779 2780/4460/2780 
f 2889/4662/2889 2888/4663/2888 2906/4664/2906 
f 2889/4662/2889 2906/4664/2906 2907/4665/2907 
f 2889/4662/2889 2907/4665/2907 2801/4485/2801 
f 2886/4638/2886 2888/4640/2888 2889/4641/2889 
f 2886/4638/2886 2887/4639/2887 2888/4640/2888 
f 2908/4666/2908 2887/4668/2887 2886/4669/2886 
f 2908/4666/2908 2909/4667/2909 2887/4668/2887 
f 2909/4667/2909 2908/4666/2908 2944/4724/2944 
f 2909/4667/2909 2944/4724/2944 2945/4725/2945 
f 2944/4724/2944 2908/4666/2908 2938/4785/2938 
